anchorage_id,name,country,visits,med_hrs,same_country,near,next_nm,detour,flagged
chn-shanghai,SHANGHAI,CHN,262472,35.47902777777777,0.7194748392209455,0.5332302112225304,96.6382051285495,1.075304664030132,False
mys-tanjungpelepas,TANJUNG PELEPAS,MYS,160306,27.704361111111112,0.21990443277232294,0.08541788828864796,1858.538023731585,1.221023156125271,False
sgp-singapore,SINGAPORE,SGP,120167,23.856666666666666,0.03539241222631837,0.11224379405327586,1271.2238650017882,1.1225197388943877,False
bel-antwerp,ANTWERP,BEL,97691,37.55366666666667,0.351618879937763,0.4899530151191,107.80096366771005,1.0862509826272717,False
chn-ningbo,NINGBO,CHN,96962,35.200833333333335,0.695901487180545,0.38720323425671915,403.66978615395755,1.067528560851848,False
chn-hongkong,HONGKONG,CHN,79597,20.86777777777778,0.3553023355151576,0.11933866854278427,835.1449945623292,1.0216454745399628,False
are-fujairah,FUJAIRAH,ARE,75523,24.626666666666665,0.37470704288759715,0.36743773420017745,356.3338542314403,1.023160599331356,False
jpn-yokosuka,YOKOSUKA,JPN,69950,28.86277777777778,0.527205146533238,0.09389563974267334,429.19196701508434,1.2545530676701477,False
nld-rotterdammaasvlakte,ROTTERDAM MAASVLAKTE,NLD,66007,44.95861111111111,0.11860863241777388,0.2451255169906222,222.83947858319985,1.1121187716430647,False
chn-qingdao,QINGDAO,CHN,65669,23.49888888888889,0.700909104752623,0.3366733161765826,302.04655600719735,1.1142353904540279,False
twn-kaohsiung,KAOHSIUNG,TWN,64083,20.836388888888887,0.2681366353010939,0.09141269915578235,333.9442758167383,1.1815506157899298,False
kor-busan,BUSAN,KOR,53858,18.36916666666667,0.4304281629470088,0.3716625199598945,299.98562711038653,1.0748645558798104,False
egy-portsaid,PORT SAID,EGY,53022,13.994722222222222,0.30377956320018107,0.25370600882652483,702.1102722743384,1.0290540596696267,False
chn-shenzhen,SHENZHEN,CHN,51385,29.5825,0.6708377931302909,0.34260971100515714,663.8056306091285,1.046245468669009,False
kor-yeosu,,KOR,49063,28.11833333333333,0.3023255813953488,0.18547581680696248,400.13261964975015,1.0571438569701042,False
jpn-yokkaichi,YOKKAICHI,JPN,46212,16.494305555555556,0.6443564442136241,0.271596122219337,149.81880794111453,1.0085886685809125,False
pan-manzanillo,MANZANILLO,PAN,45201,6.321944444444444,0.06353841729165284,0.058228800247782125,1331.8315544567606,1.0084774359826236,False
usa-houston,HOUSTON,USA,44142,49.89138888888888,0.5668297766299669,0.38083911014453353,364.7463952172658,1.1878461844448291,False
egy-suezport,SUEZ PORT,EGY,41885,14.66388888888889,0.17786797182762326,0.0971946997731885,977.6967448490676,1.0344690937027998,False
esp-algeciras,ALGECIRAS,ESP,41582,15.917083333333334,0.14977634553412533,0.12495791448222789,1441.9586865885303,1.057465245839234,False
are-jebelali,JEBEL ALI,ARE,41235,27.56888888888889,0.5456287134715654,0.5581181035528071,84.64600088020708,1.0738739043014354,False
jpn-kobe,,JPN,39928,21.949166666666667,0.5275495892606692,0.23046483670607093,252.91245294641794,1.0173393223377674,False
usa-houston,,USA,39642,35.61400694444444,0.933252610867262,0.9060844558801271,33.61559459181643,1.0261073022023752,False
tur-istanbul,ISTANBUL,TUR,39481,15.331111111111111,0.404549023580963,0.31387249563080977,342.7270380789752,1.0579119818407878,False
mys-portklang,,MYS,38681,22.695555555555558,0.5096041984436803,0.3839094128900494,170.3113231974561,1.0258157056484174,False
chn-dalian,DALIAN,CHN,37718,32.84,0.669017445251604,0.2584177315870407,191.01861852925074,1.1753245371223517,False
pan-balboa,BALBOA,PAN,37099,7.92,0.07199654977223106,0.07008275155664573,1550.7314770507069,1.0064602427280913,False
chn-xiamen,XIAMEN,CHN,34684,20.57583333333333,0.5546938069426826,0.11780648137469726,326.88125225398073,1.0357975045553518,False
kor-busannewport,,KOR,33052,20.127361111111114,0.18936826818346847,0.1629855984509258,429.2923717908263,1.0536381476592742,False
bra-santos,SANTOS,BRA,32912,55.17166666666667,0.6008142926592125,0.24176592124453086,404.7866514502648,1.0170144525567735,False
pan-panamacanalanchorage,PANAMA CANAL ANCHORAGE,PAN,31928,32.38416666666667,0.9980581307942872,0.9981834126785267,34.906813481349516,1.0092256206737946,True
chn-yangshan,YANGSHAN,CHN,31908,24.61277777777778,0.7705591074338723,0.5676006017299736,59.77596811854559,1.0896128499616158,False
kor-incheon,,KOR,31068,19.226666666666667,0.5022209347238316,0.2926483841895198,186.89278563820977,1.1784972475637203,False
pan-gatunlakeanchorage,GATUN LAKE ANCHORAGE,PAN,30723,33.87583333333333,0.9980470657162387,0.9980145168115093,24.972321519174983,1.000831755085955,True
idn-jakarta,,IDN,29820,43.09319444444445,0.6831656606304494,0.06559356136820925,466.74208444996066,1.6191316254174586,False
chn-lianyungang,LIANYUNGANG,CHN,28781,38.52027777777778,0.7322539175150272,0.46162398804767035,246.00528570686893,1.059338376689012,False
tha-laemchabang,LAEM CHABANG,THA,28494,31.107777777777777,0.07612128869235628,0.06959359865234786,733.0519671782737,1.2349657236406129,False
mlt-marsaxlokk,MARSAXLOKK,MLT,28026,22.005277777777778,0.21579961464354527,0.23810033540284023,572.5836450717086,1.0523669091421608,False
ind-mumbai,MUMBAI,IND,27501,29.907777777777778,0.653430784335115,0.22540998509145121,286.6755453619412,1.0628606674227699,False
grc-piraeus,PIRAEUS,GRC,26987,30.06111111111111,0.14295772038388854,0.09411939081780116,498.018636777709,1.0926935188230558,False
idn-nipahanchorage,NIPAH ANCHORAGE,IDN,26913,52.01979444444445,0.2297402742169212,0.29268383309181434,696.7718452532655,1.0974030967998054,True
chn-chn-77,CHN-77,CHN,26813,49.256388888888885,0.6210420318502219,0.039271994927833516,497.0376082500182,1.7720370885453052,False
idn-surabaya,,IDN,26379,33.42527777777778,0.7454793585806891,0.1348800181962925,418.96161299635145,1.042244299660447,False
mys-portklang,PORT KLANG,MYS,25581,22.499166666666667,0.21343966224932567,0.06391462413510027,609.241170760178,1.062486084450056,False
tur-darica,DARICA,TUR,25350,40.089305555555555,0.6603944773175543,0.5362919132149901,98.8543109026179,1.2169501429998046,False
deu-deu-611,DEU-611,DEU,25257,39.24527777777778,0.3504375024745615,0.35134814110939544,237.8304371958997,1.291135104686971,False
rus-kavkaz,,RUS,25061,34.191944444444445,0.5784286341327162,0.3117194046526475,142.8676390652499,1.0447945560947494,False
nld-rotterdam,ROTTERDAM,NLD,24203,26.27555555555556,0.9367433789199686,0.9476511176300458,21.87967667297046,1.02701301273725,False
esp-laspalmas,LAS PALMAS,ESP,24142,15.3525,0.29446607571866457,0.17794714605252257,1292.8363959071519,1.0578509946137284,False
bgd-chittagong,CHITTAGONG,BGD,23829,101.00472222222224,0.33698434680431405,0.2571656385077007,847.8012849022249,1.1047412978084727,False
chn-zhuhai,ZHUHAI,CHN,23052,38.132777777777775,0.8762363352420615,0.739285094568801,29.55881168524187,1.0413510203506706,False
chn-guangzhou,GUANGZHOU,CHN,22404,16.772169444444444,0.4050169612569184,0.27472772719157296,416.52377036586336,1.0237372828394715,False
zaf-durban,DURBAN,ZAF,22345,55.61416666666667,0.6244797493846498,0.46945625419556947,248.35475071586833,1.005624897188629,False
vnm-vnm-52,VNM-52,VNM,21854,24.58111111111111,0.3868399377688295,0.11810194929989933,416.33447345220645,1.5918067292649953,False
vnm-vnm-16,,VNM,21722,19.178168055555552,0.26249884909308535,0.0680416167940337,599.2591817856993,1.1668778966503215,False
deu-brunsbuttel,BRUNSBUTTEL,DEU,21469,3.168888888888889,0.9982300060552425,0.9986492151474219,43.427597483238785,1.0160675274845024,False
chn-tianjin,TIANJIN,CHN,21454,50.27180138888889,0.6294397315185979,0.12142257854013237,495.7750442891248,1.557998126044886,False
usa-newyork,,USA,21236,31.011679166666667,0.7230175174232435,0.2465153512902618,242.9754059799089,1.0192772790674893,False
kor-onsan,ONSAN,KOR,21200,31.38666666666667,0.4914622641509434,0.38433962264150945,187.57003609893496,1.07087851766982,False
chn-qinzhou,QINZHOU,CHN,21107,29.83416666666667,0.7594163073861752,0.4380063486047283,111.56731820838196,1.0328015214319726,False
usa-longbeach,,USA,20931,66.02916666666667,0.5204720271367828,0.1270364531078305,945.3247327529602,1.1140952984154884,False
bra-paranagua,PARANAGUA,BRA,20655,48.25472222222222,0.719680464778504,0.46381021544420237,137.36048764264697,1.0235884861952176,False
chn-caofeidian,CAOFEIDIAN,CHN,20576,73.33250000000001,0.7426127527216174,0.23566290824261274,509.195811664508,1.3747094215177513,False
twn-taichung,TAICHUNG,TWN,20178,15.884861111111112,0.5176925364258103,0.32669243730795916,105.95539390498597,1.0730461857957208,False
kor-pyeongtaek,,KOR,19828,28.748472222222222,0.5564857776881178,0.31031874117409725,165.8884744738096,1.0997658423805319,False
kor-ulsan,ULSAN,KOR,19785,36.34555555555556,0.496487237806419,0.44144553955016425,181.2757089088533,1.0109110512992467,False
deu-bremerhaven,,DEU,19583,24.49040555555556,0.32834601440024513,0.33503548996578664,206.11619452853728,1.1688954190362046,False
chn-rizhao,RIZHAO,CHN,18879,62.19099444444444,0.6381693945653901,0.27866942104984377,347.9240275358811,1.06897955426034,False
aus-porthedland,PORT HEDLAND,AUS,18786,36.84944444444445,0.036835941658681995,0.01490471627807942,3336.829396761609,1.0092852838053463,False
phl-manila,,PHL,18527,51.04138888888889,0.3907270470124683,0.17461002860689803,592.095665830908,1.1327348890342444,False
ind-mundra,,IND,18518,34.25486111111111,0.37169240738740683,0.12058537639053893,737.0273588679062,1.0432361801302652,False
gib-gibraltar,GIBRALTAR,GIB,18492,13.672916666666666,0.046019900497512436,0.16655851178888167,981.0224451575021,1.0382361100128925,False
esp-barcelona,BARCELONA,ESP,18226,23.915,0.41967518929002523,0.04334467244595633,345.0288472479695,1.0761078176397052,False
chn-yantai,YANTAI,CHN,18087,30.346141666666668,0.6300657931110742,0.3741361198650965,163.3829270318788,1.0330129529212657,False
twn-keelung,KEELUNG,TWN,17899,14.15277777777778,0.6315995307000392,0.4499134029834069,176.59856202204466,1.0571515037700703,False
arg-buenosaires,BUENOS AIRES,ARG,17668,16.818333333333335,0.5201494226850804,0.362293411817976,235.2941381080157,1.0290594046997157,False
chn-bayuquan,BAYUQUAN,CHN,17567,50.58083333333333,0.7978026982410201,0.3360847042750612,348.09908500061084,1.134764827176957,False
chn-jingtang,JINGTANG,CHN,17365,68.40333333333334,0.7617045781744889,0.2924848833861215,491.15631059495644,1.1293441035335747,False
idn-surabaya,SURABAYA,IDN,17297,22.394166666666667,0.972769844481702,0.8992310805341966,10.145146747444521,1.0084375188977013,False
qat-raslaffan,,QAT,17286,30.177083333333332,0.4129353233830846,0.423406224690501,269.6754788411164,1.0100480977688364,False
chn-huanghua,HUANGHUA,CHN,17201,58.15166666666666,0.9887215859543049,0.43416080460438344,191.59801864836618,1.0543588261584342,False
gbr-immingham,,GBR,17164,29.3875,0.46207177814029365,0.40095548823118154,167.80108058128704,1.091927353876342,False
tur-ambarli,AMBARLI,TUR,16382,21.896527777777777,0.6074349896227567,0.495177633988524,105.16645351875371,1.0957223237842248,False
lka-colombo,COLOMBO,LKA,16238,26.234583333333333,0.06102968345855401,0.05450178593422835,1309.1784383766906,1.1087809238127249,False
esp-valencia,,ESP,16093,28.47361111111111,0.339340085751569,0.05343938358292425,413.66363158635215,1.045760894903881,False
tgo-lome,LOME,TGO,16003,65.69277777777778,0.13128788352183965,0.2736361932137724,319.6366897937966,1.0437437726842593,False
tur-aliaga,ALIAGA,TUR,15995,40.74444444444445,0.4729603000937793,0.13597999374804626,389.60882706217774,1.1227677098415638,False
mar-tangermed,TANGER MED,MAR,15965,20.59055555555556,0.14419041653617287,0.3442530535546508,410.53199013865685,1.042745750198928,False
deu-kiel,,DEU,15922,2.4218055555555553,0.9994347443788468,0.9994347443788468,47.07630503166784,1.003765577530164,False
col-cartagena,CARTAGENA,COL,15899,19.598055555555558,0.17554563180074217,0.14812252342914647,458.58083444393526,1.0922776987771932,False
chn-yantian,YANTIAN,CHN,15882,22.167361111111113,0.45598791084246315,0.21867522981992193,636.8138956406227,1.0281215627226479,False
egy-alexandria,ALEXANDRIA,EGY,15790,59.78950833333333,0.1934768841038632,0.06516782773907537,479.4600416295374,1.4658232773012871,False
bra-itaqui,ITAQUI,BRA,15729,54.318333333333335,0.5949519994913853,0.3657575179604552,700.5312107264162,1.0064244076288629,False
dnk-skagen,SKAGEN,DNK,15604,11.084027777777777,0.047936426557293,0.07805690848500385,563.8887354528375,1.0451702685853754,False
deu-strande,STRANDE,DEU,15429,1.9991666666666668,0.05910946918141163,0.12126515004212846,378.1256828139078,1.0048133272606685,False
per-callao,CALLAO,PER,15260,35.752916666666664,0.30838794233289646,0.09377457404980341,697.487534510792,1.0094995388310142,False
sau-rastanura,RAS TANURA,SAU,15260,39.51958333333333,0.3821100917431193,0.3733289646133683,356.0689032109125,1.0483536013055894,False
twn-taipei,TAIPEI,TWN,15007,12.806944444444444,0.40207902978609983,0.26754181382021724,171.1983256982851,1.0171443457974059,False
nld-ijmuiden,IJMUIDEN,NLD,14885,63.784444444444446,0.21195834732952637,0.2792072556264696,386.7438486096194,1.065513753978273,False
tha-bangkok,,THA,14691,29.612222222222226,0.7768021237492342,0.7629160710639167,28.60272828806743,2.547010463815655,False
aus-dampier,,AUS,14689,41.44,0.477023623119341,0.4403294982640071,1504.5258041712889,1.0062838130457314,False
ind-kandla,,IND,14599,46.75222222222222,0.42119323241317896,0.22049455442153573,759.9575848999696,1.038792760409632,False
rus-nakhodka,NAKHODKA,RUS,14200,64.06402777777778,0.2607042253521127,0.20112676056338027,541.1735495726881,1.7815721335251187,False
usa-bolivar,,USA,14181,31.1952,0.7557294972145829,0.6577815386785135,25.110175783257432,1.0410641412166768,False
tur-canakkale,CANAKKALE,TUR,14177,15.273333333333332,0.5756507018410101,0.06722155604147563,165.83772674449995,1.104939606655005,False
sau-aljubail,,SAU,14118,72.33449166666666,0.28601784955376114,0.29260518487037823,374.0784246431638,1.1556287628182482,False
aus-brisbane,,AUS,14111,32.62833333333333,0.5720360002834668,0.22330097087378642,601.058561291988,1.0386429120759557,False
usa-usa-1157,,USA,14031,121.91654555555556,0.3105979616563324,0.09215308958734231,1307.7100881727667,1.0951997627459253,False
nga-lagos,LAGOS,NGA,13988,99.41486111111112,0.4731913068344295,0.2635830712038891,127.69589213338269,1.0382167580709,False
fra-fos-sur-mer,,FRA,13827,51.05111111111111,0.08555724307514284,0.06472842988356114,441.709938326944,1.207849864526485,False
idn-balikpapan,,IDN,13824,39.83611111111111,0.8496817129629629,0.5093315972222222,49.865963199903995,1.0266282080102407,False
are-khorfakkan,KHOR FAKKAN,ARE,13790,33.09930555555556,0.34213197969543147,0.3273386511965192,354.5779249821337,1.0205549163990693,False
rus-vladivostok,VLADIVOSTOK,RUS,13668,64.98375,0.49370793093356746,0.27370500438981565,501.92226216013387,1.1681708479882555,False
vnm-caimep,,VNM,13665,34.39305555555556,0.28108305890962315,0.18082693011342846,584.4624776626748,1.0344071166649194,False
chn-cheklapkok,CHEKLAPKOK,CHN,13631,27.750555555555557,0.9900227422786296,0.9873083412809038,27.91444586355811,1.0416648865176197,False
deu-otterndorf,OTTERNDORF,DEU,13615,2.6447222222222218,0.24840249724568492,0.25670216672787366,231.11762767373813,1.0050914480203372,False
bra-riogrande,RIO GRANDE,BRA,13506,43.55875,0.6788094180364282,0.35732267140530133,363.47907129381633,1.0207615397829581,False
aus-geelong,,AUS,13497,43.785555555555554,0.7383863080684596,0.1263243683781581,389.24521674082473,1.180874322809845,False
rus-novorossiysk,NOVOROSSIYSK,RUS,13396,40.49652777777778,0.2565691251119737,0.25574798447297703,435.5681312524191,2.1121227246117584,False
are-khalifa,KHALIFA,ARE,13313,19.308888888888887,0.6391497032975287,0.4992864117779614,100.87084370346744,1.0538837279094648,False
egy-damietta,DAMIETTA,EGY,13023,39.80888888888889,0.5137065192351993,0.46678952622283654,104.10906874045847,1.0330514263255801,False
chn-qinhuangdao,QINHUANGDAO,CHN,13009,80.39555555555556,0.9143669767084326,0.21823353063263895,522.1748956175635,2.311777390628145,False
are-ruwais,RUWAIS,ARE,12774,32.172222222222224,0.6976671363707531,0.3272271802098012,143.67904622935353,1.1112330960568788,False
jpn-hakata,,JPN,12759,11.8375,0.5535700289991379,0.29430206129006975,248.85159179967994,1.0768637681992648,False
chn-zhanjiang,ZHANJIANG,CHN,12754,51.99513888888889,0.736710051748471,0.3362082483926611,203.24382254210065,1.0305671714065403,False
omn-sohar,,OMN,12603,47.69111111111111,0.0864079980956915,0.41355232881060067,189.06818053497375,1.0421983731416729,False
bel-zeebrugge,ZEEBRUGGE,BEL,12580,26.837777777777777,0.07933227344992051,0.1971383147853736,236.89779198667125,1.0821524205484723,False
aus-porthedland,,AUS,12553,68.56666666666666,0.9947422926790409,0.9941049948219549,14.015941283713525,1.0000678479687504,False
aus-newcastle,NEWCASTLE,AUS,12529,29.96,0.1587516960651289,0.031925931838135524,4111.337095802524,4.422959591583509,False
ury-montevideo,MONTEVIDEO,URY,12509,18.6825,0.3294428011831481,0.39739387640898555,139.04281861790906,1.0512981867203748,False
fra-lehavre,,FRA,12290,26.863611111111112,0.6096013018714402,0.5853539462978031,45.11030523893597,1.0554590786102147,False
rus-saintpetersburg,SAINT PETERSBURG,RUS,12068,45.28041666666667,0.24635399403380842,0.25190586675505466,587.6887094204247,1.1706988225344541,False
usa-portarthur,PORT ARTHUR,USA,12060,54.60486111111112,0.512106135986733,0.2986733001658375,673.4482768316477,1.0625322724509652,False
jpn-kokura,,JPN,11914,16.950138888888887,0.3291086117173074,0.28554641598119856,262.810966170487,1.0762757239140506,False
usa-hampton,,USA,11730,28.303888888888892,0.5760443307757885,0.04867860187553282,375.14375212988494,1.010254838947461,False
usa-usa-1162,,USA,11707,30.331666666666667,0.6643034082173059,0.206286836935167,472.21979064729817,1.0797193757988333,False
can-vancouver,VANCOUVER,CAN,11502,93.55291666666666,0.2347417840375587,0.26134585289514867,3717.6480543102316,1.0155857771000791,False
usa-usa-1455,,USA,11494,118.4448611111111,0.36314598921176267,0.1314598921176266,1014.3014592874707,1.0828314714022609,False
can-montreal,MONTREAL,CAN,11494,17.9775,0.6224116930572473,0.4164781625195754,306.95698655113773,1.0079296712207508,False
pak-portqasim,,PAK,11260,44.85180555555556,0.40461811722912966,0.4043516873889876,330.194240694715,1.047439799414614,False
mys-pengerang,PENGERANG,MYS,11256,31.975,0.1664001421464108,0.12011371712864251,1206.4996496262756,1.0759506763612672,False
are-dubai,DUBAI,ARE,11087,31.508333333333333,0.7914674844412375,0.7561107603499594,29.400282126959446,1.0852501833741852,False
tur-mersin,MERSIN,TUR,11008,34.06,0.45884811046511625,0.17042151162790697,351.8631845063758,1.314567938611812,False
tha-bangkok,BANGKOK,THA,10858,16.2382375,0.9637133910480752,0.9620556271873273,14.087957825460542,1.0153353465473267,False
ury-recaladaanchorage,RECALADA ANCHORAGE,URY,10790,52.91486111111111,0.281371640407785,0.24318813716404078,250.83747218560984,1.0422341678387648,True
gbr-sainthelens,SAINT HELENS,GBR,10668,28.835277777777776,0.07011623547056618,0.12420322459692539,204.38795723702867,1.0426121195949098,False
gbr-erith,,GBR,10663,23.817777777777778,0.11450811216355622,0.2362374566257151,125.38886280358616,1.2263948333879338,False
chn-zhoushan,ZHOUSHAN,CHN,10637,53.15277777777778,0.5195073799003478,0.3237755006110746,530.4811069246283,1.0404721273295499,False
fra-lehavre,LE HAVRE,FRA,10581,27.579722222222223,0.14601644457045648,0.12163311596257442,265.6426009651151,1.0460735841850635,False
tha-maptaphut,,THA,10552,47.4525,0.36144806671721,0.3531084154662623,694.5952168053564,1.1223720950757825,False
aus-aus-429,,AUS,10535,40.34305555555556,0.31827242524916943,0.03360227812055055,3312.1952088161474,1.0054566090926587,False
usa-sausalito,SAUSALITO,USA,10514,37.60902777777778,0.47137150466045274,0.050408978504850675,1653.6007965496503,1.03805247156537,False
arg-sanlorenzo,SAN LORENZO,ARG,10454,73.40638888888888,0.846087621962885,0.12291945666730437,181.62727434766722,2.0967119825423035,False
tur-iskenderun,,TUR,10405,66.74583333333334,0.4287361845266699,0.19231138875540604,421.76877529878436,1.3585119163341397,False
nld-amsterdam,AMSTERDAM,NLD,10402,34.52458333333334,0.8446452605268218,0.8768506056527591,22.955053599400717,1.030679871100695,False
ind-sikka,,IND,10253,44.84333333333333,0.6243050814395786,0.5868526284989759,11.85718026188465,1.0146904797666905,False
idn-taboneoanchorage,,IDN,10222,132.1590277777778,0.34132263744864016,0.19448248874975543,960.5922949147937,1.6390524486499634,False
mys-penang,PENANG,MYS,10219,29.72861111111111,0.6802035424209806,0.1723260593013015,221.82437043353886,1.52309031423334,False
cmr-douala,DOUALA,CMR,10195,61.83472222222223,0.5574301128003923,0.5706718979892104,27.01355912659148,1.0314597479780565,False
ita-trieste,,ITA,10164,45.662499999999994,0.38902007083825263,0.37357339630066905,561.0446969691468,1.2274793356215632,False
pol-gdynia,GDYNIA,POL,10032,38.00986111111112,0.06309808612440192,0.037779106858054225,300.6104970303623,1.3249526851505338,False
usa-porteverglades,,USA,9998,21.47902777777778,0.4634926985397079,0.08951790358071614,741.675827804246,1.2450028519590166,False
are-sharjah,SHARJAH,ARE,9973,35.724725,0.7441090945552993,0.7252581971322571,42.2027284235627,1.0589364330734798,False
zaf-portelizabeth,PORT ELIZABETH,ZAF,9944,40.774166666666666,0.34724456958970235,0.03690667739340306,3758.8214335787598,1.102451869083757,False
mus-portlouis,PORT LOUIS,MUS,9935,18.99805555555556,0.05374937091092099,0.053447408152994466,2930.0574380184808,1.0522767361700467,False
chn-quanzhou,QUANZHOU,CHN,9882,59.395694444444445,0.6083788706739527,0.17364905889496055,508.3907012203287,1.141567300917284,False
sau-jeddah,,SAU,9766,23.532916666666665,0.11949621134548433,0.1000409584271964,609.2645231176243,1.080059611416313,False
chn-dongjiakou,DONGJIAKOU,CHN,9758,40.665416666666665,0.5425292068046731,0.17411354785816766,375.8468024052616,1.187182758050628,False
nld-rotterdam,,NLD,9757,40.44420833333333,0.6248846981654197,0.6826893512350107,31.63310435860219,1.027588028467909,False
fra-dunkirk,,FRA,9647,30.703055555555554,0.426039183165751,0.5289727376386442,88.31325085109783,1.0457374765530019,False
ltu-klaipeda,KLAIPEDA,LTU,9597,25.01972222222222,0.17932687298113995,0.1928727727414817,330.63527228937465,1.1214153946807384,False
usa-jeffersonbeach,,USA,9594,38.60361111111111,0.6820929747759016,0.09203668959766521,543.2818589382457,1.0278110168367063,False
civ-abidjan,ABIDJAN,CIV,9560,59.83569027777778,0.22845188284518828,0.18964435146443515,712.0194985640512,1.0470002866885462,False
rus-vistino,VISTINO,RUS,9522,50.30215555555556,0.1187775677378702,0.1621508086536442,927.9073231442704,1.4108097730909246,False
twn-taichung,,TWN,9520,15.931111111111111,0.6814075630252101,0.1726890756302521,105.11865292760571,1.0735492137222524,False
mar-casablanca,,MAR,9434,58.10902777777778,0.3067627729489082,0.0897816408734365,294.2459568650913,1.3031965712648064,False
esp-tarragona,TARRAGONA,ESP,9405,43.39083333333333,0.36044657097288674,0.10760233918128655,430.1432504444646,1.1445583566330277,False
jpn-mizushima,,JPN,9320,29.980972222222224,0.5645922746781116,0.26083690987124464,219.24055063575423,1.0184423076735742,False
jam-kingston,KINGSTON,JAM,9245,28.55027777777778,0.07214710654407788,0.07214710654407788,536.7146880058834,1.1296344894091528,False
ind-hazira,,IND,9241,30.7825,0.6710312736716806,0.13818850773725788,189.14483018229515,1.0850759272189219,False
ind-ind-155,,IND,9241,46.865,0.997943945460448,0.9970782382858998,19.183289422820046,1.0174034001814558,False
ind-haldia,HALDIA,IND,9222,49.793194444444445,0.37714161787031014,0.08935155063977446,1450.872274240783,1.1564369370231549,False
gbr-felixstowe,FELIXSTOWE,GBR,9219,31.691666666666663,0.49278663629460895,0.5925805401887406,71.44669392934475,1.0712310702291272,False
jpn-sendai,SENDAI,JPN,9209,7.476111111111111,0.8924964708437398,0.05548919535237268,262.79849378195485,1.076281116135737,False
idn-belawan,BELAWAN,IDN,9196,47.73438055555556,0.5664419312744672,0.20008699434536756,328.31567697773716,1.4914670297245296,False
ita-ravenna,,ITA,9146,51.488423611111116,0.4699322108025366,0.31357970697572707,455.57702844663004,1.1689006205994636,False
aus-kwinana,,AUS,9127,55.20916666666667,0.6395310616851101,0.4209488331324641,911.1027160213433,1.0222141856346785,False
ind-paradip,,IND,8975,58.94222222222222,0.6070194986072424,0.0928133704735376,798.5867282050617,1.1363875801224272,False
kor-daesan,,KOR,8955,28.044444444444444,0.8310441094360692,0.7570072585147962,25.01239158829998,1.0279025737034675,False
aus-gladstone,,AUS,8953,82.61166666666666,0.9546520719311963,0.93689266167765,10.165363036474636,1.0049984698983954,False
ecu-guayaquil,GUAYAQUIL,ECU,8885,31.016111111111112,0.3025323579065841,0.3023072594259989,602.8032320945078,1.030168106106521,False
ita-livorno,,ITA,8859,34.0725,0.5469014561462919,0.31707867705158593,263.12587490387176,1.0887678632292923,False
kor-kor-179,,KOR,8808,49.30444444444444,0.4348319709355132,0.1748410535876476,284.2722767139151,1.1138031690877617,False
jpn-shimizu,SHIMIZU,JPN,8800,9.147777777777776,0.7996590909090909,0.5351136363636364,88.72416524393266,1.007296757074626,False
esp-bilbao,,ESP,8767,40.060833333333335,0.31652788867343445,0.04847724421124672,520.9333156374562,1.2353583826862116,False
gbr-liverpool,LIVERPOOL,GBR,8687,39.33,0.35248071831472316,0.17359272476113732,253.67594781147574,1.0462345296508373,False
chn-fangcheng,FANGCHENG,CHN,8686,110.9413888888889,0.4376007368178678,0.12721620999309233,1149.968287664195,1.1541031273325424,False
jpn-mikawa,MIKAWA,JPN,8680,9.545972222222222,0.7592165898617511,0.5273041474654377,89.18763631371151,1.0673678378386375,False
prt-sines,SINES,PRT,8663,28.959722222222226,0.20524067874870136,0.07618607872561468,919.2474372415932,1.216720677418639,False
mex-manzanillo,,MEX,8660,36.68263888888889,0.4647806004618938,0.029099307159353348,898.2005140372746,1.0279860853041585,False
omn-salalah,SALALAH,OMN,8648,27.17930555555556,0.06833950046253469,0.029139685476410732,1061.6012911950265,1.21756572401905,False
aus-portwalcott,,AUS,8566,62.58333333333333,0.3477702544945132,0.3360961942563624,3035.7667728399883,1.0058462558585857,False
dji-djibouti,DJIBOUTI,DJI,8485,35.59861111111111,0.273305833824396,0.27318797878609313,635.0918062521782,1.043644229135317,False
ita-genoa,,ITA,8463,30.98638888888889,0.3771712158808933,0.20701878766394896,351.53657384322986,1.120732455313528,False
kwt-shuaiba,,KWT,8325,90.01944444444445,0.09933933933933933,0.1589189189189189,445.0927816332567,1.6648675061838962,False
isr-ashdod,,ISR,8283,43.77638888888889,0.2499094530967041,0.25172039116262224,291.75195157055924,1.213681371632535,False
chn-jinzhou,JINZHOU,CHN,8276,42.07625,0.8854519091348477,0.4647172547124215,112.02306724602312,1.090017163574254,False
usa-marcushook,MARCUS HOOK,USA,8159,32.16388888888889,0.5984802059075867,0.2104424561833558,814.347053239309,1.0619655388635647,False
zaf-richardsbay,RICHARDS BAY,ZAF,8150,56.636805555555554,0.17901840490797546,0.12871165644171778,3805.9907740022036,1.0027945757104395,False
ind-jaigarh,,IND,8069,12.586944444444445,0.9043251951914736,0.8359152311314909,95.32953312050648,16.701188779955125,False
ita-ita-372,,ITA,8049,37.74916666666667,0.58019629767673,0.4125978382407752,366.3635906914882,1.1530776299867214,False
swe-goteborg,GOTEBORG,SWE,8023,11.645555555555555,0.06655864389879097,0.1253895051726287,484.82588317020213,1.0849984925299416,False
moz-maputo,MAPUTO,MOZ,8021,61.45388888888889,0.5658895399576113,0.44894651539708263,185.07363829972672,1.0080568435583146,False
rou-agigea,,ROU,7881,81.81944444444444,0.04225352112676056,0.08755234107346783,202.6707789295873,1.4848571930155707,False
tur-dardanelles,DARDANELLES,TUR,7876,14.976388888888891,0.24276282376841035,0.06005586592178771,602.2898562012654,1.0661371619580389,False
mys-kuantancity,,MYS,7865,40.590833333333336,0.3276541640178004,0.025556261919898283,165.44782981897575,1.0653086474512212,False
idn-dumai,DUMAI,IDN,7821,72.50361111111111,0.519243063546861,0.29957805907172996,165.15998890012048,1.1103622586518567,False
vnm-haiphong,,VNM,7810,19.345,0.6325224071702945,0.45172855313700383,116.6966981898463,1.0309165906431292,False
mex-altamira,ALTAMIRA,MEX,7790,29.5975,0.25121951219512195,0.08818998716302953,455.54219203658755,1.1807630506538398,False
egy-suezsouthanchorage,SUEZ SOUTH ANCHORAGE,EGY,7752,25.077361111111113,0.27941176470588236,0.2710268317853457,606.3156298567942,1.0145748200042606,True
pak-karachi,KARACHI,PAK,7720,37.92166666666667,0.1261658031088083,0.12318652849740933,566.3746793988944,1.0372004010938842,False
gha-tema,TEMA,GHA,7717,71.43722222222222,0.08746922379162887,0.2800311001684592,242.362020763279,1.052301765892595,False
ita-gioiatauro,GIOIA TAURO,ITA,7714,32.44513888888889,0.3586984703137153,0.04031630801140783,365.4718674877737,1.16839787285289,False
idn-muaraberauanchorage,MUARA BERAU ANCHORAGE,IDN,7692,160.65527777777777,0.13234529381175247,0.04030161206448258,1243.697144910056,2.0515088159460895,True
sen-dakar,DAKAR,SEN,7681,50.89138888888889,0.05871631298008072,0.07850540294232522,1164.5108772043486,1.246291970010733,False
mex-lazarocardenas,,MEX,7665,29.371111111111112,0.33033268101761254,0.0426614481409002,1200.9238420951658,1.0283702043970828,False
can-sainte-catherine,SAINTE-CATHERINE,CAN,7651,1.4527777777777775,0.9977780682263756,0.9975166644883022,5.675792158513164,1.057493924734129,False
esp-huelva,HUELVA,ESP,7618,53.995000000000005,0.4054870044631137,0.19887109477553164,612.9981283736654,1.1691388992766298,False
rus-novorossiysk,,RUS,7592,21.90875,0.47668598524762906,0.4780031612223393,383.0853850118131,1.013149866787805,False
tur-gemlik,GEMLIK,TUR,7541,15.363888888888887,0.62286168943111,0.4723511470627238,139.70205456779428,1.033962150622029,False
tto-pointlisas,,TTO,7528,42.61361111111111,0.14200318809776832,0.183182784272051,825.5457089155659,1.4170480778371015,False
ind-mumbai,,IND,7509,36.176627777777774,0.9436675988813424,0.8884005859635105,19.595613796402443,1.0174958801974474,False
chn-ningde,NINGDE,CHN,7492,71.35069444444444,0.5193539775760811,0.06847303790710091,638.7349924215396,1.0824472776486234,False
bra-saofranciscodosul,SAO FRANCISCO DO SUL,BRA,7471,41.369166666666665,0.8016329808593227,0.5076964261812341,44.01542399152735,1.011289760146434,False
gbr-tees,,GBR,7467,35.49444444444445,0.3060131244140887,0.14691308423731084,242.90486979961557,1.463290798925606,False
isr-haifa,,ISR,7466,35.252361111111114,0.3008304312885079,0.3009643718189124,231.8748141652413,1.150739416418707,False
esp-cueta,CUETA,ESP,7465,8.465555555555556,0.23121232417950435,0.12592096450100468,975.5560382259525,1.1369993805667504,False
chn-changxingdao,CHANGXINGDAO,CHN,7443,34.83638888888889,0.7945720811500739,0.46271664651350264,123.60555424722119,1.0535769086769906,False
egy-suezcanal,SUEZ CANAL,EGY,7435,10.270833333333334,0.15453934095494284,0.1425689307330195,1526.5484988292742,1.0155361863259431,True
irq-ummqasr,,IRQ,7411,52.24555555555556,0.7915261098367292,0.8054243691809473,46.71406832968626,1.0277705000496165,False
prt-leixoes,,PRT,7363,27.239283333333333,0.4619041151704468,0.11177509167458916,202.86133355302871,1.156086991125232,False
bhs-freeport,FREEPORT,BHS,7354,28.67125,0.1479466956758227,0.20084307859668207,848.5449736193775,1.0497596007311203,False
tha-laemchabang,,THA,7339,24.750555555555557,0.10069491756370078,0.0968796838806377,732.4915945041952,1.181458399496615,False
usa-corpuschristi,CORPUS CHRISTI,USA,7293,49.26416666666667,0.515562868504045,0.1851090086384204,710.2225131227509,1.0840787703447354,False
aus-botanybay,BOTANY BAY,AUS,7262,41.78791666666667,0.8011567061415588,0.04089782429082897,410.1525240374628,1.0900144121682585,False
vnm-vnm-25,,VNM,7249,25.17861111111111,0.3862601738170782,0.033521865084839286,576.3176191710061,1.2388460520234224,False
vnm-vungtau,,VNM,7223,22.20722222222222,0.9415755226360238,0.9311920254741797,17.690805450037598,1.0240148595702567,False
zaf-richardsbay,,ZAF,7119,65.96666666666667,0.9771035257760922,0.9724680432645034,8.32522414734671,1.00242031652565,False
gtm-puertobarrios,PUERTO BARRIOS,GTM,7038,22.09305555555556,0.3304916169366297,0.5744529695936346,38.14369225307762,1.0746738360474926,False
bhr-khalifabinsalman,KHALIFA BIN SALMAN,BHR,7021,56.665277777777774,0.07406352371457058,0.34240136732659165,229.48104813327947,1.0496930977335674,False
kor-okpo,OKPO,KOR,6941,20.34638888888889,0.3856792969312779,0.36075493444748596,400.6034584905718,1.0316764759449746,False
chn-zhapu,ZHAPU,CHN,6927,33.30361111111111,0.7763822722679371,0.6196044463692796,58.15112938024504,1.1719350175198429,False
kor-pohang,,KOR,6909,77.06138888888889,0.3657548125633232,0.20683166883774787,426.84673702689474,1.228859843655197,False
mex-veracruz,,MEX,6889,51.50472222222222,0.569168239221948,0.3636231673682683,223.38188630932905,1.0343750022354432,False
sau-jeddah,JEDDAH,SAU,6880,20.499027777777776,0.45872093023255817,0.23037790697674418,526.112546810961,1.0597013147236973,False
irq-ummqasr,UMM QASR,IRQ,6861,58.46611111111111,0.3205072146917359,0.3713744352135257,358.4904376873848,2.5923959144593764,False
dom-riohaina,RIO HAINA,DOM,6856,23.644861111111112,0.19734539089848308,0.1970536756126021,500.0837584821332,1.1459882289372358,False
qat-qat-61,,QAT,6851,12.244166666666668,0.222011385199241,0.32944095752444896,161.95672715229367,1.1187658943898564,False
nzl-tauranga,,NZL,6833,41.87111111111111,0.4187033513829943,0.17883799209717546,1310.8526167435991,1.0286131066964834,False
usa-harborisland,HARBOR ISLAND,USA,6820,34.806195833333334,0.9953079178885631,0.9907624633431085,28.167933094138053,1.0057328131164525,False
qat-mesaieed,,QAT,6784,53.75138888888888,0.29584316037735847,0.33549528301886794,257.02235199766517,1.1636389547310588,False
usa-usa-15,,USA,6784,32.03333333333333,0.9973466981132075,0.9961674528301887,30.372466421282503,1.0090476829596011,False
twn-mailiao,,TWN,6759,61.155277777777776,0.26453617399023527,0.24885338067761503,652.7087140221716,1.0776077965332123,False
col-buenaventura,BUENAVENTURA,COL,6719,26.60472222222222,0.09703824973954457,0.09182914124125614,438.26811378908815,1.0955759210999774,False
nld-nld-497,,NLD,6699,41.10777777777778,0.10359755187341395,0.24749962680997165,222.83947858319985,1.1058446317288904,False
jpn-hiroshima,HIROSHIMA,JPN,6685,16.1925,0.6967838444278235,0.5180254300673148,69.87852732341133,1.030502784494915,False
ind-dharamtar,,IND,6684,13.661277777777777,1.0,0.9973070017953322,86.74605773281505,1.024320674593405,False
usa-mayport,MAYPORT,USA,6632,25.566805555555554,0.6525934861278649,0.049758745476477684,581.5848307193833,1.118800927606118,False
dza-arzew,ARZEW,DZA,6622,33.91611111111111,0.19858048927816369,0.07505285412262157,512.023702165381,1.8574048548924142,False
deu-hamburg,HAMBURG,DEU,6597,25.489166666666662,0.9023798696377141,0.901318781264211,45.05556747737443,1.0643247393705197,False
jpn-kashima,,JPN,6512,60.02736111111111,0.5697174447174447,0.2897727272727273,470.82680771614696,1.0780943996266337,False
ind-nhavasheva,,IND,6494,18.67013888888889,0.9895287958115183,0.9775177086541423,14.566683578902273,1.0228843361437059,False
irl-dublin,DUBLIN,IRL,6491,32.698055555555555,0.18980126328762903,0.17454937605915882,358.9822986810737,19.825920470151626,False
sau-dammam,,SAU,6487,59.21305555555556,0.15831663326653306,0.20548789887467242,238.1171156664669,1.0604548245405598,False
esp-cartagena,CARTAGENA,ESP,6457,47.97833333333333,0.47018739352640543,0.07495741056218058,362.83589597120283,1.1532239305899425,False
bra-suape,SUAPE,BRA,6421,53.38472222222222,0.8152935679800654,0.07210714841924934,752.1625421106797,1.386729648652626,False
idn-makassar,,IDN,6372,31.85722222222222,0.9417765222849969,0.014281230382925298,530.2485301705856,1.553604745099608,False
chn-lanshan,LANSHAN,CHN,6372,69.53055555555557,0.5651286880100439,0.21547394852479598,343.8621814802998,1.0706567059297254,False
usa-portarthur,,USA,6358,28.46625,0.8608052846807172,0.8258886442277446,20.357133869876222,1.0150403148340243,False
prt-oeiras,OEIRAS,PRT,6356,29.763333333333335,0.41032095657646317,0.065764631843927,507.03924524142207,1.1385726531926876,False
ind-kochi,KOCHI,IND,6353,24.837222222222223,0.5225877538170943,0.05430505273099323,844.7493762730625,1.102044075922257,False
ken-mombasa,MOMBASA,KEN,6347,74.2075,0.026154088545769654,0.0348195998109343,1530.4105832730397,1.1211631857631652,False
bra-vitoria,VITORIA,BRA,6331,113.52722222222222,0.6014847575422524,0.061127783920391726,568.1159474746761,1.9049307166005045,False
rus-primorsk,,RUS,6328,30.07875,0.41466498103666244,0.4440581542351454,473.64952857233516,1.0436237625976716,False
chn-huizhou,HUIZHOU,CHN,6316,66.39611111111111,0.7523749208359721,0.353863204559848,533.8161648523413,1.0379067331777523,False
ind-chennai,,IND,6307,47.320277777777775,0.5351197082606628,0.1390518471539559,560.5626556330939,1.235926916278173,False
mar-jorflasfar,,MAR,6283,121.90194444444444,0.24431004297310202,0.21438803119528888,458.04793988489973,1.0618783503667997,False
lva-riga,RIGA,LVA,6266,34.8758625,0.13038621129907438,0.13134375997446537,377.68009825262266,1.2755624687612257,False
chn-yangpu,YANGPU,CHN,6248,47.318472222222226,0.5209667093469911,0.10515364916773368,328.1683502042032,1.115879650778969,False
hnd-puertocortes,,HND,6239,20.897222222222226,0.05577816957845809,0.44334027889084787,451.71295116261444,1.0219281489167453,False
esp-tenerife,TENERIFE,ESP,6226,11.432361111111112,0.6358817860584645,0.4052361066495342,670.6962861219347,1.0838554554385538,False
usa-freeport,FREEPORT,USA,6183,34.69,0.4198609089438784,0.2383956008410157,642.9851227068059,1.0684490497103398,False
moz-beira,BEIRA,MOZ,6179,64.59305555555555,0.6502670335005665,0.4895614177051303,380.83523555147,1.0227584871617401,False
ita-augusta,AUGUSTA,ITA,6129,59.06666666666667,0.5522923804862131,0.17963778756730298,402.90383282699173,1.7577148314110205,False
chn-huanghua,HUANG HUA,CHN,6108,65.15388888888889,0.633267845448592,0.17223313686967912,540.5451468801032,1.2981595349680912,False
idn-semarang,,IDN,6022,23.768472222222222,0.848721355031551,0.06376619063434075,260.24942496689755,1.1075124429571432,False
mex-coatzacoalcos,,MEX,5985,61.80388888888889,0.847953216374269,0.7341687552213868,7.702681056741121,1.0025951600027898,False
idn-palembang,,IDN,5968,50.58,0.6690683646112601,0.5061997319034852,56.32237615189049,1.207425328082717,False
bra-saoluis,SAO LUIS,BRA,5964,77.06833333333333,0.8990610328638498,0.8432260228034876,24.366265489469495,1.0016411476138032,False
cri-moin,MOIN,CRI,5949,21.02583333333333,0.016137165910237016,0.04320053790553034,489.63616006607157,1.1719771811570532,False
ind-vizag,,IND,5918,68.77708333333334,0.5397093612706996,0.1706657654613045,636.1136266959635,1.123828619815992,False
gin-kamsar,,GIN,5881,55.50872777777778,0.6367964631865329,0.6367964631865329,19.51602883036241,2.5243252414753288,False
ukr-odessa,,UKR,5810,95.62527777777778,0.11652323580034424,0.12237521514629948,325.07341421890777,1.5237913377617387,False
gbr-gbr-151,,GBR,5809,36.89388888888889,0.41642279221897055,0.24789120330521605,178.04499310341473,1.1519050849932242,False
phl-batangas,BATANGAS,PHL,5796,24.32847222222222,0.4220151828847481,0.28709454796411316,637.3745355127201,1.0637474571305614,False
bra-botafogo,BOTAFOGO,BRA,5725,29.704722222222223,0.7378165938864629,0.06445414847161572,327.0863385874065,1.038830222767984,False
bra-riodejaneiro,RIO DE JANEIRO,BRA,5717,26.628055555555555,0.7253804442889628,0.303480846597866,227.35098192029594,1.0223696872844115,False
vnm-danang,,VNM,5709,14.36888888888889,0.6064109301103521,0.024522683482221055,342.34969981836406,1.0360317698820831,False
kor-gunsan,,KOR,5691,40.72861111111112,0.5009664382358109,0.17589175891758918,160.98451994365288,1.0892131577100754,False
irq-al-basrahoilterminal,,IRQ,5683,82.8488888888889,0.15854302305120535,0.18036248460320253,851.2974554886018,1.2114900604344845,False
pol-gdansk,,POL,5675,39.33638888888889,0.080352422907489,0.12,335.12868495699445,1.8035905246252513,False
usa-mobile,,USA,5674,46.470416666666665,0.535424744448361,0.08371519210433556,494.93452413709633,1.1054880374267368,False
fra-saintnazaire,SAINT NAZAIRE,FRA,5639,31.800555555555555,0.25873381805284623,0.08831353076786665,413.3746827080797,1.0726788106573688,False
deu-bremerhaven,BREMERHAVEN,DEU,5609,30.56361111111111,0.8087003030843287,0.8083437332857907,48.922221252458186,1.0970273600560405,False
ind-ennore,,IND,5550,49.752222222222215,0.523063063063063,0.09495495495495496,554.7109657868436,1.2001921006195675,False
are-minasaqr,MINA SAQR,ARE,5522,49.44541666666667,0.5539659543643607,0.5476276711336472,78.80047400382024,1.3464989420175957,False
tha-sriracha,SRIRACHA,THA,5517,12.494444444444444,0.8421243429400036,0.8374116367591082,21.907951110171588,1.0204291778058423,False
idn-bahodopi,,IDN,5499,70.24111111111111,0.5151845790143662,0.1994908165120931,931.8943904382859,1.2011067615261188,False
vnm-hongai,,VNM,5494,87.98055555555555,0.3283582089552239,0.17073170731707318,863.3707119065438,1.3769075176064367,False
can-thorold,THOROLD,CAN,5470,3.5,0.9042047531992687,0.8727605118829982,12.432681422435106,1.0111480577117091,False
chl-sanantonio,SAN ANTONIO,CHL,5455,41.81527777777778,0.5191567369385884,0.11934005499541706,814.4058851670214,1.1208167274266727,False
cog-pointenoire,POINTE NOIRE,COG,5424,73.00472222222223,0.12334070796460177,0.3141592920353982,251.35695354410672,1.2922826957543958,False
jpn-oita,,JPN,5405,33.48444444444444,0.6070305272895468,0.17761332099907493,351.0749248230731,1.106152074716542,False
usa-charleston,CHARLESTON,USA,5402,22.016250000000003,0.6216216216216216,0.1890040725657164,472.8762106604028,1.0141927269238038,False
aus-haypoint,,AUS,5385,139.01361111111112,0.48672237697307336,0.4659238625812442,2724.586586682233,1.0035667833854531,False
mys-malacca,,MYS,5332,67.18277777777777,0.59152288072018,0.1369092273068267,144.6214527561862,1.2230462873373285,False
aus-adelaide,,AUS,5321,31.64333333333333,0.7284345047923323,0.20315730125916182,1044.309913282516,1.0287087300353943,False
rus-rus-27,,RUS,5316,71.58513888888889,0.9042513167795335,0.14315274642588413,144.08823047599836,1.435821001397581,False
arg-bahiablanca,BAHIA BLANCA,ARG,5301,46.91027777777778,0.42010941331824186,0.13695529145444255,629.6890934952015,1.044583268229474,False
jpn-jpn-2,JPN-2,JPN,5299,21.086388888888887,0.845442536327609,0.18380826571051143,216.8677601857151,1.07505920067486,False
zaf-capetown,CAPE TOWN,ZAF,5289,61.000277777777775,0.3456229911136321,0.06863301191151447,1788.2941308435675,1.1917159333008494,False
fin-fin-130,FIN-130,FIN,5238,30.402361111111112,0.2850324551355479,0.1905307369224895,264.7864829737781,1.2514476915785584,False
col-barranquilla,,COL,5132,50.625972222222224,0.42517537022603274,0.4027669524551832,377.0691261893029,1.0368805245822994,False
nga-bonny,BONNY,NGA,5115,33.1675,0.5849462365591398,0.4965786901270772,137.19218518424555,1.1579955824849373,False
ind-mangalore,MANGALORE,IND,5100,38.539722222222224,0.5672549019607843,0.05627450980392157,651.5945790248811,1.0356576632503223,False
swe-goteborg,,SWE,5096,15.188333333333334,0.2466640502354788,0.19191522762951335,301.05648307866767,1.1728416550451861,False
idn-panjang,,IDN,5080,62.423472222222216,0.6259842519685039,0.422244094488189,260.1635918238741,1.9172272521952742,False
ind-vizag,VIZAG,IND,5073,78.58444444444444,0.6885472107234378,0.10210920559826532,374.94482537475847,1.1009146715049924,False
vnm-campha,,VNM,5065,146.05,0.3188548864758144,0.2067127344521224,867.512692233423,1.10321404298654,False
ind-krishnapatnam,KRISHNAPATNAM,IND,5051,62.42,0.6078004355573153,0.2846960997822213,518.6555079627726,1.0559505194223582,False
mmr-yangon,,MMR,5040,46.26722222222222,0.11706349206349206,0.11666666666666667,1021.7390274105848,1.8031774687958682,False
ind-tuticorin,,IND,5037,48.897777777777776,0.403017669247568,0.045662100456621,846.350296019906,1.3142182984406143,False
mys-mys-120,,MYS,5032,26.22819444444444,0.4451510333863275,0.07790143084260731,181.62203029619656,1.0424866868954905,False
ita-napoli,NAPOLI,ITA,5029,39.020833333333336,0.5937562139590375,0.05130244581427719,273.981721007627,1.207605332206595,False
mex-coatzacoalcos,COATZACOALCOS,MEX,5008,74.7738375,0.4794329073482428,0.17751597444089456,595.6254815432993,1.0451954260201803,False
dom-caucedo,CAUCEDO,DOM,5006,20.779444444444444,0.15621254494606474,0.15561326408310028,670.2397741482472,1.041772719848461,False
mex-tampico,TAMPICO,MEX,5005,54.85444444444445,0.6007992007992008,0.43216783216783217,306.2255243394722,1.0131081951898908,False
sau-yanbuindustrial,YANBU INDUSTRIAL,SAU,5003,37.90916666666666,0.3749750149910054,0.19788127123725766,459.0483800795599,1.0856135130670261,False
col-santamarta,SANTA MARTA,COL,4998,11.868472222222223,0.4017607042817127,0.3355342136854742,351.8098693551465,1.018401897915151,False
usa-ingleside,INGLESIDE,USA,4989,41.835277777777776,0.3333333333333333,0.23972740028061737,1618.7789798145495,1.0225911852802836,False
idn-suralaya,,IDN,4969,71.205,0.7232843630509157,0.19822901992352587,445.8533016163929,1.4732255387111926,False
esp-castellon,CASTELLON,ESP,4962,40.636111111111106,0.45223700120918986,0.13422007255139057,365.1417708533863,1.1129925048485187,False
usa-tampa,TAMPA,USA,4950,34.83708333333333,0.6783838383838384,0.1808080808080808,577.6483515312127,1.1099440239942457,False
phl-cebu,CEBU,PHL,4943,22.409166666666668,0.7005866882460045,0.05806190572526806,312.4366724622192,1.0545006410508484,False
cyp-limassol,LIMASSOL,CYP,4915,12.613888888888887,0.034181078331637846,0.03438453713123093,209.95293696624378,1.0505468516365473,False
chn-caojing,CAOJING,CHN,4915,44.956944444444446,0.7367243133265514,0.47080366225839265,317.01047496589405,1.122518615889355,False
chn-putian,PUTIAN,CHN,4899,19.18111111111111,0.7891406409471321,0.2867932231067565,342.6916556519581,1.0541055868398184,False
phl-subic,,PHL,4879,18.469444444444445,0.38819430211108835,0.32281205164992827,561.5808147365871,1.0331129018139749,False
gbr-portishead,PORTISHEAD,GBR,4879,26.68722222222222,0.20373027259684362,0.11949169911867186,253.02739171594294,1.2908281821095462,False
usa-usa-1152,USA-1152,USA,4867,50.58722222222222,0.44380521882062873,0.1690980069858229,740.1289223181097,1.098110867005172,False
aus-portkembla,,AUS,4864,42.10625,0.71875,0.13137335526315788,435.0171338837717,1.0529743261029996,False
arg-buenosaires,,ARG,4860,38.79880138888889,0.5502057613168724,0.40555555555555556,107.1754875847438,1.5506401538177164,False
chl-mejillones,,CHL,4857,66.52,0.5229565575458102,0.10850319127033148,635.2175181799311,1.0557672109200005,False
dza-alger,ALGER,DZA,4807,108.06166666666668,0.2929061784897025,0.07239442479717079,358.8694654623041,1.5532340092789254,False
mex-veracruz,VERACRUZ,MEX,4804,52.000416666666666,0.41174021648626147,0.10116569525395504,608.8652906004497,1.151886816371199,False
ind-kolkata,KOLKATA,IND,4786,69.66999999999999,0.3474717927287923,0.18679481821980778,1059.9185236083529,1.1854520919230676,False
rus-rus-436,RUS-436,RUS,4781,11.731388888888889,0.9901694206233006,0.9887052917799624,26.84343629903993,1.0070534018849109,False
aus-weipa,,AUS,4762,28.118333333333332,0.8450230995380092,0.6112977740445191,16.391158359726443,1.0050086067050126,False
lbn-beirut,BEIRUT,LBN,4761,24.251666666666665,0.06364209199747953,0.16278092837639152,215.7609981579641,1.2985700735794132,False
vnm-hochiminh,HO CHI MINH,VNM,4708,31.763472222222223,0.46240441801189464,0.30480033984706884,556.0955039634067,1.0960260602690917,False
bra-itajai,ITAJAI,BRA,4667,23.49111111111111,0.7169487893721878,0.3181915577458753,204.9394461906406,1.0140688319582387,False
tza-daressalaam,DAR ES SALAAM,TZA,4663,138.91472222222222,0.11687754664379155,0.09779112159553935,1457.4998045109064,1.0495689074659371,False
jpn-tomakomai,,JPN,4650,13.14375,0.8197849462365592,0.056559139784946234,262.5406204883855,2.9798161283861835,False
pri-sanjuan,SAN JUAN,PRI,4628,22.603472222222223,0.033923941227312016,0.15168539325842698,967.1573026392231,1.490039789659569,False
nga-escravos,ESCRAVOS,NGA,4624,18.59305555555556,0.898356401384083,0.7305363321799307,25.415370174234376,1.0693136784922692,False
deu-deu-626,DEU-626,DEU,4607,28.20388888888889,0.37725200781419577,0.3818102886911222,197.6573599770188,1.1037113881598564,False
swe-swe-45,,SWE,4605,24.33305555555556,0.11378935939196526,0.13919652551574377,394.0629403512272,1.2915970163663335,False
gbr-gbr-461,GBR-461,GBR,4589,23.41638888888889,0.17127914578339506,0.27130093702331665,126.00542218827415,1.284269464412501,False
bra-viladoconde,,BRA,4583,89.31972222222223,0.34038839188304604,0.07789657429631246,2597.262557870007,1.0746999985924528,False
chl-talcahuano,TALCAHUANO,CHL,4576,63.022777777777776,0.8181818181818182,0.47465034965034963,194.5764099994247,1.0069520883614107,False
ago-luanda,LUANDA,AGO,4554,75.28319444444445,0.2898550724637681,0.06653491436100131,849.4747483886997,1.1004501575365553,False
gtm-puertoquetzal,,GTM,4530,35.67777777777778,0.025827814569536423,0.20949227373068433,730.7699412511025,1.005261538153917,False
kor-daesan,DAESAN,KOR,4487,22.541944444444443,0.9930911522175173,0.9886338310675284,26.659588478883354,1.0098119069077165,False
idn-cigading,CIGADING,IDN,4486,66.41262777777777,0.603878733838609,0.39054837271511367,444.65768663261997,1.8436314058697927,False
dnk-aarhus,AARHUS,DNK,4461,15.689166666666669,0.16072629455279086,0.3745796906523201,159.65134544928543,1.1118179579405623,False
usa-usa-675,,USA,4454,69.22604027777777,0.33453075886843286,0.13134261338123035,3138.4619896362087,1.027529957924129,False
jpn-onahama,ONAHAMA,JPN,4450,62.40763888888888,0.762247191011236,0.6235955056179775,21.044636399692116,2.264694965833531,False
kwt-minaalahmadi,,KWT,4450,36.33916666666666,0.398876404494382,0.42247191011235957,288.2681857223354,1.014224254188591,False
sau-kingabdullah,,SAU,4445,19.517777777777777,0.15703037120359956,0.15095613048368953,560.5752960913292,1.0922789596096227,False
nor-nor-535,,NOR,4426,34.30625,0.12855851784907366,0.02711251694532309,534.353324561205,2.1038710613589,False
nzl-orakei,ORAKEI,NZL,4417,34.47027777777778,0.6019923024677383,0.15553543128820466,416.88818025640177,1.044599231175931,False
qat-doha,,QAT,4416,19.41097222222222,0.9304800724637681,0.9336503623188406,27.550307240467284,1.0655548922467353,False
bra-bra-269,BRA-269,BRA,4410,50.33333333333333,0.7183673469387755,0.20793650793650795,805.6100554946078,1.0199612108076417,False
mys-mys-85,,MYS,4398,32.46160833333333,0.34333788085493405,0.01318781264211005,1022.7554356074156,1.541772841593955,False
tur-izmir,IZMIR,TUR,4389,29.58944444444445,0.48575985418090684,0.09569377990430622,173.03980854944234,1.1481120750387146,False
ita-venice,VENICE,ITA,4365,20.613055555555555,0.9972508591065292,0.9961053837342497,10.006745138771759,1.0096611836938247,False
ind-dhamra,,IND,4357,57.96,0.6593986688088134,0.5616249713105348,94.31182722311915,1.0103770246770316,False
sle-freetown,FREETOWN,SLE,4342,21.48652777777778,0.608475356978351,0.6736526946107785,19.92209267309628,1.8736984480188699,False
arg-bahiablanca,,ARG,4337,20.079444444444444,0.8372146645146414,0.8113903620013835,45.55331052202954,1.0564050013506256,False
jpn-sakaide,,JPN,4332,42.26609583333334,0.6484302862419206,0.2172206832871653,294.1962268967032,1.0152034857187644,False
vnm-nghison,,VNM,4328,34.78472222222223,0.5191774491682071,0.20263401109057302,451.17943533255146,1.579668120069717,False
ita-laspezia,,ITA,4312,34.169444444444444,0.44063079777365494,0.3232838589981447,218.12738258375862,1.1189416225575943,False
phl-davao,DAVAO,PHL,4302,51.84708333333333,0.4481636448163645,0.2629009762900976,626.5987723860152,1.2479335274932981,False
lka-colombo,,LKA,4298,25.39472222222222,0.22429036761284318,0.22335970218706375,460.72673408476373,1.0977859367229894,False
chn-longkou,LONGKOU,CHN,4298,74.26277777777779,0.5616565844578874,0.19892973476035367,434.2399508712481,1.692312482855118,False
deu-bremerhavenanchorage,BREMERHAVEN ANCHORAGE,DEU,4297,19.488333333333333,0.9962764719571794,0.9958110309518269,31.962567264525944,1.1100235360559711,True
gbr-southampton,,GBR,4278,32.97430555555556,0.5876577840112202,0.6054230949041608,7.960584340889606,1.0241954135337108,False
ita-sarroch,,ITA,4264,54.285555555555554,0.22021575984990618,0.04338649155722327,444.17886431200884,1.2744567209587312,False
usa-selby,SELBY,USA,4262,34.48736111111111,0.7254809948381041,0.32965743782261847,330.67901751064244,1.0200398374020694,False
bra-salvador,SALVADOR,BRA,4261,53.09916666666667,0.9793475709927247,0.9187984041304857,16.037177567733018,1.0081251145038606,False
prt-prt-46,,PRT,4250,26.242361111111116,0.2828235294117647,0.07105882352941177,411.017953610394,1.2008751739236248,False
idn-cilacap,CILACAP,IDN,4248,84.65708333333333,0.8561676082862524,0.07886064030131827,385.01551750516177,1.7814375237541493,False
can-portcolborne,PORT COLBORNE,CAN,4234,1.7704166666666667,0.6936702881435994,0.5916391119508739,14.53505883313967,1.0663193744588912,False
jpn-ube,,JPN,4209,11.94138888888889,0.8156331670230459,0.22285578522214303,292.0372007978771,1.3032183286605437,False
brn-muara,MUARA,BRN,4158,31.92263888888889,0.12313612313612314,0.2869167869167869,680.705016409322,1.046137687638388,False
idn-jakarta,JAKARTA,IDN,4151,43.28888888888889,0.736208142616237,0.20597446398458202,466.56370165308755,1.3632666476318747,False
can-shearwater,SHEARWATER,CAN,4150,18.42236111111111,0.1978313253012048,0.01253012048192771,568.5256629930071,1.0186661416515892,False
mex-tuxpan,,MEX,4134,86.66069444444445,0.3991291727140784,0.21190130624092887,489.4813660109678,1.320348789117767,False
bgr-varna,VARNA,BGR,4129,59.91,0.17558730927585373,0.2506660208282877,138.19632856464943,1.1385727485059423,False
usa-pascagoula,,USA,4074,46.25486111111111,0.6332842415316642,0.3946980854197349,350.5217611094908,1.0309387791419717,False
usa-boston,BOSTON,USA,4064,25.247500000000002,0.6771653543307087,0.3781988188976378,173.5862169692359,1.049720826548832,False
can-princerupert,PRINCE RUPERT,CAN,4053,70.82555555555555,0.4317789291882556,0.29583024919812484,1334.9720450524496,1.0045989325240432,False
ind-dahej,,IND,4053,33.716388888888886,0.31162102146558107,0.06439674315321983,1161.2265307058174,5.828531301504766,False
mys-pasirgudang,PASIR GUDANG,MYS,4034,34.92263888888889,0.14030738720872582,0.17922657411998016,827.3634843311811,1.0570957468973425,False
can-portweller,PORT WELLER,CAN,4019,2.683055555555556,0.9865638218462304,0.6892261756655884,8.005056221830838,1.018420385104085,False
bra-aratu,ARATU,BRA,4005,18.33335,0.6986267166042447,0.0898876404494382,790.5217772844965,1.0168772124459877,False
deu-brake,BRAKE,DEU,3985,58.384166666666665,0.20702634880803011,0.21279799247176914,353.63049212885386,1.1711225175462392,False
pak-karachi,,PAK,3979,26.25555555555556,0.8024629303845188,0.8017089721035436,11.05023325424585,1.0091465265075332,False
ind-sikka,SIKKA,IND,3971,38.030277777777776,0.5897758750944346,0.22639133719466129,187.47580323317513,1.017021388230041,False
moz-nacala,NACALA,MOZ,3947,37.72694444444444,0.49100582721053965,0.40258424119584496,549.4662502885657,1.007310753233871,False
mex-altamira,,MEX,3932,27.825833333333335,0.611648016276704,0.5729908443540183,9.803391194384655,1.0137417075837591,False
bgr-burgas,BURGAS,BGR,3894,46.204861111111114,0.19645608628659475,0.3135593220338983,114.74960660368373,1.1762544051447703,False
bra-itaguai,ITAGUAI,BRA,3876,52.93388888888889,0.9602683178534571,0.925954592363261,10.738984322325171,1.0022416063230843,False
idn-tuban,TUBAN,IDN,3864,48.535555555555554,0.7893374741200828,0.11128364389233955,438.0708898148832,1.833737238095898,False
arg-arroyoseco,ARROYO SECO,ARG,3862,73.0,0.8125323666494044,0.12687726566545832,160.26457042678115,1.5272272438222974,False
rus-ustluga,,RUS,3855,27.17388888888889,0.6664072632944228,0.6640726329442282,11.624658039018053,1.0322791309110753,False
irn-bandarimamkhomeini,,IRN,3837,117.99583333333334,0.6356528537920251,0.5165493875423508,76.81818125650537,1.0889947239505418,False
chn-fuzhou,FUZHOU,CHN,3829,17.73638888888889,0.7879341864716636,0.7393575346043353,14.984456694658332,1.0366422877764412,False
nor-langesund,LANGESUND,NOR,3826,33.25152777777778,0.2216414009409305,0.2417668583376895,312.20857978823585,1.306359784071509,False
chl-quintero,QUINTERO,CHL,3800,84.03847222222223,0.7171052631578947,0.19394736842105262,270.80733939574924,1.0324591207107414,False
chn-chn-99,CHN-99,CHN,3784,79.27402777777777,0.5322410147991543,0.1109936575052854,355.05220418898466,1.1002680257017128,False
slv-acajutla,ACAJUTLA,SLV,3783,56.4925,0.028284430346286017,0.27623579169970924,168.0939677257838,1.000384626184569,False
chn-chn-2338,CHN-2338,CHN,3778,25.914861111111108,0.4822657490735839,0.29698253043938594,841.5619042664107,1.0151814034065825,False
rus-azov,,RUS,3761,19.72583333333333,0.9098643977665515,0.6583355490561021,34.604908406810274,1.042899750073944,False
grc-thessaloniki,THESSALONIKI,GRC,3758,57.56111111111111,0.38211814795103777,0.014901543374135177,232.95325713111308,1.6282270185117091,False
bra-santana,SANTANA,BRA,3741,7.1627777777777775,0.9144613739641807,0.322373696872494,326.4374471512926,1.0112773513207232,False
usa-sullivansisland,SULLIVANS ISLAND,USA,3740,22.58138888888889,0.6326203208556149,0.19973262032085562,476.2082162214883,1.0107051226411343,False
est-muuga,MUUGA,EST,3731,19.14583333333333,0.20235861699276333,0.30313588850174217,145.71989604875418,1.0293621143297969,False
can-can-152,CAN-152,CAN,3731,2.193888888888889,0.9986598767086572,0.9983918520503886,15.506168959784628,1.0001155202718197,False
can-saintjohn,SAINT JOHN,CAN,3720,24.869166666666665,0.18225806451612903,0.06720430107526881,275.16072417798256,1.0511658979375818,False
chn-panjin,PANJIN,CHN,3712,43.91555555555556,0.8391702586206896,0.35533405172413796,158.02551382538127,1.4089425760103746,False
ben-cotonou,COTONOU,BEN,3695,49.94138888888889,0.030852503382949932,0.4644113667117727,150.81684958004726,1.0390753858049797,False
esp-gijon,GIJON,ESP,3687,35.83722222222222,0.3976132356929753,0.031190669921345268,451.41138621542495,1.2004990128883015,False
vnm-dungquat,,VNM,3673,72.43055555555556,0.5415191941192485,0.13748979036210182,337.40331711197746,1.4181836166279878,False
jpn-hitachinaka,,JPN,3671,11.768055555555556,0.6134568237537456,0.2925633342413511,210.5126476108766,1.0647053530531436,False
gin-conakry,CONAKRY,GIN,3671,51.54444444444445,0.29855625170253336,0.34786161808771454,510.4625697111406,1.0314053812177517,False
nam-walvisbay,WALVIS BAY,NAM,3669,47.8075,0.12428454619787407,0.09048787135459253,1148.7825772540884,1.1379785798333522,False
tur-samsun,SAMSUN,TUR,3654,73.22041666666667,0.43459222769567596,0.05637657361795293,322.36420364388897,2.7394290297555974,False
can-can-221,CAN-221,CAN,3643,2.171944444444444,0.19709031018391435,0.9305517430688992,38.370694340232134,1.0019663576488138,False
guy-georgetown,GEORGETOWN,GUY,3617,26.913888888888888,0.1163948023223666,0.1163948023223666,307.3142855033465,1.0344174021044183,False
jpn-fukuyama,,JPN,3614,107.94736111111112,0.5783065855008301,0.49723298284449363,109.29246321827536,1.0375830397760106,False
deu-deu-482,DEU-482,DEU,3596,1.1094444444444445,0.9986095661846496,0.9986095661846496,37.18736237702525,1.0022914105114453,False
deu-cuxhaven,CUXHAVEN,DEU,3591,10.904722222222222,0.3361180729601782,0.34753550543024225,222.18111861477465,1.0302013484418324,False
chn-wenzhou,WENZHOU,CHN,3585,23.780277777777776,0.6471408647140865,0.300418410041841,163.4276586832613,1.0305127768348896,False
tur-asyaport,ASYAPORT,TUR,3580,20.554583333333333,0.6477653631284916,0.6636871508379888,85.67635097144672,1.3553876542820393,False
irn-bandarabbas,,IRN,3559,57.40472222222222,0.5448159595391964,0.355998876088789,136.05892008543927,1.0319253225172569,False
usa-miami,,USA,3558,20.740694444444447,0.16104553119730186,0.16779089376053963,741.616733264682,1.1408459411381093,False
idn-tanjunguban,TANJUNG UBAN,IDN,3556,62.86458333333333,0.5261529808773904,0.38863892013498313,174.73707846164945,1.0620491392263438,False
mar-agadir,AGADIR,MAR,3521,50.62694444444445,0.1936949730190287,0.01959670548139733,423.8272931194882,1.3798228672806898,False
khm-sihanoukville,,KHM,3520,34.508472222222224,0.05653409090909091,0.05653409090909091,241.12361073023342,1.2080134109815115,False
aus-haypoint,HAY POINT,AUS,3488,79.64305555555555,0.1499426605504587,0.06278669724770643,3130.2215159493944,2.4881868949280843,False
kwt-kuwaitcity,KUWAIT CITY,KWT,3482,22.524875,0.13067202757036187,0.2182653647329121,445.2327354789196,1.109995154782177,False
mys-kotakinabalu,,MYS,3470,51.10652777777778,0.5755043227665706,0.15504322766570605,754.6190011246109,1.2311721485609717,False
chn-weihai,WEIHAI,CHN,3463,14.362222222222222,0.41004909038406007,0.20993358359803638,203.53642066165474,1.4047017787777336,False
gbr-belfast,BELFAST,GBR,3461,36.144444444444446,0.4206876625252817,0.2577289800635654,219.78201014007135,1.312995423591355,False
chn-majishan,MAJISHAN,CHN,3456,35.62888888888889,0.9259259259259259,0.8871527777777778,31.539131863311912,1.0745992314427382,False
jor-aqabaindustrial,,JOR,3449,45.70027777777778,0.13192229631777327,0.14178022615250796,369.0856569170449,1.0127962910380566,False
usa-usa-1464,,USA,3447,1.65,0.020887728459530026,0.09689585146504207,222.60669966489783,1.0001054589864835,False
chn-nanhui,NANHUI,CHN,3421,20.84083333333333,0.7652733118971061,0.18766442560654778,506.28855384862686,1.0691542997439525,False
est-tallinn,TALLINN,EST,3394,9.67458333333333,0.08190925162050677,0.1614614024749558,132.1377007277099,1.0039767090434715,False
deu-emden,EMDEN,DEU,3389,24.035833333333333,0.12275007376807318,0.14281498967246975,252.22919135881884,1.303562427653296,False
ecu-esmeraldas,ESMERALDAS,ECU,3374,61.69722222222222,0.35328986366330767,0.08654416123295791,466.6030890313181,1.0718478914677017,False
usa-wilmington,WILMINGTON,USA,3361,41.13472222222222,0.4248735495388277,0.14906277893484082,1538.268942371902,1.1753891200454885,False
idn-makassar,MAKASSAR,IDN,3358,29.38013888888889,0.9657534246575342,0.014889815366289458,530.9309120395366,1.1039522101451702,False
sau-yanbuindustrial,,SAU,3335,42.89861111111111,0.6200899550224888,0.2620689655172414,158.64575047242073,1.110063989886417,False
bra-itaguai,,BRA,3331,58.83583333333333,0.33533473431401983,0.14770339237466226,4276.547566193531,1.0042553663686433,False
nor-jelsa,,NOR,3329,19.44527777777778,0.1255632322018624,0.1255632322018624,349.33643966351406,2.2060948495550776,False
esp-santander,SANTANDER,ESP,3326,16.155972222222225,0.41130487071557426,0.30126277811184604,464.24959988243563,1.190798265306473,False
lby-misurata,,LBY,3317,59.254444444444445,0.32559541754597526,0.08803135363280072,433.91216420994874,1.462450506132101,False
tur-kapakli,KAPAKLI,TUR,3314,16.871805555555554,0.7564876282438141,0.5850935425467713,76.93646292116587,1.1103654268428118,False
aus-geraldton,,AUS,3307,65.81444444444445,0.5315996371333535,0.3988509222860599,1007.8191689285453,1.0029184583621495,False
usa-tacoma,TACOMA,USA,3306,36.80611111111111,0.4473684210526316,0.13157894736842105,842.5130328966467,1.0474746077672328,False
ukr-mykolayiv,,UKR,3298,27.30486111111111,0.8080654942389327,0.8135233474833232,47.884140779431846,1.0141032610664598,False
fin-kotka,,FIN,3297,32.805277777777775,0.20018198362147407,0.21777373369730058,441.59000876691675,1.2322301510003155,False
irn-rajaei,RAJAEI,IRN,3285,41.05055555555556,0.6261796042617961,0.5375951293759513,11.171403968480075,1.0381278937804104,False
bgd-monglaanchorage,MONGLA ANCHORAGE,BGD,3280,75.40319444444444,0.23628048780487804,0.1948170731707317,764.1540405569049,1.1317654258711163,True
jpn-sakai,SAKAI,JPN,3273,29.84611111111111,0.6385578979529484,0.3354720439963336,223.68963322060955,1.0185940889215703,False
vir-stcroix,ST CROIX,VIR,3264,34.057361111111106,0.06495098039215687,0.25245098039215685,304.1850575537613,1.2064733167137296,False
usa-venice,VENICE,USA,3263,20.40083333333333,0.8519767085504137,0.7928286852589641,31.35805886576125,1.0113676591344534,False
esp-sagunto,SAGUNTO,ESP,3251,18.122222222222224,0.5124577053214395,0.09781605659796985,405.84313370432403,1.0479354130525245,False
cri-caldera,CALDERA,CRI,3242,35.735,0.012646514497223937,0.012029611351017891,426.4220298914864,1.0417943571457313,False
jpn-tokuyamakudamatsuanchorage,TOKUYAMAKUDAMATSU ANCHORAGE,JPN,3234,48.13513888888889,0.40630797773654914,0.2504638218923933,331.7783853599835,1.0615334714370142,True
esp-nerga,NERGA,ESP,3228,15.80013888888889,0.20817843866171004,0.088909541511772,417.7047311380944,1.1488439703735072,False
nor-drobak,DROBAK,NOR,3228,15.08527777777778,0.5666047087980174,0.509913258983891,94.0375183307176,1.3102580806364077,False
tur-icdas,ICDAS,TUR,3188,27.959722222222222,0.22490589711417816,0.12892095357590966,597.1100353348276,1.0960148101052574,False
ita-milazzo,MILAZZO,ITA,3177,60.58472222222223,0.7239534151715454,0.20239219389361032,355.83411800140027,1.7204621116710057,False
can-cornwall,CORNWALL,CAN,3160,1.60125,0.9990506329113924,0.9993670886075949,39.94324919805672,1.0000013372784893,False
irl-cork,,IRL,3142,29.562916666666666,0.1158497772119669,0.05028644175684278,438.00527241587673,1.5396420286325685,False
mlt-marsaxlokk,,MLT,3141,26.758055555555558,0.22508755173511621,0.2766634829672079,568.44598998867,1.0521802816604555,False
usa-forthancock,,USA,3140,47.24236111111111,0.7834394904458599,0.5824840764331211,14.808304754082354,1.0079328319992114,False
idn-banjarmasin,BANJARMASIN,IDN,3140,18.76236111111111,0.9882165605095541,0.04554140127388535,240.78483363843154,1.2072697267197625,False
deu-deu-245,DEU-245,DEU,3138,1.5027777777777778,0.9996813256851498,0.9996813256851498,35.01291410271366,1.0000441412536765,False
usa-usa-1185,,USA,3131,84.7425,0.13126796550622805,0.025550942190993294,4565.546840293776,1.0139485024666122,False
idn-padang,PADANG,IDN,3118,78.43402777777777,0.5465041693393201,0.04939063502245029,492.225217398902,2.3112389950900836,False
chn-shidao,SHIDAO,CHN,3111,53.6325,0.7171327547412407,0.10575377692060431,228.5461558342504,1.0817496258678245,False
sdn-portsudan,,SDN,3107,63.239444444444445,0.4425490827164467,0.441583521081429,150.06557642009295,1.0078753417642137,False
gbr-liverpool,,GBR,3105,22.76305555555556,0.9256038647342996,0.9107890499194847,15.291699734842615,1.067274483354311,False
idn-idn-39,,IDN,3096,46.32416666666667,0.5200258397932817,0.11208010335917312,772.8751630473704,1.0659832972623624,False
idn-merakmasterminal,MERAK MAS TERMINAL,IDN,3090,57.44916666666667,0.6420711974110033,0.34951456310679613,444.94046722004174,2.1484319932046483,False
usa-freeport,,USA,3067,28.904444444444444,0.9879360939028367,0.9850016302575807,10.143255034933684,1.0118158116699862,False
gtm-puertobarrios,,GTM,3066,22.65166666666667,0.003587736464448793,0.3851924331376386,764.9031445902052,1.080457230992656,False
usa-mobile,MOBILE,USA,3064,31.665972222222223,0.9477806788511749,0.9007832898172323,35.107155068065836,1.015549717259664,False
rus-tuapse,,RUS,3051,80.89055555555555,0.18780727630285152,0.10685021304490332,472.58014765088564,2.7307027621113615,False
usa-brunswick,BRUNSWICK,USA,3026,20.31361111111111,0.6695307336417713,0.1348314606741573,597.4614880260751,1.0463234629301643,False
idn-muarapantai,,IDN,3024,139.66430555555556,0.21329365079365079,0.0291005291005291,986.5210658013253,3.513842039998086,False
mys-portdickson,,MYS,3016,71.84041666666667,0.5371352785145889,0.08852785145888595,152.15685701473913,1.5036518844522098,False
chl-valparaiso,VALPARAISO,CHL,3013,41.28527777777778,0.5310321938267507,0.18752074344507136,664.1234791098889,1.037701078464647,False
fra-donges,,FRA,3012,35.83847222222222,0.9133466135458167,0.901394422310757,13.885438801843014,1.0383759203874052,False
deu-rostock,ROSTOCK,DEU,3011,41.49,0.23945533045499834,0.26336765194287615,211.90041148116103,1.4462233853208941,False
jpn-niigata,NIIGATA,JPN,3011,24.251944444444444,0.6552640318830953,0.11723679840584524,233.56189793132134,1.4040993805615944,False
fra-grand-couronne,GRAND-COURONNE,FRA,2988,55.58263888888889,0.19511378848728247,0.07262382864792503,620.9174422540979,1.0770649694424181,False
jpn-higashiharima,HIGASHIHARIMA,JPN,2981,92.09583333333332,0.4344179805434418,0.3032539416303254,479.98012034393025,1.1107860016048354,False
swe-swe-318,,SWE,2976,29.161944444444444,0.32661290322580644,0.3071236559139785,235.57952960940548,1.10880820050284,False
col-puertonuevo,PUERTO NUEVO,COL,2976,60.96083333333333,0.12130376344086022,0.1196236559139785,1565.2066121401392,1.166508329246626,False
idn-tanjungbara,,IDN,2974,115.37222222222223,0.23537323470073973,0.13685272360457296,1203.4321652128197,2.5933076943395013,False
phl-lapaz,LA PAZ,PHL,2960,34.98347222222222,0.22027027027027027,0.16554054054054054,1143.69958870131,1.1992340116209494,False
per-matarani,MATARANI,PER,2952,54.148472222222225,0.5752032520325203,0.2923441734417344,413.44619011547013,1.0367667583925109,False
grc-agioitheodoroi,,GRC,2941,73.5261111111111,0.29615776946616795,0.2689561373682421,415.1790314789079,1.1306106944186347,False
gbr-grangemouth,GRANGEMOUTH,GBR,2940,38.252916666666664,0.18435374149659864,0.07414965986394557,363.9873997485415,1.1372143831040495,False
nzl-portlyttelton,PORT LYTTELTON,NZL,2923,25.918333333333333,0.8251796099897366,0.08484433800889497,167.78198860714772,1.0592889428074383,False
idn-pelintung,,IDN,2915,59.895833333333336,0.3190394511149228,0.13481989708404804,206.84343323686448,1.0118138042798746,False
are-abudhabi,ABU DHABI,ARE,2908,45.70333333333334,0.6547455295735901,0.5216643741403026,94.38189269603636,1.098855222147793,False
are-dasisland,DAS ISLAND,ARE,2905,33.56,0.39311531841652325,0.25060240963855424,341.3152411749566,1.0490755862104204,False
tha-kosichang,KO SICHANG,THA,2903,32.83888888888889,0.11677574922493972,0.11160868067516362,734.1923960087421,1.1831957076401112,False
tur-yalovatown,YALOVA TOWN,TUR,2898,53.75680555555556,0.7967563837129055,0.7474120082815735,23.989105233918945,1.0830828449546894,False
idn-tanjungpemancingan,,IDN,2894,106.74041666666668,0.3807878369039392,0.0414651002073255,1087.8423890849244,2.465180009320932,False
chl-sanvicente,SAN VICENTE,CHL,2893,40.65166666666666,0.6781887314206706,0.30660214310404427,252.95952571875137,1.0612907326466647,False
pol-swinoujscie,SWINOUJSCIE,POL,2888,41.33236111111111,0.41412742382271467,0.3971606648199446,144.49725654908354,1.0917836916125454,False
usa-neworleans,NEW ORLEANS,USA,2885,28.81083333333333,0.8641247833622183,0.7677642980935875,38.90180000467693,1.0227114180454853,False
zaf-saldanhabay,SALDANHA BAY,ZAF,2879,69.60583333333334,0.1222646752344564,0.04654393886766238,5229.072457569946,2.4844889039738214,False
esp-vigo,VIGO,ESP,2855,15.382222222222222,0.3008756567425569,0.20945709281961472,410.7112947096176,1.1474669127460226,False
rus-vanino,VANINO,RUS,2855,87.61222222222223,0.16917688266199649,0.05989492119089317,1030.9553540241557,3.602569241855354,False
fin-vuosaari,,FIN,2841,17.72138888888889,0.22914466737064415,0.31714185146075324,135.53446407055682,1.1040715577097269,False
tur-iskentermik,,TUR,2833,47.48027777777778,0.24426403106247793,0.07553829862336746,983.8210683950625,2.1387628939970567,False
esp-cadiz,,ESP,2814,16.78611111111111,0.6826581378820185,0.17732764747690122,681.7143683022316,1.0582469991730876,False
can-steveston,STEVESTON,CAN,2811,34.06166666666667,0.30914265385983636,0.36677339025257916,203.3585391281857,1.0193621907720396,False
jpn-kinuura,,JPN,2784,74.04013888888889,0.4985632183908046,0.3160919540229885,395.20045563122835,1.6986206192330162,False
rou-constanta,,ROU,2775,55.96305555555556,0.4565765765765766,0.4810810810810811,152.10141230033094,1.0241515697050005,False
tto-chaguaramas,CHAGUARAMAS,TTO,2759,26.668333333333333,0.16636462486408118,0.20659659296846683,480.2780254503957,1.102876022529404,False
usa-tampa,,USA,2732,20.75888888888889,0.968887262079063,0.7320644216691069,37.783773859235964,1.0196090165418503,False
usa-wilmingtonnc,,USA,2730,21.409166666666668,0.6827838827838828,0.026373626373626374,423.07096725993154,1.038476851571255,False
usa-honolulu,HONOLULU,USA,2714,35.38333333333333,0.6488577745025792,0.2092851879145173,2226.552281053313,2.340911826955637,False
gin-kamsar,KAMSAR,GIN,2709,47.00611111111111,0.6234772978959026,0.6238464377999262,18.513371499835785,1.9095159619432351,False
bra-fortaleza,FORTALEZA,BRA,2699,78.28722222222223,0.8047424972211931,0.14264542423119675,558.8193150701435,1.1243761473702247,False
gab-owendo,,GAB,2685,88.49527777777777,0.11657355679702049,0.12588454376163874,590.1023380921082,1.1181301000986414,False
chn-chn-2351,CHN-2351,CHN,2685,23.86638888888889,0.23873370577281192,0.1564245810055866,122.65128101131003,1.558415858973324,False
deu-deu-303,DEU-303,DEU,2674,2.002083333333333,0.0661929693343306,0.12827225130890052,360.47717547996115,1.005131434197136,False
usa-norfolk,,USA,2670,93.39458333333334,0.9138576779026217,0.8,16.960519101681626,1.0066826651249061,False
ecu-lalibertad,LA LIBERTAD,ECU,2670,54.79638888888889,0.5936329588014981,0.32883895131086144,204.83917201363187,1.142409415446136,False
idn-batam,BATAM,IDN,2666,46.07694444444444,0.4981245311327832,0.2955738934733683,464.50129472616004,1.0900134251702878,False
sau-rabigh,RABIGH,SAU,2659,31.47055555555556,0.5107183151560737,0.4625799172621286,377.68030373412915,1.11729607098215,False
usa-lakecharles,,USA,2658,31.891666666666666,0.9687735139202408,0.9492099322799097,27.54171446096059,1.0218306578093863,False
png-lae,LAE,PNG,2652,51.57,0.7560331825037707,0.033936651583710405,204.401182907032,1.1271653492298976,False
are-hamriyahlpg,HAMRIYAH LPG,ARE,2651,54.05222222222222,0.6605054696341003,0.6216522067144474,65.33851498486752,1.062637900480553,False
idn-plajuanchorage,PLAJU ANCHORAGE,IDN,2650,50.5175,0.8656603773584906,0.39622641509433965,190.63827756088457,1.4693615784393894,True
idn-bontang,,IDN,2645,83.27916666666667,0.3621928166351607,0.1391304347826087,893.1951531937591,2.069555453165863,False
dza-oran,ORAN,DZA,2642,208.46722222222223,0.20741862225586677,0.12831188493565482,235.99648772131073,1.313091808273692,False
ita-salerno,SALERNO,ITA,2642,15.898888888888887,0.336109008327025,0.0700227100681302,443.5827138507192,1.036614325302037,False
geo-poti,POTI,GEO,2636,56.833194444444445,0.08118361153262518,0.08421851289833081,563.0273161992442,3.5913191344088107,False
bra-bra-212,BRA-212,BRA,2624,27.775833333333335,0.9874237804878049,0.4146341463414634,265.440495314756,1.0547175182987414,False
isl-isl-64,,ISL,2623,24.736944444444443,0.6717499046892871,0.48303469309950436,109.54630437390863,1.0271163447087253,False
usa-baltimore,,USA,2622,44.18375,0.9405034324942791,0.8958810068649885,19.11659922138515,1.0080641284581409,False
nld-vlissingen,VLISSINGEN,NLD,2621,42.201388888888886,0.2747043113315528,0.3628386112170927,240.8762841391011,1.1426534063769556,False
kor-donghae,DONGHAE,KOR,2606,58.27916666666667,0.5821181887950883,0.057943207981580966,184.18086879646305,2.6870351822656984,False
jpn-hachinohe,HACHINOHE,JPN,2605,15.10138888888889,0.7213051823416506,0.08253358925143954,411.3054331115934,1.0310870219648673,False
mar-tangermed,,MAR,2600,21.059166666666666,0.2953846153846154,0.195,1012.1596514744076,1.0225423220766583,False
ita-savona,,ITA,2593,26.5,0.24874662553027382,0.07828769764751253,372.86838272072373,1.2885334396216945,False
per-paita,PAITA,PER,2592,17.565555555555555,0.14583333333333334,0.006558641975308642,581.8030160766148,1.4130675582600847,False
usa-usa-1627,USA-1627,USA,2582,43.96291666666667,0.9984508133230054,0.9984508133230054,16.879742283365722,1.0397164939509853,False
fra-lapallice,,FRA,2576,68.00791666666666,0.2294254658385093,0.13781055900621117,384.90431613250985,1.0884767768838497,False
egy-sidikerir,SIDI KERIR,EGY,2576,32.94361111111111,0.06599378881987578,0.039596273291925464,1167.3877864628412,1.970736942858395,False
nic-corinto,,NIC,2572,47.16555555555556,0.029548989113530325,0.13102643856920684,224.66116764338432,1.0103486260168157,False
ind-mangalore,,IND,2567,38.16444444444444,0.8317101675107129,0.7136735488897545,8.632015038839446,1.010054520670081,False
egy-sokhna,SOKHNA,EGY,2562,48.169027777777785,0.28415300546448086,0.2779078844652615,545.2709529009397,1.4007829997044767,False
ita-taranto,TARANTO,ITA,2551,90.45055555555555,0.5484123872990984,0.12896903175225402,358.42857907207605,1.3056978728684792,False
bes-sinteustatius,SINT EUSTATIUS,BES,2549,56.88861111111111,0.0666928207140055,0.1349548842683405,756.3704599282097,1.1525964756213405,False
usa-sabinepass,SABINE PASS,USA,2545,35.88777777777778,0.11866404715127701,0.08330058939096267,4219.814965047709,1.0263852982026171,False
jpn-kiire,KIIRE,JPN,2544,26.803472222222222,0.8439465408805031,0.020440251572327043,304.0751336581877,1.9879743358140356,False
tha-kosichang,,THA,2538,29.20847222222222,0.9653270291568163,0.9649330181245075,31.104290406456585,1.0208471659004954,False
tur-rumelifeneri,RUMELIFENERI,TUR,2537,21.919722222222223,0.086716594402838,0.03981080015766653,343.1899507540171,1.0465253920929332,False
ago-matadi,MATADI,AGO,2535,47.36194444444445,0.07928994082840236,0.19566074950690335,118.93259831865369,1.4199371431289929,False
chn-dongying,DONGYING,CHN,2527,63.1425,0.853185595567867,0.22912544519192718,143.22399335572766,1.3627970249337809,False
idn-bitung,BITUNG,IDN,2526,51.92986111111111,0.7984956452889944,0.013064133016627079,524.764915591388,2.0425796101010283,False
chn-chn-170,CHN-170,CHN,2513,43.00222222222222,0.9450855551134103,0.748507759649821,70.89067386473319,1.2268573052636158,False
dza-skikda,,DZA,2513,45.13361111111111,0.39315559092717867,0.17429367290091524,381.53765461226163,1.434213274964341,False
arg-campana,,ARG,2512,53.31944444444444,0.5425955414012739,0.39012738853503187,321.22904479502665,1.1811488572005069,False
phl-generalsantos,GENERAL SANTOS,PHL,2510,29.582638888888887,0.6697211155378486,0.45657370517928286,189.9798104025011,1.197787414940313,False
gbr-london,,GBR,2506,23.482333055555557,0.7737430167597765,0.8312051077414206,19.57838183969181,1.0111963116039042,False
rus-retinskoe,RETINSKOE,RUS,2479,102.66555555555556,0.36264622831787013,0.04517950786607503,1231.1695225780034,4.687212442865417,False
gtm-puertoquetzal,PUERTO QUETZAL,GTM,2477,26.003888888888888,0.021800565199838515,0.2394025030278563,730.1333531606712,1.0027206021701736,False
aus-capepreston,,AUS,2471,85.66305555555556,0.5742614326183731,0.5730473492513153,6.765812962028164,1.0029126934696266,False
rus-vysotsk,,RUS,2469,36.42473611111111,0.37505062778452813,0.45889023896314296,215.64796236473327,1.0782470158603261,False
bra-tubarao,TUBARAO,BRA,2452,158.45,0.4245513866231648,0.16517128874388254,2912.5036843152116,1.1001686284046044,False
rus-azov,AZOV,RUS,2449,10.1275,0.9448754593711719,0.8329930583911801,17.85400585125227,1.0251711438577138,False
jpn-shibushi,SHIBUSHI,JPN,2439,20.061666666666667,0.7421074210742108,0.23001230012300122,213.72160348888502,1.1565625065914908,False
jor-aqaba,,JOR,2430,18.33013888888889,0.30617283950617286,0.30781893004115224,132.36778906620893,1.0488102995525015,False
idn-weda,,IDN,2430,53.481388888888894,0.5378600823045268,0.10699588477366255,780.9887336715163,1.8427325969720425,False
tur-tuzla,TUZLA,TUR,2428,127.80458333333334,0.7841845140032949,0.7331136738056013,14.806926475899148,1.016581645742029,False
brb-bridgetown,BRIDGETOWN,BRB,2405,14.165555555555557,0.1155925155925156,0.4041580041580042,139.48143534911387,1.278335126591333,False
chn-yantiananchorage,YANTIAN ANCHORAGE,CHN,2405,18.760555555555555,0.9746361746361747,0.9584199584199584,16.185593424510273,1.231839606729091,True
phl-surigaocity,SURIGAO CITY,PHL,2390,3.877361111111111,0.8928870292887029,0.8891213389121339,22.58927902942289,1.0073178637177134,False
mex-mazatlan,MAZATLAN,MEX,2387,35.10055555555556,0.7846669459572685,0.02346041055718475,369.9500756188618,1.010498006002341,False
swe-gavle,,SWE,2386,25.715694444444445,0.28038558256496227,0.06328583403185248,292.00880442256255,1.6839007271829374,False
ind-kakinada,,IND,2376,82.61569444444444,0.46885521885521886,0.19696969696969696,611.4149427812063,1.0918570592614274,False
usa-astoria,ASTORIA,USA,2374,86.80138888888888,1.0,0.9995787700084247,31.853474598434573,1.0011787864199644,False
dza-bejaia,,DZA,2374,104.14242777777777,0.2940185341196293,0.18323504633529908,350.8997228925853,1.3740965211922502,False
kor-busannewport,BUSAN NEW PORT,KOR,2370,17.4904875,0.7054852320675106,0.6974683544303798,4.691497310229163,1.0287463688009209,False
can-trios-pistolesanchorage,TRIOS-PISTOLES ANCHORAGE,CAN,2362,38.43277777777778,0.8839966130397968,0.3052497883149873,120.57911087484348,1.0139137670364118,True
aus-bunbury,,AUS,2361,119.33805555555556,0.24396442185514614,0.14993646759847523,3892.495337983867,1.3369784461067764,False
mmr-yangon,YANGON,MMR,2355,56.7425,0.48365180467091295,0.48365180467091295,554.0223825354576,1.1157460898963125,False
sau-rasalkhair,,SAU,2354,75.44777777777779,0.4320305862361937,0.43967714528462193,338.75072637474784,1.0666122722244114,False
ind-haldia,,IND,2351,20.834722222222226,0.9646958740961293,0.9578902594640578,94.46450681630981,1.014332513556241,False
vnm-hochiminh,,VNM,2349,32.952222222222225,0.25074499787143467,0.1472967220093657,564.28650320383,1.0845466546384377,False
kwt-kuwaitcity,,KWT,2348,9.559444444444445,0.8649914821124361,0.8786201022146508,8.778716358482052,1.0293282683129563,False
bra-viladoconde,VILA DO CONDE,BRA,2337,57.80388888888889,0.926829268292683,0.8746255883611468,29.10061115950206,1.013153904772088,False
can-can-380,CAN-380,CAN,2323,49.165277777777774,0.35299182092122255,0.04218682737839001,1273.065920477361,1.0702306316391663,False
png-portmoresby,,PNG,2316,40.24944444444444,0.48791018998272884,0.07815198618307427,575.0062968333006,1.0740731933204954,False
ita-ita-273,ITA-273,ITA,2316,38.76583333333333,0.3082901554404145,0.24654576856649396,174.6354547797292,1.1235543921805102,False
per-pisco,PISCO,PER,2313,40.135,0.642023346303502,0.10505836575875487,119.42923938367554,1.0425693966656002,False
hti-portauprince,PORT AU PRINCE,HTI,2306,26.867500000000007,0.2723330442324371,0.27363399826539464,376.0974530426412,1.0446691425753785,False
bra-pecem,PECEM,BRA,2290,68.56781111111111,0.534061135371179,0.03711790393013101,1318.3758179739075,1.1461916394292728,False
prt-pontadelgada,PONTA DELGADA,PRT,2287,19.5,0.9177962396152164,0.3174464363795365,529.5525563175509,1.036722473190592,False
ind-ind-172,,IND,2286,22.843641666666667,0.973753280839895,0.968941382327209,61.657689429100074,1.038496504185238,False
tur-antalya,ANTALYA,TUR,2285,40.336666666666666,0.6862144420131291,0.024945295404814005,215.3119504681278,1.2751699150634024,False
ind-ind-130,,IND,2281,18.224166666666665,0.4480491012713722,0.029373081981587022,710.7308016202022,1.026712815740734,False
jpn-naha,NAHA,JPN,2272,8.394444444444444,0.49471830985915494,0.014964788732394365,419.44762415751694,1.1486614178485237,False
idn-pontianak,PONTIANAK,IDN,2268,36.05597222222222,0.9453262786596119,0.06393298059964726,387.90694363108287,1.02849968195074,False
esp-esp-185,ESP-185,ESP,2249,10.6675,0.7776789684304135,0.10493552690084482,695.6204562214457,1.0824099985173479,False
usa-usa-1685,USA-1685,USA,2248,22.365694444444443,0.5080071174377224,0.2166370106761566,807.3871489051552,1.0844857452089876,False
fra-marseille,,FRA,2238,23.922222222222224,0.1161751563896336,0.113047363717605,183.15853750932285,1.095758869392084,False
jpn-matsuyama,MATSUYAMA,JPN,2236,8.81861111111111,0.7911449016100179,0.748211091234347,41.57442235585394,1.0786541452071245,False
col-turbo,TURBO,COL,2231,46.327777777777776,0.4007171671896011,0.00044822949350067237,247.1864297149452,1.2941972593150899,False
idn-adangbay,,IDN,2226,125.5611111111111,0.24528301886792453,0.01078167115902965,1428.9536190890165,6.41266040574382,False
jpn-jpn-344,,JPN,2220,115.30402777777778,0.281981981981982,0.21486486486486486,1248.5059552771695,1.1086890814064696,False
mex-mex-210,,MEX,2219,50.02666666666666,0.48670572329878325,0.103199639477242,457.2190198996281,1.241933623023208,False
ita-civitavecchia,,ITA,2199,23.246944444444445,0.6170986812187358,0.053660754888585724,213.22081531939753,1.0189136114461648,False
usa-seattle,SEATTLE,USA,2199,45.81527777777778,0.2501136880400182,0.2605729877216917,588.3902296940782,1.036050467813401,False
aus-fremantle,FREMANTLE,AUS,2194,36.136805555555554,0.4986326344576117,0.06791248860528715,1785.226395868935,1.1244235517397603,False
rus-sabetta,SABETTA,RUS,2189,29.70555555555556,0.21608040201005024,0.058017359524897213,2145.786029438662,9.73562042803941,False
can-sorel,SOREL,CAN,2180,84.05930555555555,0.7545871559633027,0.5678899082568807,88.59048832098671,1.0300809586070185,False
jpn-iwakuni,IWAKUNI,JPN,2176,25.58402777777778,0.6801470588235294,0.26378676470588236,167.82453285326932,1.0404209364021444,False
can-canaport,CANAPORT,CAN,2176,29.403750000000002,0.7913602941176471,0.7454044117647058,7.212558245337816,1.0108293888046105,False
usa-saintgabriel,SAINT GABRIEL,USA,2172,69.595,0.4783609576427256,0.2440147329650092,634.9063719621695,1.0777792719548587,False
pan-taboga,TABOGA,PAN,2167,16.663611111111113,0.13751730502999537,0.13428703276419013,2584.668573192467,1.0055565961957325,False
usa-usa-1690,,USA,2159,23.462222222222223,0.999536822603057,0.9911996294580825,16.458433120045836,1.0115370450358983,False
chn-tieshan,TIESHAN,CHN,2154,69.38708333333334,0.4382544103992572,0.15506035283194058,743.773328059197,1.355026169696146,False
bra-angradosreis,ANGRA DOS REIS,BRA,2146,51.831388888888895,0.6244175209692451,0.4580615097856477,136.43736630334814,1.0063856079700981,False
mrt-nouakchott,NOUAKCHOTT,MRT,2141,74.95305555555555,0.25782344698738907,0.04156936011209715,562.6583304897644,1.2090292959746587,False
mys-mys-49,,MYS,2138,25.957777777777775,0.6361085126286249,0.03788587464920486,425.47972125220224,1.5580735755052233,False
idn-pontianak,,IDN,2138,13.710416666666667,0.9387277829747428,0.7072029934518241,8.978966601643139,1.0186743687818898,False
civ-sanpedro,SAN PEDRO,CIV,2138,47.82875000000001,0.2333956969130028,0.052385406922357346,509.6540453572892,1.1107804262010454,False
jpn-nakanoseki,,JPN,2136,11.065416666666668,0.6320224719101124,0.39325842696629215,164.93323876670812,1.024805006360865,False
swe-swe-157,SWE-157,SWE,2132,16.323055555555555,0.2954971857410882,0.48827392120075047,104.86684095279413,1.1535737903350154,False
tur-nemrut,,TUR,2122,31.67013888888889,0.19368520263901978,0.044769085768143264,561.217322763167,1.1025741963738098,False
tur-ceyhan,,TUR,2122,49.67777777777778,0.33034872761545714,0.14561734213006597,537.0454915526484,1.8055383348508678,False
dnk-fredericia,FREDERICIA,DNK,2122,20.52486111111111,0.3501413760603205,0.48114985862393966,125.30560629232505,1.1782767345112224,False
lka-hambantota,,LKA,2121,19.13055555555556,0.07873644507307874,0.06364922206506365,1406.0174540501725,1.1110795479427504,False
chn-chn-1352,CHN-1352,CHN,2118,20.745972222222225,0.8168083097261567,0.6831916902738433,13.364318135230567,1.0156895457573705,False
aus-magneticisland,MAGNETIC ISLAND,AUS,2117,35.69861111111111,0.586679263108172,0.07794048181388757,920.3412081094358,1.0154422697146204,False
aus-darwin,,AUS,2108,35.66652777777777,0.17979127134724857,0.015654648956356737,2277.8024378897544,2.3478891645777793,False
rus-petropavlovsk,PETROPAVLOVSK,RUS,2107,75.89055555555555,0.9515899383009018,0.13906027527289985,1211.809291725358,49.61136384997636,False
jpn-kanda,,JPN,2096,10.992083333333333,0.8640267175572519,0.4685114503816794,128.01250827845217,1.0919029808553982,False
jpn-toyamashin,TOYAMASHIN,JPN,2092,10.400555555555556,0.6606118546845124,0.28489483747609945,152.46256579172305,1.0179182457020823,False
gha-sekondi-takoradi,SEKONDI-TAKORADI,GHA,2091,88.00083333333333,0.1908177905308465,0.021999043519846963,294.3065990192203,1.082076810691521,False
ind-vadinar,,IND,2085,63.58555555555556,0.2858513189448441,0.09688249400479616,737.9010944278867,1.5561113658537746,False
esp-alicante,ALICANTE,ESP,2085,15.3875,0.9088729016786571,0.23213429256594725,216.95431545298013,1.086472303694297,False
tur-kumbag,KUMBAG,TUR,2085,20.34722222222222,0.43980815347721824,0.0973621103117506,252.13964387323324,1.1976230982253253,False
esp-elferrol,,ESP,2068,32.33138888888889,0.3036750483558994,0.07495164410058026,640.9623458351988,1.1143180526297543,False
esp-bancodelhoyoanchorage,BANCO DEL HOYO ANCHORAGE,ESP,2068,60.595,0.4588974854932302,0.5899419729206963,47.015813292845316,1.0588191725424405,True
bra-saosebastiao,SAO SEBASTIAO,BRA,2065,107.13055555555556,0.8164648910411623,0.2585956416464891,310.0933158355552,1.1552784777198113,False
jpn-himeji,HIMEJI,JPN,2046,57.71277777777778,0.3944281524926686,0.16666666666666666,667.9967498477536,1.1277516343900906,False
dnk-kalundborg,KALUNDBORG,DNK,2043,26.884722222222223,0.2094958394517866,0.32843857072931965,189.4426477815915,1.2269158542058716,False
aus-abbotpoint,,AUS,2042,25.32625,0.11606268364348678,0.0068560235063663075,3209.8923306058023,4.072528475724516,False
fji-suva,SUVA,FJI,2042,37.34930555555556,0.30019588638589617,0.29676787463271304,622.7558638311511,1.0413076845268563,False
idn-suralaya,SURALAYA,IDN,2040,67.24305000000001,0.7867647058823529,0.24019607843137256,430.6455727767758,1.527199721974707,False
vnm-quinhon,QUI NHON,VNM,2031,20.432777777777776,0.3727227966518956,0.02117183653372723,578.500359752743,1.1118116664972684,False
ukr-chornomorsk,,UKR,2019,105.46416666666669,0.11589895988112928,0.11738484398216939,311.208574538,1.4547327734392197,False
usa-gola,,USA,2018,30.19388888888889,0.7661050545094152,0.5698711595639246,58.075207774143685,1.023312659136293,False
kor-kor-165,,KOR,2013,14.177222222222222,0.6845504222553402,0.16691505216095381,161.92122403988333,1.3261181755470854,False
prt-aveiro,AVEIRO,PRT,2011,60.373333333333335,0.1511685728493287,0.047737444057682744,768.6425602106792,1.4067967336922564,False
gbr-tyne,,GBR,2009,33.39555555555555,0.17720258835241415,0.09905425584868094,274.5574932437046,1.8589264099140357,False
jpn-jpn-490,JPN-490,JPN,2008,6.876805555555556,1.0,0.9890438247011952,20.910252934072393,4.182050586814478,False
chn-weifang,WEIFANG,CHN,2005,42.06111111111111,0.4972568578553616,0.17805486284289276,488.9411098995524,1.1380935670663803,False
fin-porvoo,PORVOO,FIN,1996,23.413333333333334,0.9834669338677354,0.9979959919839679,12.712337593258356,1.018472212909641,False
ind-mormugao,,IND,1994,101.00791666666669,0.37713139418254765,0.03460381143430291,1365.3027339129615,1.1017424070544959,False
jpn-saganoseki,SAGANOSEKI,JPN,1994,31.188055555555557,0.6424272818455367,0.14744232698094284,351.0749248230731,1.3182308885642078,False
rus-rus-359,,RUS,1989,1.8422222222222224,1.0,0.926596279537456,37.171490306731684,1.0934035995506262,False
ind-paradip,PARADIP,IND,1988,71.51166666666667,0.6624748490945674,0.18259557344064387,516.5688309592754,1.06213463848949,False
are-zirku,ZIRKU,ARE,1987,34.29277777777778,0.31655762455963765,0.22244589833920483,349.7578545290796,1.0946939885888947,False
lva-ventspils,VENTSPILS,LVA,1984,57.549166666666665,0.07963709677419355,0.07963709677419355,317.51932272726987,1.5941622053925248,False
sle-pepel,PEPEL,SLE,1981,9.243333333333334,0.9984856133266027,0.9984856133266027,19.92209267309628,3.984418534619256,False
can-septiles,SEPT ILES,CAN,1976,113.23305555555557,0.29453441295546556,0.0430161943319838,2516.274431018713,1.7572823878638062,False
mrt-cansado,CANSADO,MRT,1974,126.51708333333335,0.21175278622087132,0.044072948328267476,1080.5003021142109,1.3717835196654196,False
chn-chn-2366,CHN-2366,CHN,1973,14.438333333333333,0.8281804358844399,0.02280790674100355,153.59407658147092,1.044903073377919,False
ecu-puertobolivar,PUERTO BOLIVAR,ECU,1966,27.57638888888889,0.42980671414038657,0.42980671414038657,552.0406558744685,1.1595069264683693,False
nzl-napier,,NZL,1959,41.01416666666667,0.8172537008677897,0.3103624298111281,121.29826759842251,1.0458276805321123,False
mdg-toamasina,,MDG,1956,47.34916666666667,0.08077709611451943,0.024539877300613498,886.0660996879079,1.2301571115461805,False
tur-marmaraereglisi,MARMARA EREGLISI,TUR,1949,46.51888888888889,0.728065674704977,0.6664956387891227,62.77987372747866,1.639810340106898,False
idn-balongan,,IDN,1947,60.63583333333333,0.8546481766820749,0.15767847971237803,321.29697807402755,1.7414635096396185,False
jpn-mishima,MISHIMA,JPN,1946,29.41777777777778,0.5642343268242549,0.4840698869475848,132.29820717002755,1.2991533779434044,False
can-portdalhousie,PORT DALHOUSIE,CAN,1945,3.2777777777777777,0.9676092544987146,0.36349614395886887,219.10010784812735,1.016513919970622,False
mys-mys-74,MYS-74,MYS,1944,30.28125,0.4212962962962963,0.12654320987654322,200.17434635826132,1.1226020589787704,False
cuw-willemstad,WILLEMSTAD,CUW,1939,24.904444444444444,0.041258380608561115,0.33935018050541516,403.6200490283982,1.037913945161522,False
grc-elafonisos,ELAFONISOS,GRC,1938,6.020416666666667,0.08101135190918472,0.06501547987616099,618.0892591173003,1.0671274110088174,False
chn-penglai,PENGLAI,CHN,1925,38.75194444444445,0.7605194805194805,0.4644155844155844,110.67461167665799,1.0316965543362038,False
swe-marstrand,MARSTRAND,SWE,1925,28.183055555555555,0.15896103896103897,0.2581818181818182,293.5747135051028,1.204350827668802,False
grc-kalilimenesanchorage,KALI LIMENES ANCHORAGE,GRC,1923,8.885,0.058242329693187725,0.019760790431617263,488.8694815249959,1.0207300077387171,True
irl-dublin,,IRL,1921,28.274166666666662,0.21447162935970848,0.48568453930244665,102.33297985794032,1.1187053506759517,False
mar-safi,SAFI,MAR,1919,104.47805555555556,0.20114643043251693,0.17561229807191245,501.58517116803847,1.1467265898897505,False
aus-auntl,,AUS,1917,57.54333333333334,0.9942618675013041,0.99113197704747,14.16627054101616,1.0064823975227617,False
ind-gangavaram,,IND,1915,91.16722222222222,0.4339425587467363,0.11906005221932114,986.1231388494801,1.1519919200955118,False
grc-lavrion,LAVRION,GRC,1914,10.492777777777778,0.0961337513061651,0.07993730407523511,482.7288660490733,1.0779645037219816,False
ita-cetara,CETARA,ITA,1913,16.97,0.41975953998954524,0.12336644014636697,451.9650414512593,1.046751879798087,False
idn-idn-215,,IDN,1907,54.45527777777778,0.967488201363398,0.01782905086523335,501.8926941871949,2.4022239734746362,False
rus-temryukanchorage,TEMRYUK ANCHORAGE,RUS,1905,99.56777777777778,0.8766404199475065,0.8776902887139107,21.05555871933711,1.889500656945296,True
nzl-marsdenpoint,,NZL,1904,66.75541666666666,0.35766806722689076,0.0546218487394958,4499.506435034631,1.031255794914991,False
ven-joseterminal,,VEN,1903,119.91166666666666,0.29164477141355755,0.14713610089332632,1763.5724541089019,1.5759801413377508,False
chl-iquique,IQUIQUE,CHL,1903,32.09555555555556,0.7083552285864425,0.03783499737256963,637.3609592206128,1.0864063016117613,False
sur-paramaribo,PARAMARIBO,SUR,1901,24.592777777777776,0.08311415044713309,0.08416622830089426,470.55806612528465,1.9261653820143367,False
usa-sandiego,,USA,1901,28.286944444444444,0.5207785376117833,0.17569700157811677,2264.470466358009,1.1037743558467548,False
idn-sungaipakning,SUNGAI PAKNING,IDN,1898,53.25736111111111,0.6095890410958904,0.4446786090621707,107.36920127505161,1.132300944116566,False
mys-bintulu,BINTULU,MYS,1893,30.05555555555556,0.3185419968304279,0.00792393026941363,1018.453785511315,1.34570854447154,False
fra-tancarville,TANCARVILLE,FRA,1882,37.250277777777775,0.19819341126461212,0.16790648246546228,202.17532529666548,1.047772323370173,False
usa-carville,CARVILLE,USA,1868,48.33444444444444,0.9994646680942184,0.9828693790149893,91.11206108184766,1.0424144332872607,False
ind-karanje,KARANJE,IND,1859,14.661944444444444,1.0,0.9989241527703067,10.901953941856512,1.2246261079617549,False
phl-bugo,BUGO,PHL,1856,15.314027777777778,0.587823275862069,0.12176724137931035,426.9331383006627,1.0989204446893481,False
arg-arg-77,,ARG,1854,8.822083333333333,0.7464940668824164,0.6887810140237325,52.00168067583474,1.0019359916218937,False
phl-villanueva,VILLANUEVA,PHL,1854,28.808888888888887,0.4331175836030205,0.3522114347357066,680.9426425235392,1.0047774085608518,False
ita-santapanagia,SANTA PANAGIA,ITA,1843,54.7125,0.30222463374932174,0.25718936516549107,489.286228087745,1.095666850642081,False
mex-ensenada,ENSENADA,MEX,1839,27.101944444444445,0.5769439912996194,0.008700380641653072,1012.4534226606793,1.0021994926192772,False
nzl-nzl-110,NZL-110,NZL,1837,18.947777777777777,0.8492106695699511,0.1763745236799129,167.78198860714772,1.08040882041496,False
esp-pasajes,PASAJES,ESP,1833,14.184444444444445,0.16475722858701583,0.0845608292416803,522.8688384592475,1.183675958987152,False
rus-taman,,RUS,1831,59.04888888888889,0.4183506280720918,0.3784817039868924,277.07365623901245,1.070851023540729,False
reu-reunion,REUNION,REU,1828,32.52138888888889,0.038840262582056896,0.038840262582056896,374.7764414582316,1.0651113896751159,False
fin-rauma,RAUMA,FIN,1822,33.78402777777778,0.17233809001097694,0.03128430296377607,368.6646891800546,1.1976427373738627,False
can-victoria,VICTORIA,CAN,1817,24.954444444444444,0.876169510181618,0.9471656576774904,56.9678098300442,1.0196498315006568,False
arg-arg-1,,ARG,1814,5.711666666666666,0.18302094818081588,0.21664829106945976,696.8234484644055,1.0371145637552264,False
swe-norrkopinganchorage,,SWE,1806,20.020694444444445,0.4695459579180509,0.18660022148394242,229.99645994859736,1.0873527774681362,False
idn-amamapareanchorage,,IDN,1803,27.869722222222222,0.8380476982806434,0.6821963394342762,9.224951057507297,1.0045912510923816,False
irl-foynes,FOYNES,IRL,1802,48.90361111111111,0.10155382907880134,0.08879023307436182,603.0702586930237,1.0070102186816954,False
chn-dafeng,DAFENG,CHN,1796,84.65152777777777,0.6124721603563474,0.051224944320712694,357.51144931814315,1.14316490744574,False
jpn-tomakomaanchorage,,JPN,1792,28.105555555555554,0.640625,0.19475446428571427,380.39276510326096,1.2485905386770613,False
usa-corpuschristi,,USA,1791,44.55805555555556,0.5633724176437744,0.2758235622557231,324.5420632312498,1.024390083254174,False
ita-brindisi,BRINDISI,ITA,1789,43.61722222222223,0.5785354946897708,0.11011738401341531,334.45494054418623,1.034578882633633,False
kor-yeosu,YEOSU,KOR,1788,33.77986111111111,0.33612975391498884,0.21308724832214765,374.5183293015384,1.0689602342524993,False
ind-hazira,HAZIRA,IND,1784,48.20944444444444,0.48094170403587444,0.10426008968609865,854.7519583653915,1.0413284307705664,False
egy-ainsukhna,AIN SUKHNA,EGY,1780,41.64333333333333,0.5601123595505618,0.5370786516853933,64.0335349819479,1.13892460919122,False
chn-shantou,SHANTOU,CHN,1778,20.698888888888888,0.8138357705286839,0.027559055118110236,159.7727110983487,1.0441720920476152,False
ury-nuevapalmira,NUEVA PALMIRA,URY,1770,79.4636111111111,0.15875706214689267,0.4440677966101695,131.39446704557213,1.1012869762560464,False
glp-legosier,LE GOSIER,GLP,1769,18.026666666666667,0.026003391746749576,0.3453928773318259,130.08484110480836,1.0887784024426135,False
nld-delfzijl,DELFZIJL,NLD,1762,27.16722222222222,0.041430192962542564,0.11691259931895573,252.61956907238405,1.359379990889239,False
ven-puertocabello,,VEN,1748,86.4275,0.2053775743707094,0.11441647597254005,623.6655483014131,1.1205353994263012,False
esp-aviles,AVILES,ESP,1747,62.16777777777778,0.3554665140240412,0.10074413279908415,577.8553967740818,1.140693960400112,False
idn-kalbut,,IDN,1736,46.28731666666667,0.8352534562211982,0.30126728110599077,136.6466838846506,2.2583197187377664,False
irn-bandarabbas,BANDAR ABBAS,IRN,1735,59.586666666666666,0.9325648414985591,0.9002881844380404,12.955425458485873,1.0318430584897085,False
bra-ilhaguaiba,ILHA GUAIBA,BRA,1734,84.55222222222221,0.2520184544405998,0.10034602076124567,8510.99630669333,1.0074940463219544,False
ind-krishnapatnam,,IND,1732,73.35055555555556,0.5536951501154734,0.11662817551963048,601.4317319625459,1.085964938049619,False
aus-newcastle,,AUS,1726,49.81027777777778,0.9831981460023175,0.981460023174971,8.78844793239805,1.004564103581862,False
mex-guaymas,,MEX,1716,70.84930555555556,0.40326340326340326,0.0337995337995338,805.2697303541888,1.1673729400220507,False
bra-manaus,,BRA,1711,67.89194444444445,0.8813559322033898,0.1864406779661017,678.5037064954861,1.4298974759686451,False
jam-kingston,,JAM,1709,30.585555555555555,0.18490345231129315,0.18490345231129315,669.6904339066724,1.0622505177671673,False
bra-icoarachi,,BRA,1707,65.98972222222223,0.8488576449912126,0.053309900410076154,694.8399126717082,1.3216017978760863,False
rus-murmansk,MURMANSK,RUS,1702,101.82680555555555,0.47767332549941244,0.13337250293772032,1095.2768377775149,2.4796147766801746,False
chn-shanhaiguan,SHANHAIGUAN,CHN,1698,45.16972916666666,0.9988221436984688,0.16136631330977622,116.37759194324548,1.7853008123544027,False
omn-sohar,SOHAR,OMN,1688,49.02194444444444,0.16646919431279622,0.24289099526066352,484.2684124228243,1.0391700943343491,False
per-ilo,ILO,PER,1686,44.48194444444445,0.730723606168446,0.47330960854092524,274.4345563906464,1.0415307407087564,False
mys-labuan,,MYS,1686,46.405277777777776,0.44068801897983395,0.07947805456702253,707.2988867814898,1.464726629253505,False
dnk-copenhagen,COPENHAGEN,DNK,1677,18.17888888888889,0.234943351222421,0.35658914728682173,116.27813249187807,1.3224507754736332,False
nzl-nelson,NELSON,NZL,1671,27.080277777777777,0.782166367444644,0.2537402752842609,255.74392835678967,1.0458307746903823,False
chl-coronel,CORONEL,CHL,1668,38.339079166666664,0.6564748201438849,0.2541966426858513,255.96443792233734,1.307643749809739,False
usa-portangeles,PORT ANGELES,USA,1667,27.992671666666663,0.740251949610078,0.4751049790041992,145.34185578394835,1.0234375806513214,False
arg-zarate,ZARATE,ARG,1655,50.568888888888885,0.9129909365558913,0.5480362537764351,99.93264868038719,1.0309920228575735,False
usa-jacksonville,,USA,1654,22.62180555555556,0.8047158403869408,0.4316807738814994,265.70963755694044,1.0288282847809143,False
jpn-kitakyushu,,JPN,1650,8.155416666666667,0.39090909090909093,0.28606060606060607,107.43457384678675,1.057913276474872,False
fro-torshavn,TORSHAVN,FRO,1648,8.354305555555555,0.15048543689320387,0.15048543689320387,433.4075347393662,1.0122586015847257,False
phl-cabcaben,CABCABEN,PHL,1636,83.57055555555556,0.24266503667481662,0.17481662591687042,900.4238875387359,1.2199003767908023,False
bra-madrededeus,MADRE DE DEUS,BRA,1635,44.18694444444444,0.9015290519877676,0.2489296636085627,417.27261044499767,1.0235261146976256,False
deu-kiel,KIEL,DEU,1635,8.585555555555555,0.9149847094801223,0.9192660550458716,8.092137493284271,1.0032752276501857,False
hrv-rijeka,RIJEKA,HRV,1624,31.310755555555556,0.10591133004926108,0.375,188.0174236726343,1.134562164690267,False
usa-andersonbay,ANDERSON BAY,USA,1624,22.08611111111111,0.9753694581280788,0.0,1108.5729448663549,4.546733517028833,False
arg-necochea,NECOCHEA,ARG,1620,57.943194444444444,0.15123456790123457,0.009259259259259259,5372.993826408095,1.0392538689171005,False
dza-skikda,SKIKDA,DZA,1616,41.92375,0.3032178217821782,0.13861386138613863,395.1220566781657,1.3820268134848437,False
can-comebychance,COME BY CHANCE,CAN,1615,39.259166666666665,0.30340557275541796,0.2458204334365325,1059.030929876413,1.0099858888698896,False
tun-sfax,SFAX,TUN,1610,113.8765277777778,0.13167701863354037,0.10186335403726708,644.3357355367826,1.4934512270073292,False
sxm-stmaarten,ST MAARTEN,SXM,1609,15.03888888888889,0.006836544437538844,0.3356121814791796,355.8187545334621,1.0949774472630966,False
fra-sete,,FRA,1603,27.99111111111111,0.2014971927635683,0.18465377417342482,213.39883097627947,1.130239540391976,False
chn-chn-2051,CHN-2051,CHN,1601,70.90138888888889,0.7014366021236728,0.03872579637726421,667.4165001072319,1.024240845625422,False
pan-pan-42,PAN-42,PAN,1598,18.55111111111111,0.08072590738423029,0.07196495619524405,1466.0095532797654,1.0065763199128146,False
rus-kronshtadt,KRONSHTADT,RUS,1593,17.575277777777778,0.19711236660389203,0.18957940991839298,435.98081784553807,1.3664581981552675,False
kor-kor-211,KOR-211,KOR,1592,112.77916666666667,0.4566582914572864,0.34861809045226133,478.81917179222353,1.8141189513039233,False
dom-sanpedrodemacoris,SAN PEDRO DE MACORIS,DOM,1592,43.337777777777774,0.24811557788944724,0.24685929648241206,379.69021243922253,1.1376789062722907,False
chn-songxia,SONGXIA,CHN,1585,51.07111111111111,0.762776025236593,0.4586750788643533,193.96579754339766,1.0101704244659493,False
usa-saultstemarie,SAULT STE MARIE,USA,1584,2.5806944444444446,0.1773989898989899,0.010732323232323232,309.09754294548884,1.0294284209605662,False
can-tsawwassen,TSAWWASSEN,CAN,1583,56.01861111111111,0.049273531269740996,0.16234996841440302,4097.5593626099435,1.0068016907301154,False
fin-roytta,ROYTTA,FIN,1578,69.235,0.10963244613434728,0.1552598225602028,793.6061873927533,6.199573936979519,False
gbr-houndpointterminal,,GBR,1566,61.91763888888889,0.1251596424010217,0.04533844189016603,384.2368427573744,1.9652217497190425,False
svn-koper,,SVN,1565,39.82222222222222,0.003194888178913738,0.3124600638977636,606.0586528454329,1.142426548978265,False
lby-benghazi,,LBY,1563,70.8525,0.29686500319897635,0.08061420345489444,393.0346772989709,1.385963748347824,False
col-covenas,COVENAS,COL,1559,46.278333333333336,0.12123155869146889,0.11866581141757537,910.5403209038536,1.311763549427063,False
jpn-matsuura,MATSUURA,JPN,1556,30.711111111111112,0.4916452442159383,0.18958868894601544,194.4766844642197,1.0334418588897294,False
nor-slagen,SLAGEN,NOR,1548,30.173472222222223,0.4941860465116279,0.229328165374677,171.71206296536445,1.322236948192486,False
gbr-rosyth,ROSYTH,GBR,1547,21.625833333333333,0.9941822882999354,0.9928894634776988,20.667628444906867,1.0233555251236954,False
rus-yeysk,,RUS,1537,74.08055555555555,0.7878985035783995,0.5296031229668184,99.90457202593333,5.952866904708958,False
aus-weipa,WEIPA,AUS,1536,31.592638888888892,0.18815104166666666,0.012369791666666666,3231.4554493759333,1.0055047355178865,False
est-sillamae,,EST,1533,39.97222222222222,0.07893020221787345,0.3881278538812785,515.7124580830458,3.1668986343413237,False
chn-laizhou,LAIZHOU,CHN,1528,52.23125,0.600130890052356,0.2905759162303665,400.8058806183202,1.0598818660825893,False
jpn-muroran,MURORAN,JPN,1520,76.03444444444445,0.5361842105263158,0.06578947368421052,672.2472315426269,1.3813847283019682,False
twn-hualien,,TWN,1517,8.802777777777777,0.8477257745550428,0.8437705998681608,73.20153419399149,14.593425729864672,False
mex-salinacruz,,MEX,1515,99.76861111111111,0.6151815181518152,0.14257425742574256,556.4128124399109,2.0046778925575337,False
bra-maceio,MACEIO,BRA,1514,47.511944444444445,0.7939233817701453,0.0785997357992074,685.4425505922305,1.2191708989312862,False
gum-apraharbor,APRA HARBOR,GUM,1507,28.17361111111111,0.006635700066357001,0.006635700066357001,1223.0555610073836,1.1211421508178494,False
aus-barrowisland,,AUS,1506,27.344027777777775,0.10624169986719788,0.0949535192563081,3377.3958970708313,3.5644108277878965,False
chn-dapeng,DAPENG,CHN,1505,27.08277777777778,0.2564784053156146,0.16345514950166112,1402.9969057407177,1.5083608873075478,False
esp-arrecife,ARRECIFE,ESP,1504,8.118194444444445,0.9268617021276596,0.13829787234042554,583.9457737744732,1.0068298248483756,False
fin-kotka,KOTKA,FIN,1500,36.409398611111115,0.5506666666666666,0.6913333333333334,31.723623846631263,1.0124502701473195,False
esp-malaga,,ESP,1498,17.70513888888889,0.4886515353805073,0.20427236315086783,254.3311196399431,1.064559794769732,False
tha-songkhlaanchorage,SONGKHLA ANCHORAGE,THA,1497,35.61833333333333,0.16098864395457582,0.004676018704074816,418.00176593510287,4.181415818915593,True
bra-portocel,PORTOCEL,BRA,1496,67.06166666666667,0.39037433155080214,0.0748663101604278,4085.18364929439,1.0428036845153543,False
rou-tulcea,,ROU,1496,121.81069444444444,0.19786096256684493,0.25133689839572193,235.677801358973,1.1452051778022716,False
ukr-olvia,OLVIA,UKR,1493,93.67166666666668,0.21634293369055593,0.21634293369055593,356.89263257785655,1.2853172292549995,False
cmr-bombemgue,BOMBEMGUE,CMR,1491,34.353611111111114,0.2870556673373575,0.3393695506371563,460.9804654585345,1.0781450520091649,False
chn-bayuquananchorage,BAYUQUAN ANCHORAGE,CHN,1489,38.42166666666667,0.9590329079919409,0.867696440564137,23.1081887211886,1.0067647593300462,True
chn-dandong,DAN DONG,CHN,1488,74.92218472222223,0.5887096774193549,0.03763440860215054,498.6163774564926,1.541937396227693,False
idn-banyuwangianchorage,BANYUWANGI ANCHORAGE,IDN,1487,54.66944444444445,0.9717552118359112,0.10759919300605246,254.68238985319311,1.92910341553871,True
usa-usa-1065,,USA,1486,34.06055555555555,0.7839838492597577,0.4892328398384926,183.31451574349754,1.0886242833984072,False
usa-elsegundoanchorage,,USA,1477,48.29194444444445,0.8747461069735951,0.43669600541638454,306.3160367063659,1.0164006504189653,False
chn-chn-2368,CHN-2368,CHN,1476,69.00402777777776,0.7378048780487805,0.5948509485094851,55.34737191537435,1.1643909406329902,False
ita-monfalcone,MONFALCONE,ITA,1476,68.89058194444445,0.42005420054200543,0.37533875338753386,563.2353723501819,1.1316868391563215,False
cod-boma,BOMA,COD,1473,18.539444444444445,0.03054989816700611,0.7284453496266123,23.362162822151213,1.0350015955999905,False
twn-hsinta,HSINTA,TWN,1473,24.71,0.16836388323150034,0.14867617107942974,1801.3351505001315,2.8245901296247093,False
jpn-oita,OITA,JPN,1472,62.150416666666665,0.5101902173913043,0.3491847826086957,202.06846820579574,1.1206632568820813,False
chn-gulei,GULEI,CHN,1468,50.926249999999996,0.715258855585831,0.06607629427792916,435.27219553339546,1.5571456943962103,False
idn-amamapare,,IDN,1458,70.64500000000001,0.8607681755829903,0.6858710562414266,8.592355569833364,1.6115855294246153,False
omn-duqm,DUQM,OMN,1458,59.082561111111104,0.21262002743484226,0.0644718792866941,584.2367611296061,1.1745817790434292,False
nga-onne,ONNE,NGA,1451,69.62722222222222,0.29772570640937285,0.12818745692625774,333.4745271853949,1.0596613532497543,False
dnk-esbjerg,ESBJERG,DNK,1451,23.096666666666668,0.06753962784286699,0.055823569951757405,260.34465249983896,1.0921053835486303,False
chl-antofagasta,ANTOFAGASTA,CHL,1451,88.5963888888889,0.5596140592694693,0.21433494141971055,598.9332047511695,1.0275735757535025,False
usa-portmanatee,PORT MANATEE,USA,1449,31.794166666666666,0.5707384403036577,0.2774327122153209,492.3745794398608,1.1425020098873113,False
can-hamilton,,CAN,1445,77.26222222222222,0.9785467128027682,0.5626297577854671,25.962969446312194,1.213619903123032,False
mys-mys-2,MYS-2,MYS,1443,25.541666666666668,0.40263340263340264,0.7089397089397089,17.722124852600437,1.0466454700749503,False
jpn-kushiro,KUSHIRO,JPN,1437,37.83361111111111,0.8100208768267223,0.08211551844119694,423.57587984460525,1.651219791606208,False
mys-lumut,LUMUT,MYS,1431,63.86083333333333,0.4968553459119497,0.3438155136268344,253.00925451809326,1.0385890951917236,False
dza-djen-djen,DJEN-DJEN,DZA,1431,110.03333333333332,0.3591893780573026,0.3193570929419986,431.02904600083843,1.006445356618015,False
cpv-mindelo,MINDELO,CPV,1425,15.08388888888889,0.04912280701754386,0.00631578947368421,1785.9507308834063,1.063315537981224,False
mar-mohammedia,,MAR,1423,80.55611111111111,0.1876317638791286,0.09276177090653549,173.89417943269132,2.079060973058606,False
swe-swe-329,,SWE,1421,12.334444444444443,0.2083040112596763,0.05348346235045742,250.4895082695895,1.1835517832152331,False
usa-usa-1701,,USA,1421,28.351944444444445,0.8149190710767066,0.673469387755102,39.04976397497854,1.0200704344806788,False
col-puertobolivar,PUERTO BOLIVAR,COL,1420,60.94430555555556,0.04788732394366197,0.017605633802816902,2160.960846775477,1.4704732178397548,False
tun-rades,,TUN,1413,99.84777777777778,0.13446567586694974,0.06652512384996462,498.13187642649103,1.23980614216264,False
pol-pol-29,POL-29,POL,1406,64.86875,0.15789473684210525,0.10241820768136557,265.8329700649013,1.2876805919727397,False
jpn-kanazawa,KANAZAWA,JPN,1406,8.35,0.5988620199146515,0.302275960170697,244.67369192746233,1.018211292389661,False
ecu-posorja,POSORJA,ECU,1404,18.36486111111111,0.2514245014245014,0.2492877492877493,586.7044542589633,1.0179260358160964,False
rus-yuzhno-morskoy,YUZHNO-MORSKOY,RUS,1403,23.42030833333333,0.9722024233784747,0.8531717747683535,9.59109851885993,1.0210016556511445,False
usa-pointcomfort,,USA,1402,40.47013888888889,0.6597717546362339,0.10342368045649072,159.31245285542738,1.1797843963311117,False
geo-batumi,BATUMI,GEO,1390,52.070972222222224,0.12589928057553956,0.17266187050359713,555.7888337761153,3.2426718983835636,False
bra-imbituba,IMBITUBA,BRA,1389,111.97472222222224,0.5572354211663066,0.10511159107271419,539.0061533797926,1.062835639624553,False
bra-trombetas,,BRA,1386,38.74722222222222,0.7157287157287158,0.0,721.5018416847327,4.712160535780038,False
jpn-tokuyamakudamatsu,,JPN,1385,13.369722222222222,0.4339350180505415,0.4144404332129964,148.96479619634044,2.04123014557741,False
zaf-eastlondon,EAST LONDON,ZAF,1383,28.12388888888889,0.7852494577006508,0.007953723788864787,248.35475071586833,1.0572561257635247,False
tur-tur-187,,TUR,1383,21.302777777777777,0.4483007953723789,0.10484454085321765,281.4137353775905,1.0613928831126829,False
idn-idn-243,IDN-243,IDN,1381,163.8086111111111,0.5097755249818972,0.16002896451846488,941.3351362667566,1.3213705822002588,False
png-rabaul,RABAUL,PNG,1380,26.74791666666667,0.7543478260869565,0.18985507246376812,164.78484089061666,1.0964676318816937,False
fji-vuda,,FJI,1380,33.61,0.5630434782608695,0.5608695652173913,65.61547767431043,1.031453692666267,False
idn-sorong,SORONG,IDN,1372,23.004444444444445,0.9934402332361516,0.14941690962099125,293.2279743097299,1.0950974150375343,False
rus-rus-267,,RUS,1368,27.75347222222222,0.07236842105263158,0.06944444444444445,803.3986755120711,3.9703761396510933,False
tur-dortyol,,TUR,1363,66.99861111111112,0.417461482024945,0.1210564930300807,510.5793751608321,1.8225033916842541,False
rus-rus-403,RUS-403,RUS,1362,211.25694444444443,0.8509544787077826,0.14170337738619676,826.7790042494984,1.3868706103175246,False
usa-usa-1694,,USA,1359,26.831666666666667,0.9919058130978661,0.9602649006622517,17.23106202591811,1.0194162073256101,False
per-salaverry,,PER,1350,66.61763888888888,0.5985185185185186,0.08962962962962963,258.6522372974243,1.0133943227503532,False
chn-zhangzhou,ZHANGZHOU,CHN,1349,32.23833333333334,0.6412157153446998,0.06893995552260934,466.8282994460588,1.0459301392188605,False
nld-nld-460,NLD-460,NLD,1349,31.043055555555554,0.008895478131949592,0.9925871015567087,29.072289586587942,1.0305566006462843,False
cub-mariel,MARIEL,CUB,1347,34.39611111111111,0.13659985152190052,0.047512991833704527,521.3061311621358,1.9211407974262251,False
nzl-bluff,BLUFF,NZL,1345,49.68333333333333,0.7271375464684015,0.01412639405204461,517.324910333242,1.3400373142577404,False
tun-bizerte,,TUN,1343,95.04702777777776,0.2144452717795979,0.12509307520476545,307.4327513623132,1.2150662458235344,False
chn-chn-189,CHN-189,CHN,1340,20.22833333333333,0.39477611940298507,0.2880597014925373,432.28725140064057,1.0320912114076446,False
lbr-monrovia,MONROVIA,LBR,1336,62.76069444444444,0.07634730538922156,0.07634730538922156,544.3810047336835,1.1354521848727108,False
nor-nor-62,,NOR,1335,10.749722222222225,0.37303370786516854,0.3056179775280899,130.01463841677474,1.4396304908853903,False
mys-sandakan,SANDAKAN,MYS,1333,50.467777777777776,0.5618904726181545,0.21680420105026257,548.3371608550187,1.270758395068938,False
nzl-timaru,TIMARU,NZL,1329,35.74388888888889,0.8796087283671934,0.36042136945071485,207.55182623936676,1.0658133601666808,False
gbr-portland,PORTLAND,GBR,1328,9.132916666666667,0.2213855421686747,0.058734939759036146,429.9513255158528,1.0560868202681695,False
nor-nor-45,NOR-45,NOR,1328,16.635694444444447,0.3493975903614458,0.3561746987951807,221.07742158815552,1.1369991160883457,False
swe-brofjorden,,SWE,1323,26.625555555555557,0.9349962207105065,0.9463340891912321,8.531030807268808,1.0026669661475043,False
nor-nor-179,,NOR,1320,22.10597222222222,0.5143939393939394,0.4727272727272727,135.38520810467463,1.0125928901556311,False
atg-stjohns,,ATG,1315,35.79805555555556,0.012927756653992395,0.3650190114068441,169.1391371007021,1.1826939047362373,False
usa-brownsville,BROWNSVILLE,USA,1315,60.64888888888889,0.7642585551330798,0.02053231939163498,460.13695495442124,1.1664747033845895,False
jpn-sakaiminato,SAKAIMINATO,JPN,1314,17.59263888888889,0.4117199391171994,0.09817351598173515,208.4304345382268,1.0191819060976275,False
nzl-newplymouth,NEW PLYMOUTH,NZL,1314,49.912777777777784,0.6111111111111112,0.0852359208523592,279.73952851313936,1.041805490479598,False
chn-chongming,CHONGMING,CHN,1312,368.4333333333334,0.45426829268292684,0.3208841463414634,456.3441188544536,1.101887854691041,False
idn-palembang,PALEMBANG,IDN,1309,54.4,0.8938120702826585,0.5813598166539343,51.63178848582314,1.3613823560212843,False
can-portcartier,PORT CARTIER,CAN,1307,118.7725,0.18592195868400918,0.1063504208110176,2535.7075116968563,1.3987972305622403,False
lby-zawia,ZAWIA,LBY,1301,60.852777777777774,0.23674096848578016,0.1445042275172944,684.8645095305618,1.6571599753924788,False
prt-praiadavitoria,PRAIA DA VITORIA,PRT,1301,16.68027777777778,0.9523443504996156,0.8293620292083013,87.46788177825019,1.1033537224938887,False
irq-khawralzubairlngterminal,KHAWR AL ZUBAIR LNG TERMINAL,IRQ,1298,80.69291666666666,0.5277349768875192,0.5431432973805855,53.299035710442595,7.722096114776866,False
deu-hochdonn,HOCHDONN,DEU,1296,1.3790277777777777,0.9992283950617284,0.9992283950617284,9.620605706779536,1.022484652210269,False
omn-muscat,MUSCAT,OMN,1295,72.08833333333334,0.13590733590733592,0.10270270270270271,2806.5234467613373,1.133563027547708,False
abw-aruba,,ABW,1294,28.265555555555558,0.5162287480680062,0.5571870170015456,11.62489084263776,1.005504046248451,False
nga-portharcourt,PORT HARCOURT,NGA,1293,120.43638888888889,0.6481051817478731,0.34106728538283065,233.50449662063411,1.032425674889323,False
nzl-auckland,AUCKLAND,NZL,1289,27.729166666666668,0.9379363847944143,0.9061287820015516,8.564339797848112,1.0062478684195943,False
khm-sihanoukville,SIHANOUKVILLE,KHM,1288,34.80458333333333,0.08462732919254658,0.08462732919254658,232.8260270602354,1.2065053423699652,False
arg-sannicolas,,ARG,1286,137.72777777777776,0.8864696734059098,0.7721617418351477,44.62857868079526,1.0100018699138935,False
can-nanaimo,NANAIMO,CAN,1284,101.58583333333334,0.7453271028037384,0.735202492211838,26.23472281878947,1.0389973814520639,False
idn-tarakan,,IDN,1283,106.08166666666666,0.4045206547155105,0.03975058456742011,811.4502687777302,3.9575923037201814,False
ita-savona,SAVONA,ITA,1282,30.035,0.5897035881435257,0.28861154446177845,329.2284038107142,1.0995031748370279,False
phl-cagayandeoro,CAGAYAN DE ORO,PHL,1279,26.79222222222222,0.709147771696638,0.2220484753713839,380.05610155456407,1.3275135592273184,False
mex-topolobampo,TOPOLOBAMPO,MEX,1279,34.62916666666667,0.6450351837372947,0.04691164972634871,469.7617132753537,1.058081828334965,False
usa-usa-1599,USA-1599,USA,1278,38.670833333333334,0.41784037558685444,0.12441314553990611,841.9434531826222,1.0458989301146022,False
chn-chn-52,CHN-52,CHN,1274,54.52348888888889,0.5934065934065934,0.33987441130298274,462.0387547608052,1.0968633310581013,False
jpn-shimotsu,,JPN,1269,40.50361111111111,0.5791962174940898,0.26792750197005516,282.14881072800745,1.050457233608554,False
ind-ind-47,IND-47,IND,1261,18.2475,0.9651070578905631,0.9206978588421887,7.225355763438835,1.0064076550446075,False
aus-portland,,AUS,1253,118.37861111111113,0.4748603351955307,0.05426975259377494,1507.6928137458476,1.140060149068836,False
ind-kakinada,KAKINADA,IND,1252,91.33652777777779,0.33865814696485624,0.11421725239616613,1401.8493546586799,1.1153978513603855,False
nzl-portchalmers,PORT CHALMERS,NZL,1248,31.299305555555556,0.625801282051282,0.032852564102564104,552.4507717474025,1.028536183194703,False
gin-taressaanchorage,TARESSA ANCHORAGE,GIN,1248,6.053472222222222,0.9975961538461539,0.9975961538461539,14.741837676604678,2.315406529360273,True
fin-kokkola,KOKKOLA,FIN,1247,31.70861111111111,0.4570970328789094,0.272654370489174,231.42080264156698,1.5121952750467857,False
egy-abuqir,ABU QIR,EGY,1245,120.60416666666669,0.21365461847389558,0.15421686746987953,541.462218180373,1.3823530571036096,False
yem-aden,,YEM,1243,135.91305555555556,0.05309734513274336,0.03298471440064361,623.6970943501108,1.4437405592419115,False
esp-garrucha,GARRUCHA,ESP,1242,68.43916666666667,0.4863123993558776,0.0322061191626409,795.1771523886334,1.0802681870613684,False
irl-moneypoint,,IRL,1239,44.9925,0.9927360774818402,0.993543179983858,18.047663666833486,1.044256452936512,False
idn-kupang,KUPANG,IDN,1238,42.407361111111115,0.9781906300484653,0.16235864297253635,496.56389773416544,2.4457179808203153,False
usa-palmbeach,PALM BEACH,USA,1237,32.15472222222222,0.26192400970088925,0.09135004042037187,916.4109624690034,1.4296473717761464,False
jpn-akita,,JPN,1236,25.228472222222223,0.4231391585760518,0.0744336569579288,564.5441444083478,1.0761391015390211,False
idn-jayapura,JAYAPURA,IDN,1234,31.65027777777778,0.993517017828201,0.03079416531604538,760.3567758692299,2.4751536727145473,False
usa-usa-1761,USA-1761,USA,1232,2.3284722222222225,0.31412337662337664,0.10064935064935066,228.1355488168966,1.0561041464831264,False
gbr-immingham,IMMINGHAM,GBR,1229,49.87222222222222,0.2335231895850285,0.1724979658258747,180.41568472868192,1.1642766763432857,False
chn-chn-2110,CHN-2110,CHN,1226,40.13652777777778,0.9910277324632952,0.9812398042414355,13.294995745223718,1.0042030517673997,False
per-talara,TALARA,PER,1223,73.68444444444444,0.7358953393295176,0.40474243663123466,350.7521322297296,1.0508978770001436,False
swe-swe-448,SWE-448,SWE,1222,17.53847222222222,0.23158756137479541,0.3739770867430442,155.70567517932972,1.6151181311675382,False
can-sarnia,SARNIA,CAN,1222,37.189027777777774,0.6497545008183306,0.16693944353518822,139.07953452992004,1.165386625121825,False
nor-godoya,,NOR,1220,12.972777777777779,0.6647540983606557,0.3918032786885246,131.92545043258457,1.1474561187188763,False
dom-santodomingo,SANTO DOMINGO,DOM,1219,16.258477777777777,0.13863822805578344,0.13863822805578344,590.2345276690112,1.2012428843732248,False
usa-stockton,STOCKTON,USA,1213,73.35,0.7180544105523495,0.5375103050288541,51.58475425378616,1.0847618705642126,False
lbn-tripoli,,LBN,1213,23.29861111111111,0.22588623248145095,0.2967848309975268,299.7290520414652,1.110644922154515,False
can-troisrivieres,TROIS RIVIERES,CAN,1212,76.16708333333332,0.773102310231023,0.6361386138613861,58.73896004494972,1.017154022969748,False
idn-benoa,BENOA,IDN,1212,39.119166666666665,0.9760726072607261,0.4397689768976898,101.28438831360111,2.391428163031347,False
arg-laplata,LA PLATA,ARG,1212,64.00236111111111,0.8663366336633663,0.5833333333333334,25.424230200006214,1.1473337010113256,False
dza-annaba,,DZA,1210,109.04555555555555,0.21652892561983472,0.12396694214876033,458.36609251716345,1.2115961678589022,False
idn-kualatanjung,KUALA TANJUNG,IDN,1210,35.64583333333333,0.46611570247933887,0.17520661157024794,529.1735873173938,1.0047080977483878,False
est-paldiski,,EST,1208,25.47458333333333,0.0836092715231788,0.30711920529801323,191.38534304669648,1.1255531079375656,False
fra-ambes,AMBES,FRA,1203,36.45611111111111,0.36824605153782214,0.10307564422277639,399.36555090397115,1.2865693589789657,False
rus-kaliningrad,KALININGRAD,RUS,1202,42.25277777777778,0.43261231281198004,0.2612312811980033,400.70169100494957,1.1203436614653826,False
tur-eregli,EREGLI,TUR,1202,100.03444444444443,0.36356073211314477,0.06239600665557404,314.3944771790254,1.2546036194401156,False
rus-korsakov,KORSAKOV,RUS,1200,90.96777777777778,0.9433333333333334,0.07,501.2610317447962,50.0,False
esp-sevilla,SEVILLA,ESP,1194,36.72944444444444,0.6390284757118928,0.37353433835845895,281.50678518140205,1.135035136780267,False
slb-honiara,HONIARA,SLB,1190,33.93347222222222,0.1722689075630252,0.0680672268907563,790.0098663620843,1.0160628079711205,False
nor-narvik,NARVIK,NOR,1189,109.54333333333334,0.11017661900756939,0.002523128679562658,1026.6059286582247,8.954283655662241,False
bra-itacoatiara,,BRA,1189,168.39527777777778,0.503784693019344,0.03700588730025231,1457.2401143097193,1.2453547340023885,False
gbr-gbr-467,,GBR,1186,25.541666666666664,0.1981450252951096,0.2824620573355818,121.50758067615203,1.239303007674661,False
chn-chn-134,CHN-134,CHN,1181,38.464444444444446,0.9458086367485182,0.9043183742591024,11.647191994233749,1.006058142805336,False
chl-puntaarenas,PUNTA ARENAS,CHL,1181,43.55027777777778,0.745977984758679,0.4089754445385267,466.33155063448453,1.1899745364203373,False
usa-usa-1834,,USA,1181,25.58388888888889,0.7646062658763759,0.6062658763759525,41.13766776375242,1.0167817323202557,False
vnm-haiphong,HAIPHONG,VNM,1179,26.94638888888889,0.46988973706530957,0.2366412213740458,415.9272005625108,1.4166306174090544,False
jor-aqabaindustrial,AQABA INDUSTRIAL,JOR,1177,32.02972222222222,0.5191163976210705,0.5216652506372133,5.892993701422185,1.001352759556433,False
dnk-aalborg,,DNK,1175,21.00333333333333,0.23829787234042554,0.4,116.83396729457235,1.3025048983875511,False
rus-volzhskiy,,RUS,1175,2.216111111111111,0.9940425531914894,0.5506382978723404,20.245835265380165,1.0007758942908658,False
usa-davisville,DAVISVILLE,USA,1173,12.03472222222222,0.566069906223359,0.19352088661551578,828.9734292874858,1.0027106187917536,False
idn-muntok,,IDN,1171,79.06277777777778,0.9871904355251921,0.7301451750640479,48.88720240165972,1.2717471067406714,False
chn-dongying,DONG YING,CHN,1170,53.51097222222222,0.9632478632478633,0.18888888888888888,187.96145946982253,2.372011733350535,False
tkm-turkmenbashi,,TKM,1170,37.21333333333334,0.5692307692307692,0.564957264957265,20.154504524256275,1.0459576747240682,False
jpn-wakayamaanchorage,,JPN,1168,95.5286111111111,0.3698630136986301,0.19434931506849315,1048.0157010448338,1.061805896035593,False
chl-caldera,CALDERA,CHL,1167,43.29472222222222,0.7095115681233933,0.3444730077120823,240.88019815983637,1.0077745898798232,False
vnm-vnm-68,,VNM,1166,62.74597222222222,0.346483704974271,0.036020583190394515,514.3233376628122,1.4244923289797766,False
nor-kristiansand,,NOR,1160,13.825694444444444,0.18620689655172415,0.11379310344827587,319.66280611360503,1.0813406645110395,False
swe-lulea,LULEA,SWE,1160,33.98638888888889,0.39655172413793105,0.3724137931034483,433.86916939962265,1.5514383725268144,False
idn-manokwari,MANOKWARI,IDN,1159,23.244722222222222,0.9335634167385677,0.1458153580672994,393.47440363978063,1.0626044015207132,False
jpn-tsuruga,,JPN,1159,53.64111111111111,0.6384814495254529,0.14926660914581535,255.85837140432037,1.0875966442950113,False
swe-karlshamn,,SWE,1149,38.15027777777778,0.22541340295909487,0.06005221932114883,169.8621777680516,4.606107262786268,False
usa-anchorage,ANCHORAGE,USA,1148,21.84722222222222,0.7900696864111498,0.006968641114982578,220.71630897242872,1.1862098239868581,False
idn-kalioranganchorage,,IDN,1148,143.92374999999998,0.32142857142857145,0.041811846689895474,836.4885114330918,3.234125190491658,False
idn-pantoloan,,IDN,1147,38.64888888888889,0.972101133391456,0.013949433304272014,560.2770161971963,1.428802461721381,False
nzl-napier,NAPIER,NZL,1146,22.854583333333338,0.9179755671902269,0.06195462478184991,120.35624098075425,1.0911190809115736,False
nor-karsto,,NOR,1144,37.094722222222224,0.09615384615384616,0.027097902097902096,457.9441980034839,3.3207008921152372,False
jpn-tsukumi,TSUKUMI,JPN,1141,27.10472222222222,0.2322524101665206,0.09202453987730061,259.99152829275727,1.0087334645128907,False
cyp-vasilikos,VASILIKOS,CYP,1135,68.87722222222222,0.17444933920704847,0.173568281938326,409.0666391160406,1.4792443056104125,False
yem-hodeidah,,YEM,1133,59.68944444444445,0.5684024713150927,0.559576345984113,11.612031107008491,1.0558068914448189,False
gbr-falmouth,FALMOUTH,GBR,1132,10.14,0.20848056537102475,0.0636042402826855,409.8160164792561,1.0473710107387664,False
usa-usa-1674,,USA,1128,52.40986111111111,0.9698581560283688,0.8962765957446809,58.06788979689915,1.016903491456698,False
usa-empire,,USA,1125,113.55666666666669,0.424,0.16177777777777777,736.7468819393812,1.076522054420039,False
aus-gove,,AUS,1125,100.80916666666668,0.3662222222222222,0.012444444444444444,2643.4555448258143,11.94304130554415,False
bhs-nassau,NASSAU,BHS,1124,9.474166666666669,0.3816725978647687,0.011565836298932384,159.16439796278652,3.6997043266098224,False
lka-trincomalee,TRINCOMALEE,LKA,1121,32.576388888888886,0.09991079393398751,0.07136485280999108,1423.9825383641908,1.0548037064627918,False
cri-limon,LIMON,CRI,1118,15.268472222222222,0.011627906976744186,0.08407871198568873,187.25918591037825,1.116444204106808,False
aus-townsville,,AUS,1117,28.107777777777777,0.9650850492390332,0.9328558639212176,6.4803402726456625,1.0038269023280408,False
alb-durres,,ALB,1116,37.43694444444444,0.17921146953405018,0.19623655913978494,278.8416571448106,1.233945582275475,False
gmb-banjul,BANJUL,GMB,1113,152.2588888888889,0.030548068283917342,0.14375561545372867,881.3692510755868,1.2437337348865571,False
hnd-puertocortes,PUERTO CORTES,HND,1113,18.269166666666667,0.034141958670260555,0.1949685534591195,757.5311781991633,1.0278009186785078,False
lby-khoms,KHOMS,LBY,1112,103.10930555555555,0.28597122302158273,0.24280575539568344,352.8652420484771,1.1756210886080836,False
bra-bra-325,BRA-325,BRA,1112,69.39319444444445,0.08633093525179857,0.06115107913669065,6056.0740398420885,4.225272026357628,False
prt-canical,CANICAL,PRT,1112,35.47430555555555,0.9820143884892086,0.17715827338129497,507.628767709525,7.668378302386136,False
jpn-ishinomaki,ISHINOMAKI,JPN,1111,86.99111111111111,0.7245724572457246,0.20342034203420342,254.9336153819977,1.103665325199297,False
usa-usa-399,,USA,1107,59.81527777777778,0.8428184281842819,0.1878952122854562,640.9612196280187,1.080319070623219,False
fin-hamina,,FIN,1104,26.821805555555557,0.3070652173913043,0.28894927536231885,316.9698759695292,1.5319009323707895,False
prt-lisbon,LISBON,PRT,1099,26.461666666666662,0.8598726114649682,0.8525932666060054,4.820433465849834,1.0126022174234337,False
nga-lagos,,NGA,1099,87.87083333333334,0.5887170154686078,0.5077343039126478,46.339226531204,1.016066312534723,False
mex-dosbocasanchorage,,MEX,1097,33.265,0.1340018231540565,0.11759343664539654,646.6130655117898,1.220530662870917,False
mys-samalaju,,MYS,1093,123.50944444444444,0.25343092406221407,0.07593778591033852,589.4043061590623,1.1467392740943112,False
col-barranquilla,BARRANQUILLA,COL,1092,20.839583333333334,0.7673992673992674,0.7619047619047619,6.900443332868066,1.010574073657213,False
hnd-sanlorenzo,SAN LORENZO,HND,1092,24.23638888888889,0.05036630036630037,0.27197802197802196,197.92713201778048,1.115772603682596,False
pol-szczecin,,POL,1091,47.99944444444444,0.15582034830430797,0.10357470210815765,261.7554940333589,1.3141150457774373,False
ago-soyo,SOYO,AGO,1090,34.70902777777778,0.28807339449541286,0.23302752293577983,2260.3990165745126,1.144616872803784,False
rus-rus-307,,RUS,1090,13.67875,0.936697247706422,0.9275229357798165,15.425047875304376,1.0057853529693086,False
ven-amuay,AMUAY,VEN,1088,124.8875,0.6534926470588235,0.23621323529411764,261.7638923364726,1.2452707006943893,False
fin-oulu,OULU,FIN,1087,23.66888888888889,0.49402023919043236,0.28518859245630174,288.2316923403573,1.8212558462428647,False
usa-brewercovehaven,BREWER COVE HAVEN,USA,1083,42.146388888888886,0.577100646352724,0.23822714681440443,307.5097055315199,1.0349057680381624,False
lby-mellitah,,LBY,1083,32.20722222222222,0.2742382271468144,0.18744228993536471,542.9075324657834,1.6357936141087788,False
idn-lubuktutung,LUBUKTUTUNG,IDN,1080,132.5363888888889,0.3851851851851852,0.3277777777777778,813.1019839181083,1.4582735071303705,False
gbr-inverkip,INVERKIP,GBR,1074,21.092222222222222,0.297951582867784,0.09404096834264432,417.9656361443006,1.5136525230848383,False
mys-lahaddatu,,MYS,1069,49.480555555555554,0.34050514499532275,0.13657623947614594,867.874254094444,1.1716590266694131,False
chn-yangjiang,YANGJIANG,CHN,1065,58.35888888888889,0.6084507042253521,0.13615023474178403,362.6886055738635,1.1159817221230135,False
rou-braila,,ROU,1064,23.446111111111115,0.46898496240601506,0.5714285714285714,40.00774560269029,1.050797793579106,False
aus-mackay,,AUS,1064,44.87847222222223,0.5131578947368421,0.03383458646616541,1148.780422942273,1.012110610279174,False
vnm-danang,DA NANG,VNM,1063,24.323888888888888,0.7412982126058325,0.1665098777046096,333.3861394683629,1.033892740932038,False
usa-capecanaveral,CAPE CANAVERAL,USA,1062,46.29625,0.692090395480226,0.13653483992467044,478.44958436011717,1.0689303887604205,False
mtq-fortdefrance,,MTQ,1060,16.11958333333333,0.012264150943396227,0.17358490566037735,280.9971935077393,1.0681305450280134,False
fin-turku,,FIN,1058,24.800000000000004,0.6767485822306238,0.031190926275992438,106.07117881701053,3.0479408076268983,False
usa-dutchharbor,DUTCH HARBOR,USA,1058,30.441666666666666,0.5387523629489603,0.12381852551984877,1692.2061610502224,1.780723837893513,False
fin-raahe,RAAHE,FIN,1057,32.91555555555556,0.22232734153263956,0.6925260170293283,67.88743788150934,1.4642255708123004,False
jpn-hososhima,HOSOSHIMA,JPN,1057,9.894722222222224,0.6726584673604541,0.5156102175969726,98.1153368637498,1.0318289447435685,False
gbr-gbr-309,,GBR,1052,27.680138888888887,0.9838403041825095,0.9809885931558935,5.301720636529427,1.0073085330057627,False
chl-arica,ARICA,CHL,1051,39.32555555555555,0.4709800190294957,0.05137963843958135,555.026041148339,1.101919410675966,False
jpn-kagoshima,KAGOSHIMA,JPN,1049,38.15805555555556,0.8369876072449952,0.14013346043851288,348.43632292675034,1.0377841236562033,False
ita-brindisi,,ITA,1048,27.009861111111107,0.924618320610687,0.8645038167938931,7.67262495326237,1.0284215151801983,False
gbr-margateanchorage,MARGATE ANCHORAGE,GBR,1045,24.074166666666667,0.6650717703349283,0.7454545454545455,18.615543437441858,1.0306928393026995,True
jpn-omaezaki,,JPN,1041,11.720833333333331,0.7953890489913544,0.5936599423631124,84.55407483331032,1.0681535135400548,False
chn-chn-177,CHN-177,CHN,1038,62.052499999999995,0.6310211946050096,0.04335260115606936,776.6763699289572,1.1647208280388233,False
deu-rendsburg,RENDSBURG,DEU,1038,1.7494444444444444,0.9913294797687862,0.9913294797687862,31.84970052869694,1.0415344489954361,False
chn-basuo,BASUO,CHN,1037,69.69714444444445,0.7058823529411765,0.16200578592092574,400.0451181950381,1.5293514010068041,False
mne-bar,BAR,MNE,1034,18.61375,0.009671179883945842,0.15473887814313347,310.04818363895885,1.2954595124943622,False
syr-latakia,LATAKIA,SYR,1031,25.816388888888888,0.08438409311348205,0.5906886517943744,97.63243186596567,1.11899979566716,False
ago-malongo,,AGO,1030,31.92888888888889,0.6097087378640776,0.4941747572815534,128.138861808819,1.0031429950008115,False
bra-santarem,SANTAREM,BRA,1025,128.69666666666666,0.288780487804878,0.0,2756.996062067903,1.1585153958379812,False
dza-bejaia,BEJAIA,DZA,1021,114.65583333333332,0.23898139079333985,0.13516160626836435,356.6333766802586,1.373971113783196,False
reu-reu-4,,REU,1019,33.54888888888889,0.1393523061825319,0.1393523061825319,130.17331626467362,1.0658251669582333,False
fin-ajos,,FIN,1017,25.709722222222226,0.5693215339233039,0.30186823992133727,284.48424233382406,1.7331054959533752,False
rus-rus-372,,RUS,1016,4.923611111111111,1.0,0.8031496062992126,42.55634653524978,1.061177855488262,False
esp-puertodelrosario,PUERTO DEL ROSARIO,ESP,1015,9.217222222222222,0.9605911330049262,0.7566502463054188,31.755143678515413,1.0958642329636221,False
ncl-noumea,,NCL,1012,17.640416666666667,0.05533596837944664,0.012845849802371542,979.1851582760294,1.024018142491251,False
rus-volgodonsk,,RUS,1009,4.363333333333333,0.9960356788899901,0.9226957383548068,89.43906516923244,1.0449842139624252,False
chn-chn-203,CHN-203,CHN,1004,22.880483333333338,0.4641434262948207,0.12649402390438247,632.9563368511006,1.0210485093432102,False
nor-tananger,TANANGER,NOR,1004,6.580833333333333,0.999003984063745,0.9223107569721115,22.859252898679213,1.003887394650696,False
ncl-ncl-36,,NCL,1004,22.230416666666667,0.2848605577689243,0.2848605577689243,674.7162855058018,1.3069513138257975,False
mys-tawau,TAWAU,MYS,1004,45.27791666666667,0.6304780876494024,0.4591633466135458,174.30258216826962,1.1259436567233911,False
idn-manggis,,IDN,1003,70.83666666666667,0.9880358923230309,0.20039880358923232,242.44955745512888,2.1077181652962884,False
tur-tekirdag,TEKIRDAG,TUR,1000,105.744525,0.667,0.618,67.4466529466221,1.3299377978645257,False
esp-esp-242,ESP-242,ESP,999,39.40111111111111,0.44844844844844844,0.11911911911911911,447.11695255646504,1.2787924470883343,False
tur-gulluk,GULLUK,TUR,998,99.5723611111111,0.14228456913827656,0.031062124248496994,808.8305288270044,2.118838690874085,False
irn-asaluyeh,ASALUYEH,IRN,994,43.320766666666664,0.6981891348088531,0.19517102615694165,204.14392963219396,1.0547784463925647,False
irl-irl-31,,IRL,992,17.384722222222223,0.16532258064516128,0.16330645161290322,404.4751550628505,1.2691733053918248,False
aus-ashburton,,AUS,990,24.495833333333334,0.09393939393939393,0.01919191919191919,3601.7038940477987,6.881363570314667,False
chn-chn-2317,CHN-2317,CHN,986,52.315416666666664,0.4513184584178499,0.10141987829614604,493.3961247833674,1.0672808070627755,False
phl-taganito,,PHL,985,138.99194444444444,0.10964467005076142,0.03756345177664975,1309.989814412385,1.0242910481565815,False
chn-qushanisland,QUSHAN ISLAND,CHN,978,212.6688888888889,0.6789366053169734,0.5828220858895705,43.99140445779816,1.0440080712475368,False
chn-yangkou,YANGKOU,CHN,978,26.179444444444442,0.40286298568507156,0.03783231083844581,414.62476394118517,2.563250826441985,False
ukr-mykolayiv,MYKOLAYIV,UKR,978,85.69999999999999,0.3323108384458078,0.3323108384458078,356.89263257785655,1.3289564162068408,False
isl-grundartangi,,ISL,978,16.37291666666667,0.7658486707566462,0.7638036809815951,9.667704613713095,1.933540922742619,False
hrv-hrv-76,,HRV,977,37.46305555555556,0.15762538382804503,0.150460593654043,587.580816745112,1.8064987502674001,False
lby-tripoli,,LBY,977,98.8275,0.4554759467758444,0.21903787103377687,202.4459152582203,1.3056976957136095,False
jpn-ishikari,ISHIKARI,JPN,974,24.155833333333334,0.6478439425051334,0.2618069815195072,326.48763517668147,1.256176302288623,False
idn-idn-352,IDN-352,IDN,973,102.97444444444444,0.4522096608427544,0.046248715313463515,1303.8292641815033,1.912127231180263,False
vnm-vnm-29,,VNM,971,14.094522222222222,0.6477857878475798,0.17713697219361482,331.0349906714595,1.0538683856533044,False
slb-noroanchorage,NORO ANCHORAGE,SLB,970,10.317916666666665,0.4216494845360825,0.2907216494845361,613.0481688000674,1.0009892509900258,True
hrv-ploce,PLOCE,HRV,969,28.451944444444443,0.15376676986584106,0.09803921568627451,284.46406881312856,1.132875752836793,False
phl-mariveles,MARIVELES,PHL,968,98.23541666666667,0.2262396694214876,0.12293388429752067,889.8948059496549,1.3510259743535085,False
jam-portlandbight,,JAM,967,75.68555555555555,0.27197518097207857,0.27197518097207857,911.0868942282794,1.175032113757441,False
mys-mys-73,,MYS,966,121.50900972222222,0.3053830227743271,0.054865424430641824,278.9209482532534,1.1025728875470484,False
deu-borkum,BORKUM,DEU,966,46.313475,0.10869565217391304,0.11180124223602485,525.8790682962076,1.0721145870074267,False
ecu-manta,MANTA,ECU,965,12.12,0.18652849740932642,0.058031088082901555,696.8652630515488,1.0440516161884739,False
mdv-male,,MDV,965,92.50444444444445,0.0383419689119171,0.03212435233160622,1205.795955904982,1.6838483882065232,False
vnm-sonduong,,VNM,964,75.83013888888888,0.21369294605809128,0.03941908713692946,968.3208380606113,1.2354469882803572,False
mar-nador,,MAR,962,62.60994722222222,0.09563409563409564,0.057172557172557176,170.43692912121523,1.5207383735654438,False
esp-esp-269,ESP-269,ESP,962,12.747083333333332,0.5280665280665281,0.21413721413721415,259.24204132545685,1.199075383910727,False
chn-chn-2079,CHN-2079,CHN,961,25.54361111111111,0.5431841831425598,0.29864724245577523,618.2486981150876,1.0322659988739362,False
idn-idn-42,,IDN,959,149.36444444444444,0.1689259645464025,0.01981230448383733,1588.568094598269,3.582548532659418,False
rus-baltiysk,BALTIYSK,RUS,959,16.06111111111111,0.9478623566214807,0.8967674661105318,12.099686401591327,1.0051535681704804,False
lva-liepaja,LIEPAJA,LVA,958,78.30111111111111,0.1127348643006263,0.10334029227557412,334.8870912610243,1.4905154997478944,False
chl-patache,,CHL,956,93.60125,0.2102510460251046,0.029288702928870293,1337.1348315246453,1.0795327110684632,False
lbr-buchanan,,LBR,955,39.66027777777778,0.4031413612565445,0.4031413612565445,1369.4398665684594,1.0,False
lca-castries,CASTRIES,LCA,952,13.208888888888888,0.14390756302521007,0.4569327731092437,194.22904081557834,1.034175333336545,False
wsm-apia,APIA,WSM,952,20.94708333333333,0.04096638655462185,0.6449579831932774,68.96492470373761,1.1108537035609318,False
grc-kalamata,KALAMATA,GRC,951,16.523611111111112,0.17665615141955837,0.15667718191377497,576.6930926224577,1.0319020249367301,False
jpn-jpn-309,,JPN,950,6.644811111111111,0.9694736842105263,0.06842105263157895,127.78407441448294,1.1614281874111376,False
fra-bordeaux,,FRA,948,11.83138888888889,0.9377637130801688,0.930379746835443,51.17087840878051,1.0796730296323789,False
fra-roscanvel,ROSCANVEL,FRA,948,26.225833333333334,0.42510548523206754,0.03270042194092827,307.8388776843177,1.4313769299404977,False
per-conchan,,PER,947,41.62972222222222,0.8120380147835269,0.4593453009503696,270.462447320942,1.0915045975389348,False
esp-almeria,ALMERIA,ESP,947,28.988069444444445,0.648363252375924,0.24498416050686378,147.90139919813808,1.0783623645142206,False
nor-mekjarvik,MEKJARVIK,NOR,947,18.084722222222226,0.22914466737064415,0.09503695881731784,340.5685874944239,1.0247717674270935,False
grl-nuuk,NUUK,GRL,944,29.38736111111111,0.6451271186440678,0.2690677966101695,173.5464122089254,2.711224205156368,False
jpn-hitachi,,JPN,943,10.665,0.7253446447507953,0.2948038176033934,424.10527889373566,1.5137937042259426,False
tur-martas,MARTAS,TUR,943,65.58611111111111,0.5185577942735949,0.37009544008483564,191.90308357482212,1.1912150553843994,False
ita-ancona,,ITA,941,23.630277777777778,0.6450584484590861,0.1997874601487779,115.74008549915492,1.066043787891942,False
idn-idn-289,IDN-289,IDN,940,66.42513888888888,0.1946808510638298,0.035106382978723406,1554.7730321063289,1.1858052910376973,False
tha-rayong,,THA,939,48.87166666666667,0.14909478168264112,0.14270500532481364,697.6233790994968,1.131947456118566,False
rus-slavyanka,SLAVYANKA,RUS,939,50.685833333333335,0.7092651757188498,0.6432374866879659,55.86138070798388,2.2832836509456977,False
rus-rus-50,,RUS,939,13.237777777777778,1.0,0.9254526091586794,35.213644261146484,1.0400106126002293,False
usa-newhaven,,USA,937,55.45388888888889,0.7150480256136607,0.2113127001067236,384.58199711301114,1.0419290932956313,False
rus-shakhtersk,SHAKHTERSK,RUS,935,125.97444444444444,0.30053475935828877,0.19679144385026737,1025.2391274303318,4.0281091188445926,False
jpn-naoetsu,NAOETSU,JPN,934,23.125972222222224,0.480728051391863,0.31049250535331907,439.0783322755709,1.1988387336728428,False
chn-beihai,BEIHAI,CHN,934,47.9425,0.5770877944325482,0.4271948608137045,269.7273796170838,1.0171639925832574,False
can-can-171,CAN-171,CAN,933,125.96,0.8060021436227224,0.8092175777063236,24.473515855097315,1.0103614603985285,False
mex-lazarocardenas,LAZARO CARDENAS,MEX,933,21.55638888888889,0.2540192926045016,0.022508038585209004,923.6440307777975,1.0232020669056825,False
ita-venice,,ITA,933,35.123333333333335,0.5444801714898178,0.3590568060021436,445.5589864993318,1.0683391390568426,False
sau-sau-179,,SAU,932,27.463616666666667,0.45493562231759654,0.11802575107296137,469.9898179003462,3.51074893309089,False
nor-nor-355,,NOR,931,13.34758888888889,0.7261009667024705,0.37379162191192267,139.81773997562559,1.0107520282091351,False
phl-mahayag,MAHAYAG,PHL,929,58.88611111111111,0.31969860064585576,0.12701829924650163,1617.5903631305728,1.3551678503807527,False
swe-swe-38,,SWE,928,24.068194444444444,0.2672413793103448,0.10991379310344827,222.8889793164492,1.5657797240027524,False
idn-idn-23,,IDN,926,144.85277777777776,0.19978401727861772,0.03455723542116631,1602.1444129436377,3.828615965927585,False
phl-semirara,,PHL,920,66.52527777777777,0.11413043478260869,0.013043478260869565,925.5503882447539,3.133147275302726,False
can-robertsbank,ROBERTS BANK,CAN,920,50.05736111111111,0.39891304347826084,0.49130434782608695,103.59307653029653,1.0072151690822941,False
rus-volgograd,,RUS,918,7.801666666666666,0.9934640522875817,0.5065359477124183,67.21273602909046,1.04073214399851,False
jam-montegobay,MONTEGO BAY,JAM,915,31.98472222222222,0.5060109289617486,0.5060109289617486,75.16872197905218,1.11418574268859,False
ven-laguaira,LA GUAIRA,VEN,914,39.551944444444445,0.44529540481400437,0.36323851203501095,465.22043697110075,1.1831422376076868,False
ind-pipavav,PIPAVAV,IND,912,19.822499999999998,0.4649122807017544,0.07346491228070176,708.3290459168727,1.0469975412232209,False
ita-vibovalentia,VIBO VALENTIA,ITA,912,30.14472222222222,0.8837719298245614,0.32456140350877194,101.2463627322599,9.439724430310713,False
swe-haraholmen,,SWE,911,31.81888888888889,0.41602634467618005,0.18660812294182216,387.4731559673382,1.6062400514301576,False
omn-qalhatlngterminal,QALHAT LNG TERMINAL,OMN,911,26.365,0.29418221734357847,0.07354555433589462,2459.644546869197,4.237314787594081,False
png-png-20,,PNG,911,27.474166666666665,0.03512623490669594,0.03512623490669594,2717.0069077567637,7.650877254457885,False
chn-huludao,HULUDAO,CHN,911,53.382777777777775,0.8474204171240395,0.14489571899012074,532.8671969705428,1.152986338041035,False
tur-bandirma,,TUR,906,130.91541666666666,0.5993377483443708,0.5364238410596026,63.03556915241842,1.3590263766070991,False
usa-porteverglades,PORT EVERGLADES,USA,905,34.93194444444445,0.585635359116022,0.04088397790055249,752.8687386847249,6.145814105285278,False
aus-esperanceaus,,AUS,904,95.6538888888889,0.2809734513274336,0.028761061946902654,3390.194806995387,2.055005584077504,False
nga-warri,WARRI,NGA,903,69.32555555555555,0.8161683277962348,0.6179401993355482,20.704600642079793,3.2015986766086395,False
mys-kemamananchorage,,MYS,902,76.42263888888888,0.2982261640798226,0.08647450110864745,446.28946960635614,1.0933898254541865,False
som-mogadishu,MOGADISHU,SOM,899,48.54833333333333,0.18131256952169078,0.060066740823136816,1032.360893745374,1.7145168929238317,False
usa-gulfport,GULFPORT,USA,897,15.69361111111111,0.5128205128205128,0.09253065774804906,397.7219854347829,1.3860108390586816,False
tha-tha-65,THA-65,THA,896,16.69569444444444,0.9319196428571429,0.9285714285714286,24.40695275175744,3.0143093204785214,False
gbr-pembroke,,GBR,896,46.37847222222222,0.9241071428571429,0.9006696428571429,6.7317834904601925,1.005824777081676,False
jpn-maizuru,MAIZURU,JPN,894,25.871805555555554,0.5011185682326622,0.36017897091722595,306.5250728427049,1.0749128617109354,False
esp-motril,MOTRIL,ESP,892,34.513888888888886,0.4742152466367713,0.16367713004484305,383.56600159687986,1.1445168472742004,False
dza-mostaganem,MOSTAGANEM,DZA,890,118.70513888888888,0.3292134831460674,0.25280898876404495,263.11201212523576,1.125862247973664,False
rus-magadan,MAGADAN,RUS,890,69.86930555555554,0.9820224719101124,0.02359550561797753,1200.97529860874,50.0,False
tur-trabzon,TRABZON,TUR,883,67.55583333333334,0.4416761041902605,0.10079275198187995,281.9222620330065,2.4472502751106977,False
tur-tur-247,TUR-247,TUR,883,12.846944444444444,0.22197055492638731,0.0464326160815402,602.2898562012654,1.0587139742397174,False
rus-svetly,SVETLY,RUS,883,71.51388888888889,0.304643261608154,0.20271800679501698,345.23059253883156,1.0709417039772315,False
aus-taroona,TAROONA,AUS,881,51.21833333333333,0.8989784335981839,0.0170261066969353,541.00687254787,1.6607294360846339,False
ind-kattupalli,,IND,879,22.968333333333334,0.5597269624573379,0.22525597269624573,631.135616469887,1.0584956203098628,False
egy-suezcanal,,EGY,879,12.457355555555557,0.11945392491467577,0.080773606370876,935.0418803744036,1.0067297082454472,False
tto-pointfortin,POINT FORTIN,TTO,877,29.42111111111111,0.12200684150513112,0.12200684150513112,2639.163596969098,1.0082613497687407,False
jpn-yatsushiro,,JPN,876,26.638888888888886,0.5970319634703196,0.3675799086757991,175.89557235953532,1.0865383370348847,False
jpn-saiki,SAIKI,JPN,875,20.177222222222223,0.9405714285714286,0.7805714285714286,7.867203254893943,1.021675698591354,False
sau-yanbu,YANBU,SAU,875,89.55472222222222,0.27314285714285713,0.17257142857142857,448.1440637142766,1.0364391674000193,False
phl-bacolodcity,BACOLOD CITY,PHL,875,39.41611111111112,0.7417142857142857,0.21714285714285714,261.5238617718607,1.1145307835232983,False
rou-midia,MIDIA,ROU,872,70.11125000000001,0.22477064220183487,0.23853211009174313,187.2239937876389,1.1666768608477793,False
ven-puertomiranda,PUERTO MIRANDA,VEN,871,118.05027777777778,0.4213547646383467,0.31228473019517794,172.82043672564336,1.477887215712477,False
gab-portgentil,,GAB,870,63.565694444444446,0.3586206896551724,0.3586206896551724,291.6948952500184,1.2114038755801735,False
tur-eren,EREN,TUR,868,92.82194444444445,0.3870967741935484,0.25460829493087556,290.6116077493557,1.027290796791538,False
lbn-beirut,,LBN,868,37.21875,0.717741935483871,0.7315668202764977,37.81375392455853,1.0242950717852943,False
can-quebec,QUEBEC,CAN,867,32.41777777777778,0.9930795847750865,0.23760092272202998,120.36139713185207,1.010968194860282,False
phl-cagdianao,,PHL,867,239.3658333333333,0.0392156862745098,0.02883506343713956,1086.7298569694296,1.0330853236929323,False
isl-reydarfjordur,,ISL,865,56.87416666666667,0.10635838150289018,0.06589595375722543,269.3083909247538,1.3081234387660707,False
esp-valencia,VALENCIA,ESP,861,22.806944444444444,0.7502903600464577,0.1753774680603949,159.5766522943532,1.0261055456231416,False
swe-limhamn,LIMHAMN,SWE,857,17.653333333333332,0.12368728121353559,0.12835472578763127,213.9995026909411,1.1015089694010576,False
idn-biak,BIAK,IDN,856,30.832638888888887,0.9988317757009346,0.17757009345794392,291.42011875608034,1.1480105771649782,False
can-thunderbay,,CAN,855,77.65444444444445,0.2023391812865497,0.18128654970760233,224.99622516740976,45.31317739843064,False
arg-rosario,,ARG,854,50.627222222222215,0.9918032786885246,0.9859484777517564,23.113448768658333,1.0176781882819015,False
asm-pagopagoharbor,PAGO PAGO HARBOR,ASM,853,25.424166666666668,0.008206330597889801,0.23798358733880423,1232.9890011032824,1.0832775504598569,False
idn-cilegon,CILEGON,IDN,849,124.2875,0.8763250883392226,0.4617196702002356,263.75166117975,1.074979483301406,False
png-kimbe,KIMBE,PNG,847,18.664166666666667,0.6847697756788665,0.24793388429752067,143.9878961696558,1.0045393479616243,False
tur-tur-116,TUR-116,TUR,847,13.33,0.2101534828807556,0.0448642266824085,602.2898562012654,1.0848627634013106,False
usa-pointcomfortanchorage,,USA,847,24.0125,0.9917355371900827,0.9811097992916175,23.77435602648528,1.0325811711267776,False
idn-ampenan,AMPENAN,IDN,847,24.89472222222222,1.0,0.345926800472255,101.54173941368599,1.230793342835267,False
vct-vct-12,VCT-12,VCT,845,10.302777777777775,0.01301775147928994,0.663905325443787,55.902447742466826,1.07518289868002,False
syc-portvictoria,PORT VICTORIA,SYC,841,39.12833333333333,0.022592152199762187,0.022592152199762187,1294.1726885495887,1.028035361820734,False
chn-chn-2374,CHN-2374,CHN,839,14.995833333333334,0.8271752085816448,0.3599523241954708,374.49011222579793,1.074688050919121,False
rus-dudinka,DUDINKA,RUS,839,129.5727777777778,0.965435041716329,0.03814064362336114,1086.4709998668698,50.0,False
hnd-sanlorenzo,,HND,838,21.71693472222222,0.9355608591885441,0.9486873508353222,16.131197405457158,1.060032237749927,False
ven-puertoordaz,,VEN,837,50.888888888888886,0.8614097968936678,0.3130227001194743,111.59804946617415,2.0211213378365676,False
omn-omn-22,OMN-22,OMN,836,66.69583333333334,0.01555023923444976,0.5083732057416268,63.66536217878525,1.110784734354958,False
jpn-susaki,,JPN,833,48.07055555555556,0.18967587034813926,0.08883553421368548,869.4911381249874,1.1984897934264647,False
aus-portdalrymple,PORT DALRYMPLE,AUS,832,68.88347222222222,0.5420673076923077,0.054086538461538464,984.6408973528644,1.7586309959142532,False
usa-longbeach,LONG BEACH,USA,830,75.32319444444444,0.8156626506024096,0.0963855421686747,323.2610894601075,1.119732317703966,False
tun-sousse,,TUN,827,120.40083333333334,0.1608222490931076,0.13784764207980654,515.6078386175988,1.429159943460401,False
can-becancour,BECANCOUR,CAN,827,81.67888888888889,0.7013301088270859,0.4280532043530834,242.35570671323603,1.0144700880293696,False
phl-carrascal,,PHL,824,204.1247222222222,0.02669902912621359,0.023058252427184466,1089.3701313150345,3.5501095341599536,False
deu-lubeck,LUBECK,DEU,824,24.876805555555556,0.07402912621359223,0.07766990291262135,337.4271014090018,1.2830605535327295,False
nor-kristiansund,KRISTIANSUND,NOR,821,4.921666666666667,0.6394640682095006,0.2289890377588307,217.29307299734288,1.0198868048826777,False
gnq-bata,BATA,GNQ,820,43.46263888888889,0.48048780487804876,0.10975609756097561,130.4247655793922,1.4738247921271572,False
idn-balikpapan,BALIKPAPAN,IDN,818,59.43819444444445,0.8251833740831296,0.1821515892420538,582.6195133760642,1.285709046405791,False
sau-aljubail,AL JUBAIL,SAU,817,89.03666666666666,0.18237454100367198,0.18604651162790697,378.2780281673928,1.2518933171820215,False
usa-barberspoint,BARBERS POINT,USA,816,49.78611111111111,0.5980392156862745,0.34191176470588236,2323.758660649547,1.0091975684584016,False
esp-sanciprian,SAN CIPRIAN,ESP,813,80.87138888888889,0.30996309963099633,0.22755227552275523,1010.9905547058199,1.157431757196589,False
idn-semarang,SEMARANG,IDN,813,21.541944444444443,0.8253382533825339,0.033210332103321034,261.93750573552353,1.118445242136372,False
swe-stenungsundanchorage,,SWE,813,26.940555555555555,0.8942189421894219,0.9200492004920049,8.038845911576683,1.010872064710575,False
jpn-niihama,,JPN,812,87.5961111111111,0.20935960591133004,0.15270935960591134,971.4858620959104,1.1542311493876047,False
chn-chn-148,CHN-148,CHN,812,20.113611111111112,0.9778325123152709,0.9433497536945813,26.710462571170066,1.0793936593677136,False
kor-gwangyang,GWANGYANG,KOR,811,44.165277777777774,0.31812577065351416,0.18618988902589395,392.5232915384889,1.117996907200581,False
pan-chiriquigrande,CHIRIQUI GRANDE,PAN,810,37.34347222222222,0.1419753086419753,0.050617283950617285,373.4556610737058,2.0543774839578113,False
usa-kodiak,KODIAK,USA,808,7.532916666666667,0.995049504950495,0.0049504950495049506,1244.9592303713086,1.1668772860998933,False
fro-toftir,TOFTIR,FRO,803,6.276666666666666,0.20049813200498132,0.20174346201743462,429.7845632028521,1.0070134208636992,False
nzl-portlyttelton,,NZL,802,24.490833333333335,0.9675810473815462,0.699501246882793,5.246969305538585,1.0038331634835982,False
lca-culdesac,CUL DE SAC,LCA,801,26.92111111111111,0.0599250936329588,0.25842696629213485,273.68262115032627,1.3376911747913498,False
chn-qushan,QUSHAN,CHN,800,39.602108404999996,0.7775,0.6175,55.50045789628605,1.069274239199339,False
ind-ind-200,,IND,799,40.56194444444444,0.35294117647058826,0.14518147684605756,750.8760443111993,1.0144640214440928,False
idn-idn-270,,IDN,796,114.00412777777777,0.628140703517588,0.1092964824120603,642.0034289795095,1.7186816783886303,False
mdv-male,MALE,MDV,796,84.67263888888888,0.05402010050251256,0.05150753768844221,889.5553248631893,2.835981268450647,False
ukr-mariupolanchorage,,UKR,793,87.99944444444445,0.011349306431273645,0.9520807061790668,90.1264188489851,6.790955567328432,False
grc-pachi,PACHI,GRC,791,39.36472222222222,0.47914032869785084,0.47029077117572693,162.36591170855604,1.0340348827928982,False
hnd-puertocastilla,PUERTO CASTILLA,HND,790,25.81847222222222,0.07341772151898734,0.017721518987341773,932.4093113503881,1.0519835692482498,False
chn-jinshan,JINSHAN,CHN,789,19.899166666666662,0.9784537389100126,0.9607097591888466,6.751856296990503,1.0273608763504385,False
grc-chios,CHIOS,GRC,788,8.54138888888889,0.04187817258883249,0.1814720812182741,513.2762551874788,1.1510557036982714,False
tur-tur-188,TUR-188,TUR,788,41.452638888888885,0.5076142131979695,0.4213197969543147,195.79038827486272,1.0275614393874652,False
qat-raslaffan,RAS LAFFAN,QAT,787,31.92333333333333,0.11054637865311309,0.12706480304955528,1164.4495574987097,1.0680891283873797,False
rus-kaliningrad,,RUS,787,41.105,0.3735705209656925,0.397712833545108,339.957119909551,1.3497157556209614,False
chn-daishancounty,DAISHAN COUNTY,CHN,787,37.66888888888889,0.9085133418043202,0.7916137229987293,60.88975970733601,1.159154644258538,False
can-baiecomeau,BAIE COMEAU,CAN,787,105.91888888888889,0.42820838627700125,0.18043202033036848,1452.3173976495966,1.0787248374617773,False
twn-suao,SUAO,TWN,786,74.27847222222222,0.4872773536895674,0.3142493638676845,155.01653490529202,1.1422990438556408,False
jpn-onomichiitozaki,,JPN,786,95.27347222222224,0.8384223918575063,0.5954198473282443,90.12364631521746,1.0046114618059239,False
jpn-jpn-477,,JPN,786,54.21944444444445,0.821882951653944,0.28880407124681934,203.3288490215701,1.0473406397904832,False
esp-coruna,CORUNA,ESP,783,41.65555555555556,0.384418901660281,0.04597701149425287,518.4435252584883,1.2609811999909935,False
chn-haimen,HAIMEN,CHN,783,73.52333333333333,0.6194125159642401,0.04725415070242656,544.0416457860516,1.0940319288749263,False
ita-portonogaro,,ITA,783,34.09888888888889,0.6028097062579821,0.5938697318007663,20.581044637053306,1.0225540690610841,False
idn-handil,HANDIL,IDN,783,27.4875,0.9987228607918263,0.14942528735632185,449.0643040285558,1.348862942826145,False
rus-rostovnadon,ROSTOV NA DON,RUS,778,33.5,0.8817480719794345,0.5012853470437018,97.73173012318523,1.0088074806031826,False
deu-deu-455,DEU-455,DEU,777,0.9416666666666668,1.0,1.0,25.638840052075516,1.0313188964016726,False
nld-scheveningen,SCHEVENINGEN,NLD,776,49.38236111111111,0.31056701030927836,0.3917525773195876,221.1094140590572,1.0258365514359866,False
pan-puertoarmuelles,PUERTO ARMUELLES,PAN,775,39.646388888888886,0.17806451612903226,0.10064516129032258,2498.3830732974275,1.0079479623198802,False
tkm-aladja,,TKM,775,25.950277777777774,0.33419354838709675,0.3329032258064516,178.74688679314102,1.0661000246557089,False
nor-haugesund,HAUGESUND,NOR,773,7.5725,0.9974126778783958,0.8007761966364813,52.41538745181656,1.007637553656458,False
cub-santiagodecuba,SANTIAGO DE CUBA,CUB,772,74.71569444444444,0.40414507772020725,0.07124352331606218,407.56791591001786,1.228860977241382,False
nga-nga-52,,NGA,772,49.27875,0.4261658031088083,0.3860103626943005,549.3197420650249,1.0100121728284928,False
bhs-bhs-74,BHS-74,BHS,772,26.12972222222222,0.06476683937823834,0.08290155440414508,530.235252728783,1.1000253645476967,False
phl-zamboanga,ZAMBOANGA,PHL,770,28.809722222222227,0.8766233766233766,0.024675324675324677,218.58590775439453,1.2787337880013152,False
ind-navlakhi,NAVLAKHI,IND,770,97.30319444444444,0.4597402597402597,0.39090909090909093,746.4024325301111,1.059678503705462,False
tun-gabes,,TUN,769,96.81027777777778,0.11053315994798439,0.05721716514954486,647.1196995759459,1.5864182453630495,False
ton-nukualofa,NUKU ALOFA,TON,768,13.55861111111111,0.055989583333333336,0.0013020833333333333,480.52923788220596,1.3264080527390858,False
rus-tuapse,TUAPSE,RUS,766,37.51833333333333,0.5430809399477807,0.4281984334203655,164.30803733417423,1.0070432851607156,False
vnm-vnm-28,VNM-28,VNM,763,25.107777777777777,0.2870249017038008,0.14809960681520315,572.0857190926796,1.0647474257354586,False
jpn-kikuma,KIKUMA,JPN,760,41.145833333333336,0.4052631578947368,0.2631578947368421,369.0333977151083,1.0599890880636502,False
alb-portoromano,,ALB,760,34.630694444444444,0.1,0.13026315789473683,375.54588492446,1.1284959323207473,False
esp-puntalangosteira,PUNTA LANGOSTEIRA,ESP,755,52.778333333333336,0.37748344370860926,0.10331125827814569,686.151971766151,1.1051168320768894,False
chl-coquimbo,COQUIMBO,CHL,754,51.81347222222222,0.73342175066313,0.43103448275862066,183.24269657467096,1.0037834883649857,False
ita-marinadicarrara,MARINA DI CARRARA,ITA,753,63.24666666666667,0.4648074369189907,0.2695883134130146,383.7939409982408,1.1176438544544036,False
mlt-valletta,VALLETTA,MLT,751,12.769722222222224,0.5299600532623169,0.5459387483355526,10.836550800231265,1.3666418929945043,False
aus-albany,,AUS,747,104.7275,0.35207496653279785,0.030789825970548863,3340.902123781276,1.9217205587242043,False
phl-calaca,CALACA,PHL,741,46.33694444444444,0.3697705802968961,0.24426450742240216,628.5407979154243,1.1145203697874175,False
mys-kuching,,MYS,739,26.755277777777778,0.652232746955345,0.035182679296346414,398.4113369674029,1.3835866793400597,False
tun-skhirra,,TUN,734,60.885694444444454,0.19618528610354224,0.047683923705722074,595.7071798288694,1.4806805552720599,False
idn-teluksemangkaanchorage,,IDN,734,33.857638888888886,0.8692098092643051,0.17438692098092642,142.08834256657957,16.991237981356285,False
usa-moreheadcityanchorage,,USA,731,95.08305555555556,0.4897400820793434,0.03556771545827633,1008.4667160376703,1.0468623247453859,False
jpn-komatsushima,KOMATSUSHIMA,JPN,729,33.96222222222222,0.7613168724279835,0.3045267489711934,141.91511354226142,1.1599122615622328,False
ind-ind-103,IND-103,IND,728,21.738055555555555,0.260989010989011,0.04395604395604396,1434.6057071734397,1.0570049480187675,False
fin-uusikaupunki,UUSIKAUPUNKI,FIN,727,17.95138888888889,0.033012379642365884,0.009628610729023384,522.1997259340166,1.1602201721056824,False
geo-poti,,GEO,726,53.47083333333333,0.4972451790633609,0.4986225895316804,108.04802699323369,1.0313840216677348,False
ind-karaikal,KARAIKAL,IND,725,68.86111111111111,0.4096551724137931,0.019310344827586208,1543.6527166838484,1.1266014443142005,False
tur-tur-189,TUR-189,TUR,724,53.89555555555556,0.4419889502762431,0.3425414364640884,258.60904350114083,1.0265429458571709,False
jpn-nagasaki,,JPN,724,15.375277777777779,0.6602209944751382,0.5953038674033149,40.34255326400594,1.0821443930766295,False
idn-tangguhanchorage,,IDN,723,34.882222222222225,0.5587828492392808,0.4149377593360996,1293.630696314044,1.006638669669923,False
chn-shuidong,SHUIDONG,CHN,722,57.883472222222224,0.5484764542936288,0.08587257617728532,382.7680367015347,1.4880121427444832,False
gnq-malabo,,GNQ,722,34.35333333333333,0.30193905817174516,0.3628808864265928,210.50807513241486,1.1262124757863763,False
tto-pointfortin,,TTO,721,20.5225,0.869625520110957,0.871012482662968,7.304174710595791,1.0009702587424432,False
esp-sanxenxo,SANXENXO,ESP,721,35.411944444444444,0.5339805825242718,0.14147018030513175,410.00170014234374,1.0508709164307453,False
pyf-papeete,PAPEETE,PYF,720,16.215,0.009722222222222222,0.009722222222222222,2488.739927562239,1.1922496565212708,False
som-berbera,,SOM,720,46.64069444444444,0.07083333333333333,0.022222222222222223,799.9857994233537,1.3794751390862767,False
mys-mys-3,,MYS,719,71.47111111111111,0.26842837273991654,0.061196105702364396,619.7018660659803,1.0944481630992815,False
idn-pulausambu,PULAU SAMBU,IDN,716,24.573888888888888,0.28212290502793297,0.6885474860335196,4.443590148310331,1.0,False
nzl-gisborne,,NZL,716,99.94208333333333,0.9064245810055865,0.329608938547486,108.0069088508745,1.1667773545942735,False
jpn-tachibana,TACHIBANA,JPN,716,53.158750000000005,0.21927374301675978,0.07402234636871509,2765.8397238026273,1.27623157673595,False
ecu-guayaquil,,ECU,716,46.38027777777778,0.1857541899441341,0.17318435754189945,607.0142134117299,1.0380218643987185,False
chn-gouqiisland,GOUQI ISLAND,CHN,713,31.78023333333333,0.7629733520336606,0.6521739130434783,51.833073560623376,1.040821041886464,False
swe-oxelosund,,SWE,709,23.3375,0.9449929478138223,0.9308885754583921,30.938577204213555,1.0479262853810893,False
idn-panjang,PANJANG,IDN,706,57.17986111111111,0.6501416430594901,0.40509915014164305,205.0886977414866,1.5087175733124123,False
sdn-portsudan,PORT SUDAN,SDN,706,10.000972222222222,0.7138810198300283,0.7152974504249292,6.511498861204693,1.0003556973293175,False
isr-haifa,HAIFA,ISR,705,22.551666666666662,0.3276595744680851,0.32907801418439714,232.05587448106013,1.1122047980739431,False
jpn-kinoe,,JPN,705,69.29305555555555,0.5361702127659574,0.32340425531914896,331.4986470032082,1.0759755900531118,False
aus-portlincoln,PORT LINCOLN,AUS,704,47.85347222222222,0.6136363636363636,0.39204545454545453,356.16055802556355,1.0051320622117466,False
dnk-frederikshavn,FREDERIKSHAVN,DNK,703,30.01972222222222,0.25604551920341395,0.3200568990042674,241.51979268149972,1.0628673876960448,False
mys-fortunestar,FORTUNE STAR,MYS,703,72.59972222222223,0.42105263157894735,0.05832147937411095,221.25411657854121,1.088154521423775,False
jpn-senzaki,,JPN,703,16.08972222222222,0.3357041251778094,0.21906116642958748,133.38065790612575,1.0755672431306276,False
ind-gopalpur,,IND,703,86.70944444444444,0.3015647226173542,0.01991465149359886,1554.282488583181,1.1571086603690728,False
usa-usa-66,USA-66,USA,703,38.63527777777778,0.7837837837837838,0.65149359886202,37.311513666058936,1.015294960400298,False
bra-portodoacu,PORTO DO ACU,BRA,702,89.24527777777777,0.5626780626780626,0.10541310541310542,550.1643344754712,1.2206319840976003,False
bra-recife,RECIFE,BRA,701,98.40166666666669,0.8102710413694721,0.08701854493580599,803.0685725938731,1.140336000378686,False
can-nanticoke,NANTICOKE,CAN,700,41.44555555555556,0.8257142857142857,0.3914285714285714,105.1221630379024,1.79006112112142,False
guf-degraddescannes,DEGRAD DES CANNES,GUF,700,51.20805555555556,0.005714285714285714,0.005714285714285714,436.58037867942335,1.7036931675026878,False
cod-banana,BANANA,COD,699,12.928888888888888,0.4248927038626609,0.9871244635193133,64.61511523058518,1.2443937303759995,False
bra-tramandaianchorage,TRAMANDAI ANCHORAGE,BRA,699,79.385,0.7324749642346209,0.24606580829756797,437.08871543127697,1.1267747856568608,True
nga-koko,KOKO,NGA,698,18.18861111111111,0.9469914040114613,0.7908309455587392,25.229600597503534,1.1712309458316665,False
mhl-majuro,MAJURO,MHL,697,29.076944444444443,0.24964131994261118,0.02582496413199426,509.76917631343105,1.3042594160980243,False
bra-juruti,JURUTI,BRA,696,30.52027777777778,0.8936781609195402,0.0028735632183908046,703.9817719436204,4.6928493394061475,False
com-moroni,MORONI,COM,693,21.016666666666666,0.3939393939393939,0.3939393939393939,217.7177369498521,1.029802069561043,False
swe-oxelosund,OXELOSUND,SWE,693,33.05833333333333,0.44155844155844154,0.1544011544011544,296.1098319716442,1.0864128211917508,False
idn-bayah,BAYAH,IDN,691,63.656666666666666,0.36034732272069464,0.14327062228654125,790.3996301775137,1.6982225241812907,False
chn-nanao,NANAO,CHN,691,70.81666666666666,0.7149059334298119,0.12011577424023155,464.2744655316367,1.171908208481189,False
can-pointtupper,,CAN,690,41.31,0.1855072463768116,0.1318840579710145,630.3091512671746,1.023352941127671,False
mnp-saipan,SAIPAN,MNP,690,16.621805555555554,0.007246376811594203,0.007246376811594203,562.5143051079382,1.0531458126433904,False
arg-caletacordova,,ARG,689,29.15,0.8925979680696662,0.2525399129172714,472.580956277304,1.4755251989594353,False
rus-rus-281,,RUS,689,17.68888888888889,0.9390420899854862,0.5761973875181422,34.87425750119934,1.0454412716570674,False
ita-cagliari,,ITA,689,33.94,0.525399129172714,0.02177068214804064,320.0565718894956,1.3294494509787402,False
cub-havana,HAVANA,CUB,686,99.51124999999999,0.6020408163265306,0.1588921282798834,407.56791591001786,1.1390416799937824,False
arg-arg-42,,ARG,685,5.484166666666667,0.8598540145985402,0.7766423357664234,93.56925866426779,1.0030734750861587,False
yem-hodeidah,HODEIDAH,YEM,684,117.50736111111111,0.47953216374269003,0.47368421052631576,189.4887602897657,1.0370564229296286,False
ita-bari,BARI,ITA,681,47.576388888888886,0.38619676945668135,0.05726872246696035,367.52343686646816,1.1638452209449923,False
bra-macapabayanchorage,MACAPA BAY ANCHORAGE,BRA,675,8.223333333333333,0.5940740740740741,0.03851851851851852,431.1405632556939,1.052312738382968,True
phl-jordan,JORDAN,PHL,674,29.330972222222222,0.6869436201780416,0.3768545994065282,253.13236554652855,1.050156185683539,False
aus-burnie,BURNIE,AUS,674,39.83138888888889,0.701780415430267,0.12462908011869436,466.9516726741894,1.328600921362799,False
swe-nynashamn,NYNASHAMN,SWE,673,17.16861111111111,0.462109955423477,0.1277860326894502,213.87811209258768,1.1517782127865808,False
chn-macun,MACUN,CHN,672,59.38194444444444,0.49107142857142855,0.15029761904761904,268.0155147355894,1.2312824818596864,False
usa-usa-1677,USA-1677,USA,671,39.63555555555556,0.7868852459016393,0.3859910581222057,145.32255747536425,1.0172360136026926,False
kna-stkitts,ST KITTS,KNA,671,10.489722222222222,0.03427719821162444,0.31892697466467956,141.63587299772166,1.028460763433162,False
mys-mys-105,,MYS,670,115.90228472222222,0.5044776119402985,0.11044776119402985,274.385451947836,1.0229941155760751,False
twn-anping,ANPING,TWN,668,29.554583333333333,0.4535928143712575,0.437125748502994,332.0698877064059,1.0138895114452846,False
twn-hualien,HUALIEN,TWN,667,71.481,0.4272863568215892,0.19490254872563717,434.6076283807532,1.238680841251258,False
bra-camposbasin,CAMPOS BASIN,BRA,667,49.87972222222222,0.638680659670165,0.280359820089955,309.0123756813424,1.026786375386836,False
rus-taganrog,TAGANROG,RUS,666,65.22902777777777,0.8483483483483484,0.2057057057057057,139.97458346446248,1.4331642232980393,False
fra-dunkirk,DUNKIRK,FRA,665,27.7575,0.20601503759398496,0.4691729323308271,113.09097701026646,1.0363467282497434,False
chn-chn-2324,CHN-2324,CHN,662,21.62972222222222,0.5725075528700906,0.32628398791540786,347.53160700088745,1.015737634049855,False
chn-chn-2296,CHN-2296,CHN,660,42.29597222222222,0.990909090909091,0.9106060606060606,8.835663639514276,1.0002168714083224,False
idn-idn-132,,IDN,659,50.778055555555554,0.6100151745068285,0.07890743550834597,472.4750268056727,1.9116351589107021,False
dom-puertoplata,PUERTO PLATA,DOM,657,19.42083333333333,0.2343987823439878,0.2267884322678843,631.2275698106121,1.0142408407003298,False
vnm-vnm-33,,VNM,655,78.24833333333333,0.21374045801526717,0.07022900763358779,1009.0108242932291,1.463930221465784,False
phl-limay,,PHL,653,70.80083333333333,0.6462480857580398,0.27411944869831545,317.58999434860993,1.3484873222363187,False
ita-oristano,,ITA,652,39.27152777777778,0.4386503067484663,0.05061349693251534,379.02402894847245,1.381238071563916,False
idn-bintuni,,IDN,648,35.330555555555556,0.38271604938271603,0.19753086419753085,1831.5933014237298,3.171127135123693,False
arg-zarate,,ARG,647,23.067777777777778,0.8639876352395672,0.7295208655332303,74.51520932887568,1.0152398469425272,False
grc-syrosanchorage,SYROS ANCHORAGE,GRC,646,10.220555555555556,0.21052631578947367,0.16718266253869968,396.62324516134845,1.1368469874319969,True
idn-futong,,IDN,646,67.1563888888889,0.18111455108359134,0.24613003095975233,457.9465082583419,1.1842069915140547,False
chn-cfd11field,CFD11 FIELD,CHN,645,31.461944444444445,0.7689922480620155,0.15193798449612403,572.4850597645332,1.064513578499238,False
twn-hoping,HOPING,TWN,645,76.92055555555555,0.4868217054263566,0.1937984496124031,192.649581283704,1.1269847061296363,False
dom-ocoabay,OCOA BAY,DOM,644,25.522916666666667,0.45962732919254656,0.45962732919254656,222.8332979435125,1.30624308163586,False
mlt-bugibba,BUGIBBA,MLT,643,10.463333333333331,0.3514774494556765,0.37325038880248834,517.5888043808835,1.082646027965284,False
gnq-puntaeuropa,PUNTA EUROPA,GNQ,641,34.33027777777778,0.1419656786271451,0.14508580343213728,2262.9291452444713,1.195479742436788,False
mex-lapaz,,MEX,640,59.31250555555556,0.7140625,0.040625,225.2688421836404,1.215278763689033,False
ago-lobito,LOBITO,AGO,640,74.2286111111111,0.609375,0.03125,214.5126181278142,1.0536513339345261,False
vut-portvila,PORT VILA,VUT,640,23.242361111111112,0.175,0.028125,292.2212813315749,1.0876166254181732,False
usa-usa-1547,USA-1547,USA,639,56.30777777777778,0.9499217527386542,0.9687010954616588,12.899956205813712,1.0047347927920547,False
swe-ronnskar,,SWE,638,31.74152777777778,0.38087774294670845,0.18495297805642633,354.5313761184118,1.6418399301132727,False
usa-wilmingtonnc,WILMINGTON NC,USA,637,18.266111111111112,0.945054945054945,0.8398744113029827,25.343559619818844,1.0133941965415008,False
chn-chenjiagang,CHENJIAGANG,CHN,635,70.58111111111111,0.662992125984252,0.2173228346456693,271.21936243680534,1.0305578590565005,False
nor-mosjoen,MOSJOEN,NOR,631,80.1125,0.7131537242472267,0.07765451664025357,216.1806529214593,5.60710579986084,False
mys-sarikei,,MYS,630,52.867777777777775,0.546031746031746,0.06984126984126984,420.6515864684221,1.1948779316768139,False
arg-riotalabera,,ARG,629,63.53416666666666,0.9554848966613673,0.685214626391097,71.45202043788107,1.0395723358255544,False
swe-husum,,SWE,628,35.55458333333333,0.1926751592356688,0.1449044585987261,195.66511948712252,1.3056923225757147,False
lka-trincomalee,,LKA,628,12.953055555555554,0.07643312101910828,0.052547770700636945,1423.9883928818285,1.0413721053120972,False
idn-tual,TUAL,IDN,628,31.434305555555554,1.0,0.044585987261146494,299.42380099999264,1.8260100763640872,False
jpn-sakata,SAKATA,JPN,622,24.88486111111111,0.5916398713826366,0.3392282958199357,266.46945930517194,1.0460474603360042,False
arg-comodororivadavia,COMODORO RIVADAVIA,ARG,620,47.068472222222226,0.9048387096774193,0.29193548387096774,479.8383317075694,1.0383772801550182,False
idn-gresik,,IDN,619,39.25527777777778,0.7996768982229402,0.14378029079159935,412.5503336339697,1.0928481312132399,False
nor-sture,STURE,NOR,617,22.726666666666667,0.3841166936790924,0.1166936790923825,429.34643695751384,1.6125266029711802,False
mys-langkawi,LANGKAWI,MYS,616,58.04541666666667,0.8717532467532467,0.037337662337662336,401.29102668544476,34.82440289980184,False
aze-baku,BAKU,AZE,614,8.78513888888889,0.19218241042345277,0.19218241042345277,158.28605270510997,1.0649610235498588,False
idn-kumaianchorage,KUMAI ANCHORAGE,IDN,613,17.371111111111112,0.9967373572593801,0.0,260.24942496689755,50.0,True
usa-loop,LOOP,USA,613,31.2475,0.49755301794453505,0.1598694942903752,558.203084527761,1.061815412019907,False
chn-haikou,HAIKOU,CHN,613,21.58111111111111,0.8694942903752039,0.12234910277324633,222.1142479292881,16.591194584997,False
esp-lapalma,LA PALMA,ESP,613,9.218333333333334,0.9804241435562806,0.01794453507340946,747.256300489367,1.1921394641103729,False
ita-genoa,GENOA,ITA,612,30.448397222222223,0.4803921568627451,0.3366013071895425,293.57663264675,1.1086586861382233,False
usa-neworleans,,USA,611,12.153611111111111,0.38461538461538464,0.05564648117839607,735.8575059137928,1.0139697786957118,False
nor-ekne,,NOR,610,34.49361111111111,0.34918032786885245,0.08032786885245902,667.6185461028276,3.5186724872403348,False
phl-isabel,ISABEL,PHL,609,107.73944444444444,0.21182266009852216,0.180623973727422,1200.0195185920861,1.2598490909229991,False
arg-atucha,,ARG,609,28.85944444444445,0.9507389162561576,0.7487684729064039,78.92452099153522,1.0148481757508598,False
usa-seattle,,USA,608,45.32083333333333,0.3338815789473684,0.33881578947368424,588.1902616304999,1.03555355460292,False
mex-manzanillo,MANZANILLO,MEX,608,33.68138888888889,0.44243421052631576,0.02138157894736842,1012.4534226606793,1.039463700447348,False
jpn-kochi,KOCHI,JPN,608,10.753333333333334,0.8157894736842105,0.5115131578947368,94.21492963202351,1.190953517606272,False
glp-pointeapitre,POINTE A PITRE,GLP,607,16.827222222222222,0.0032948929159802307,0.2586490939044481,335.7543047260668,1.0174845520098013,False
mys-miri,,MYS,606,89.10736111111112,0.3696369636963696,0.14356435643564355,1143.1422331593453,1.3607161899124827,False
jpn-niihama,NIIHAMA,JPN,605,89.7175,0.6231404958677685,0.315702479338843,267.0469806262489,1.051001120713547,False
dnk-dragor,DRAGOR,DNK,605,37.08222222222222,0.023140495867768594,0.04628099173553719,277.32574207659735,1.2472062031645204,False
jpn-soma,,JPN,604,103.20958333333331,0.6225165562913907,0.09768211920529801,251.03327398431446,1.072385266479502,False
chn-binhai,BINHAI,CHN,602,49.08091527777778,0.7674418604651163,0.132890365448505,290.9807838791653,5.971177807679877,False
mex-acapulco,ACAPULCO,MEX,601,50.65611111111111,0.8985024958402662,0.029950083194675542,275.62765960359525,1.0243477843168125,False
swe-sundsvall,,SWE,601,31.537222222222223,0.41430948419301167,0.13311148086522462,274.95367647453384,1.1820832001759183,False
usa-portlandme,,USA,601,32.46666666666667,0.33943427620632277,0.20632279534109818,199.96940073264022,2.107863657227777,False
aus-milnerbay,MILNER BAY,AUS,600,106.32333333333334,0.08166666666666667,0.008333333333333333,2677.359343769164,4.531235491264017,False
gbr-dover,DOVER,GBR,599,13.80861111111111,0.04340567612687813,0.6293823038397329,82.54216407222313,1.0005801407033499,False
ita-catania,CATANIA,ITA,598,17.820277777777775,0.6304347826086957,0.19732441471571907,296.6160944188552,1.2676471319210916,False
twn-mailiao,MAILIAO,TWN,597,64.03583333333333,0.2646566164154104,0.24958123953098826,555.4439672918788,1.1382928620074402,False
chn-chn-2390,CHN-2390,CHN,597,41.73722222222222,0.8911222780569514,0.7001675041876047,5.609812116483548,1.0064368373511683,False
idn-gorontalo,,IDN,596,48.09986111111111,0.9664429530201343,0.01174496644295302,1037.0855543696407,1.0016604005106282,False
tto-chaguaramas,,TTO,595,32.49138888888889,0.16302521008403362,0.18319327731092436,656.0620451926098,1.0914136489633737,False
usa-usa-758,USA-758,USA,594,103.38972222222222,0.6632996632996633,0.36195286195286197,200.12470003323577,1.0302424268519363,False
ita-taranto,,ITA,592,79.05777777777777,0.44763513513513514,0.07263513513513513,357.66862844312504,1.0151777765863528,False
can-labaie(portalfred),LA BAIE (PORT ALFRED),CAN,592,106.84680555555555,0.7128378378378378,0.28885135135135137,188.50858864441048,1.1211410358068485,False
mlt-mlt-19,MLT-19,MLT,592,9.008194444444444,0.17736486486486486,0.21114864864864866,725.2443999932723,1.0557098918073669,False
bra-cabedelo,CABEDELO,BRA,591,73.71388888888889,0.8477157360406091,0.2131979695431472,629.1075267263099,1.199895789272971,False
kor-taean,,KOR,590,48.23583333333333,0.49322033898305084,0.1440677966101695,228.9938707214706,1.1611304347125229,False
nor-silda,,NOR,589,5.461944444444445,0.9830220713073005,0.9405772495755518,40.78643479733871,1.0410332166259422,False
twn-taipei,,TWN,588,13.265833333333333,0.413265306122449,0.2789115646258503,170.10757884478812,1.01599434809838,False
syr-tartus,TARTUS,SYR,587,66.76222222222222,0.4020442930153322,0.48722316865417375,103.43294840573589,1.0242999470703191,False
gbr-plymouth,,GBR,587,38.333888888888886,0.6354344122657581,0.47018739352640543,171.44864157029613,10.581528603537382,False
rus-prigorodnoyeanchorage,PRIGORODNOYE ANCHORAGE,RUS,586,50.54208333333334,0.8003412969283277,0.5972696245733788,15.971953590662157,1.0001982765460031,True
fra-bayonne,,FRA,586,50.35069444444444,0.19795221843003413,0.11774744027303755,297.23622244851964,1.5904728339869938,False
mys-sandakan,,MYS,585,40.66416666666667,0.5914529914529915,0.15897435897435896,732.3868253842664,1.2774085402152744,False
idn-karimun,,IDN,585,52.12694444444445,0.26153846153846155,0.6153846153846154,50.43508026147848,1.0764431057406227,False
ven-puertolacruz,,VEN,585,114.41666666666669,0.6393162393162393,0.2222222222222222,279.0366952151597,1.6901174403403596,False
per-sannicolas,SAN NICOLAS,PER,584,281.9138888888889,0.1558219178082192,0.030821917808219176,9209.227366745532,25.146177157944457,False
tha-bangsaphan,BANG SAPHAN,THA,584,58.90152777777777,0.3613013698630137,0.07876712328767123,654.8904717964454,1.1657182229858607,False
per-mollendo,MOLLENDO,PER,584,33.25805555555556,0.886986301369863,0.386986301369863,420.2844596528265,1.0279406994740161,False
kor-kor-223,,KOR,581,121.82694444444444,0.14285714285714285,0.11703958691910499,2189.507202023095,1.2078659667800657,False
idn-manggis,MANGGIS,IDN,581,72.66916666666667,1.0,0.5628227194492255,23.59783846773088,4.05238457365577,False
brn-seriaoilterminal,SERIA OIL TERMINAL,BRN,581,40.99261944444444,0.10843373493975904,0.10843373493975904,2133.4728747083896,3.484308477894645,False
usa-everett,EVERETT,USA,580,33.40541666666667,0.5275862068965518,0.6724137931034483,78.9253680463179,1.0206112050585896,False
mar-jorflasfar,JORF LASFAR,MAR,579,115.24305555555556,0.22797927461139897,0.1848013816925734,458.1431915562701,1.0372793770486028,False
ita-ancona,ANCONA,ITA,579,17.28611111111111,0.6424870466321243,0.1157167530224525,119.43777659462884,1.1844192067963015,False
per-chimbote,CHIMBOTE,PER,578,32.92069444444444,0.78719723183391,0.25432525951557095,193.76763548147625,1.0039254979569634,False
kwt-minaalahmadi,MINA AL AHMADI,KWT,576,31.728333333333335,0.6059027777777778,0.609375,25.050659891415293,1.0455470679579084,False
gbr-cardiff,CARDIFF,GBR,576,25.817916666666665,0.8524305555555556,0.7847222222222222,75.60181417376859,15.120362834753717,False
irn-bushehr,,IRN,575,37.39055555555556,0.6817391304347826,0.1565217391304348,129.68842529562042,2.1431404175849975,False
dza-annaba,ANNABA,DZA,574,92.96902777777778,0.16550522648083624,0.09581881533101046,409.436718288937,1.1993756109709042,False
gbr-londonderry,LONDONDERRY,GBR,571,37.90444444444445,0.46409807355516636,0.11733800350262696,214.48777687213575,1.526232046998449,False
idn-merauke,MERAUKE,IDN,571,61.91444444444444,0.9982486865148862,0.03327495621716287,1268.0448472190972,1.5097896516036788,False
cog-djeno,DJENO,COG,570,41.92861111111111,0.24035087719298245,0.33157894736842103,2644.9099980988435,1.0065104734765582,False
rus-rus-393,,RUS,568,8.960138888888888,1.0,0.8802816901408451,34.65532439340544,1.1332957614850143,False
chl-patillos,PATILLOS,CHL,567,71.76166666666667,0.07054673721340388,0.031746031746031744,1856.5609021254973,1.3076046279584066,False
ind-sagar,,IND,567,60.94444444444444,0.7689594356261023,0.691358024691358,40.3826230153716,1.0182248477301723,False
sau-jazaneconomiccity,,SAU,566,52.175184444444454,0.3992932862190813,0.12367491166077739,916.2819957144425,1.3872968106746653,False
sau-sau-194,,SAU,566,37.083194444444445,0.8657243816254417,0.3869257950530035,219.63587753647096,1.0,False
fin-hanko,HANKO,FIN,564,10.512113888888889,0.16666666666666666,0.20390070921985815,345.663689916149,1.038193663880298,False
vnm-longkou,,VNM,563,45.16694444444445,0.5737122557726465,0.03197158081705151,457.44394299635496,1.8882755252158754,False
rus-gelendzhik,,RUS,562,13.796666666666667,0.5836298932384342,0.5782918149466192,15.918631857601582,1.0256027783388815,False
idn-nabire,,IDN,560,45.192499999999995,0.9982142857142857,0.08928571428571429,167.08585927995992,1.2474274975494277,False
nga-calabar,,NGA,559,116.9775,0.669051878354204,0.12701252236135957,304.4251952728166,5.731407887967637,False
jpn-jpn-359,,JPN,557,6.359166666666667,0.9658886894075404,0.9228007181328546,29.328632130602468,1.5913273949885793,False
swe-swe-169,SWE-169,SWE,555,14.98638888888889,0.05225225225225225,0.28468468468468466,227.67653997428175,1.087162801916451,False
png-madang,MADANG,PNG,553,28.347361111111116,0.6799276672694394,0.09945750452079566,163.15015974373048,1.0099653106409405,False
jpn-shigei,SHIGEI,JPN,551,233.2161111111111,0.8493647912885662,0.7241379310344828,16.03456066775097,1.0007024046707356,False
ltu-klaipeda,,LTU,551,23.79722222222222,0.7803992740471869,0.7931034482758621,9.005949172692047,1.008273011291686,False
dnk-aabenraa,AABENRAA,DNK,551,27.99,0.17422867513611615,0.1851179673321234,260.91537202670037,2.180123573472336,False
gbr-gbr-396,,GBR,551,19.218611111111112,0.35208711433756806,0.12885662431941924,292.5807122832675,1.1115969547391606,False
myt-longoni,LONGONI,MYT,551,76.83444444444444,0.003629764065335753,0.07985480943738657,283.8798564482294,1.1370096543073003,False
pri-guayanilla,,PRI,550,42.666805555555555,0.29454545454545455,0.2963636363636364,531.4212005792292,1.0627072219922469,False
jpn-satsumasendai,,JPN,548,9.881388888888889,0.6715328467153284,0.36678832116788324,258.673246058179,1.2998437795032893,False
gbr-brodick,BRODICK,GBR,547,22.356613888888887,0.9488117001828154,0.9341864716636198,30.255859686039255,1.0416206875248508,False
nor-rottvegen,,NOR,546,7.954722222222221,0.2765567765567766,0.11355311355311355,325.69282215334385,1.0316736062530187,False
ita-ita-3,,ITA,546,25.49972222222222,0.020146520146520148,0.020146520146520148,1232.7522011279952,23.934409689560137,False
mex-mex-198,,MEX,545,37.31972222222223,0.8972477064220183,0.7963302752293578,5.725353670711764,1.000770023667184,False
usa-adamsville,ADAMSVILLE,USA,545,46.10861111111111,0.4990825688073395,0.26055045871559634,729.7614063658265,1.0061781609038232,False
mtq-schoelcher,SCHOELCHER,MTQ,544,17.459027777777777,0.012867647058823529,0.3382352941176471,101.4398385856663,1.0795219921420551,False
abw-oranjestad,ORANJESTAD,ABW,544,13.339027777777776,0.03308823529411765,0.2867647058823529,351.9673492150166,1.036235281633883,False
isl-vestmannaeyjar,VESTMANNAEYJAR,ISL,543,5.570277777777778,0.03130755064456722,0.01289134438305709,382.9240825961751,1.0298486733238155,False
dnk-dnk-215,DNK-215,DNK,543,32.10638888888889,0.29097605893186,0.35174953959484345,139.22990372890501,1.1366455608889774,False
pan-gamboa,GAMBOA,PAN,542,30.80263888888889,0.996309963099631,0.996309963099631,34.906813481349516,1.009406482624448,False
mex-rosaritoanchorage,,MEX,542,101.11791666666667,0.7066420664206642,0.08487084870848709,603.8510288530033,1.029981942383728,False
dnk-munkebo,MUNKEBO,DNK,542,106.28694444444446,0.3062730627306273,0.2177121771217712,132.0749545926106,1.2497269243507039,False
fin-mantyluoto,,FIN,540,31.82236111111111,0.3888888888888889,0.2611111111111111,195.2788422971313,1.1174380142775098,False
lby-benghazi,BENGHAZI,LBY,538,66.76555555555555,0.22862453531598512,0.04460966542750929,505.7938714332929,1.5575424033299727,False
jpn-jpn-369,,JPN,537,63.58055555555556,0.3221601489757914,0.10800744878957169,546.4239768317439,1.1343323675033126,False
usa-newportanchorage,NEWPORT ANCHORAGE,USA,536,15.796805555555556,0.9813432835820896,0.960820895522388,25.302113998357708,1.013398230556655,True
phl-talaga,TALAGA,PHL,536,50.87847222222222,0.5205223880597015,0.36380597014925375,449.06323975138446,1.0158690553844005,False
nor-stavern,STAVERN,NOR,535,13.150555555555556,0.5439252336448598,0.5626168224299065,84.53240021852882,1.0489855826689316,False
nor-kopervik,KOPERVIK,NOR,535,8.676666666666666,0.41495327102803736,0.31588785046728973,286.4964742924745,1.0216618295035513,False
chn-chn-2395,CHN-2395,CHN,530,102.92930555555554,0.8754716981132076,0.05849056603773585,937.2113050377037,2.480359563122155,False
dza-arzew,,DZA,528,81.035,0.0946969696969697,0.07196969696969698,352.0695935427317,1.101388449967824,False
chn-lammaisland,LAMMA ISLAND,CHN,527,26.136666666666667,0.5047438330170778,0.31499051233396586,497.1832292164279,1.0184340154303329,False
kor-mokpo,MOKPO,KOR,525,21.30555555555556,0.8361904761904762,0.6628571428571428,21.299948988827012,1.0756007880257628,False
gbr-tyne,TYNE,GBR,525,29.08055555555556,0.2019047619047619,0.1619047619047619,264.99046335317183,1.63578003850411,False
mex-dosbocas,DOS BOCAS,MEX,523,38.21333333333333,0.5544933078393881,0.25047801147227533,345.8756308756564,1.3768008588069727,False
usa-usa-1843,USA-1843,USA,520,38.66166666666666,0.9346153846153846,0.14038461538461539,146.9734585047472,1.2252238640363138,False
rus-rus-449,,RUS,520,176.58597222222224,0.9846153846153847,0.2692307692307692,826.6897842091669,5.304505587911336,False
ury-recaladaanchorage,,URY,519,59.67444444444445,0.279383429672447,0.26204238921001927,286.571583709692,1.014150475429247,False
jpn-sasebo,,JPN,519,93.13305555555556,0.4123314065510597,0.1907514450867052,146.67263597912861,1.0149117994532273,False
can-stjohn's,ST JOHN'S,CAN,519,17.253055555555555,0.9364161849710982,0.05009633911368015,862.532112676447,50.0,False
esh-laayoune,LAAYOUNE,ESH,519,90.86805555555556,0.11560693641618497,0.10211946050096339,679.1948360049826,1.099599396956193,False
nld-harlingen,HARLINGEN,NLD,518,21.709027777777777,0.4343629343629344,0.43243243243243246,130.46153246434145,1.0853913860099111,False
chn-chn-181,CHN-181,CHN,517,20.800555555555555,0.9632495164410058,0.9284332688588007,13.076481825567656,1.003368726171261,False
are-sharjahanchorage,SHARJAH ANCHORAGE,ARE,517,45.47361111111111,0.5299806576402321,0.5531914893617021,90.02972759213965,1.0661858000027142,True
idn-kendari,,IDN,516,31.65486111111111,0.9961240310077519,0.07751937984496124,612.0009381591866,1.1462561087872287,False
vir-vir-19,VIR-19,VIR,516,14.785416666666666,0.2868217054263566,0.35271317829457366,105.88985460162735,1.00801734366887,False
mex-cayoarcas,CAYO ARCAS,MEX,516,31.05152777777778,0.18604651162790697,0.17248062015503876,592.4112272609567,1.1780601122893861,False
egy-alexandria,,EGY,516,82.77361111111111,0.13565891472868216,0.05232558139534884,476.3323744268973,1.5482130261678935,False
bgd-chittagong,,BGD,515,109.42083333333332,0.13009708737864079,0.1087378640776699,1428.1770375593997,14.752998114299736,False
swe-holmsund,HOLMSUND,SWE,514,18.14861111111111,0.5525291828793775,0.07587548638132295,204.37841116616494,4.343937409623418,False
chn-chn-2387,CHN-2387,CHN,514,25.8325,0.9202334630350194,0.8871595330739299,34.852935764654966,1.1360779422724945,False
per-bayovar,BAYOVAR,PER,513,53.62444444444444,0.4171539961013645,0.29239766081871343,879.8232393273399,1.1709292781718608,False
geo-kulevi,,GEO,513,42.085,0.1111111111111111,0.1111111111111111,564.7869349856203,1.0127536815677884,False
usa-usa-1324,USA-1324,USA,513,77.53027777777778,0.25146198830409355,0.2222222222222222,4256.000227763925,1.0041613719090507,False
chn-taizhou,TAIZHOU,CHN,513,43.50083333333333,0.9025341130604289,0.3820662768031189,162.3228680203173,1.0666517696526483,False
rus-astrakhan,,RUS,512,12.867083333333333,0.71484375,0.65625,79.50122797057274,1.0415077070180816,False
bra-portoalegre,PORTO ALEGRE,BRA,512,71.72472222222223,0.6015625,0.001953125,362.4924875172004,2.0382692506010676,False
gbr-carrickfergus,CARRICKFERGUS,GBR,509,16.74222222222222,0.9980353634577603,0.9980353634577603,8.439525163684495,1.0229883701601516,False
ukr-dneprobugskiy,DNEPROBUGSKIY,UKR,509,52.99972222222223,0.48722986247544203,0.48722986247544203,202.72806968905869,1.3296226716154047,False
ita-falconara,,ITA,508,71.41930555555555,0.5334645669291339,0.2992125984251969,396.78436074352345,1.101414334929074,False
tur-icdas,,TUR,507,113.3902,0.2978303747534517,0.16370808678500987,571.0060417183117,1.130974929557639,False
idn-tarakan,TARAKAN,IDN,506,83.8,0.5632411067193676,0.0691699604743083,672.8970602918481,10.493797559597521,False
nzl-dunedin,,NZL,506,19.30513888888889,0.9841897233201581,0.9683794466403162,6.471402615928125,1.0010985488986157,False
cpv-praia,PRAIA,CPV,506,36.84930555555555,0.5573122529644269,0.06521739130434782,148.58790932673594,1.2358335285649478,False
usa-detroit,DETROIT,USA,505,30.655833333333334,0.18415841584158416,0.1782178217821782,165.46446109454493,1.3688790859265063,False
rus-rus-260,,RUS,505,20.755,0.807920792079208,0.7841584158415842,53.23172212645838,1.0016505046833732,False
nld-ijmuiden,,NLD,505,62.58111111111111,0.9663366336633663,0.9683168316831683,29.64007629316312,1.0062872307532282,False
per-tablones,TABLONES,PER,505,31.104166666666668,0.49504950495049505,0.26534653465346536,336.82970422818903,1.0430739932947752,False
ind-ind-40,,IND,503,6.719444444444444,0.9761431411530815,0.9582504970178927,19.723265301725263,1.0234436546791945,False
nor-nor-258,,NOR,503,13.127777777777778,0.39363817097415504,0.14314115308151093,342.30197535465726,1.2365335402403186,False
tur-aliaga,,TUR,503,50.65555555555556,0.8409542743538767,0.6520874751491054,5.323087813298603,1.0102396448458741,False
dma-roseau,ROSEAU,DMA,502,7.632083333333334,0.08167330677290836,0.43227091633466136,129.72119173701793,1.0113848880179126,False
usa-usa-1684,,USA,501,33.460277777777776,0.6427145708582834,0.2894211576846307,236.34764269425256,1.0358462798953025,False
gbr-gbr-480,,GBR,500,59.41374999999999,0.214,0.152,404.99672632474085,1.1111611857028147,False
jpn-itoigawa,ITOIGAWA,JPN,499,43.36611111111111,0.5831663326653307,0.07414829659318638,313.2015652213276,2.1200819004414924,False
per-huarmey,HUARMEY,PER,498,69.82819444444445,0.26305220883534136,0.018072289156626505,1138.3323740575954,1.0066779187460069,False
usa-homer,HOMER,USA,497,31.155833333333334,0.9496981891348089,0.5030181086519114,64.83328091525178,1.025969145546708,False
fsm-pohnpei,POHNPEI,FSM,497,31.001944444444444,0.386317907444668,0.008048289738430584,783.891584979549,1.0076879643667498,False
phl-riotuba,,PHL,496,104.90694444444446,0.06653225806451613,0.004032258064516129,944.6282002288463,1.3710581158743973,False
gnq-malabo,MALABO,GNQ,495,36.155,0.2202020202020202,0.41414141414141414,129.90948746650503,1.3859164981874288,False
aus-sydney,SYDNEY,AUS,495,71.76,0.6747474747474748,0.1292929292929293,770.4142394535211,1.2042685155970703,False
rou-sulina,SULINA,ROU,495,3.7666666666666666,0.9131313131313131,0.9373737373737374,33.489809406136516,1.1049381032260963,False
grd-stgeorges,ST GEORGES,GRD,495,12.725,0.014141414141414142,0.4080808080808081,103.93226941097379,1.0903257769950478,False
aus-thevenard,THEVENARD,AUS,495,53.6425,0.7272727272727273,0.006060606060606061,1009.3499063245584,1.8920279643292286,False
tur-yesilovacik,YESILOVACIK,TUR,494,97.86916666666667,0.145748987854251,0.06680161943319839,1609.2296411642963,1.2613211383253662,False
pan-almirante,ALMIRANTE,PAN,494,31.578194444444446,0.3643724696356275,0.04251012145748988,531.5220456591976,1.0742843827464066,False
kor-mokpo,,KOR,494,17.206805555555555,0.6842105263157895,0.22267206477732793,159.87544730376794,1.3321341789077839,False
nor-melkoya,MELKOYA,NOR,493,45.67527777777778,0.15618661257606492,0.010141987829614604,957.3418707929902,3.898548686727443,False
ecu-puntaarenas,PUNTA ARENAS,ECU,493,53.32277777777778,0.5496957403651116,0.3935091277890467,249.67848618910898,1.1904729358221504,False
aus-portpirie,,AUS,493,23.2925,0.949290060851927,0.8640973630831643,14.019011738047778,1.0166108737195143,False
gbr-clydebank,CLYDEBANK,GBR,492,36.30611111111111,0.4796747967479675,0.17276422764227642,332.46715519621114,1.2173252161757813,False
swe-sodertalje,SODERTALJE,SWE,492,2.657222222222222,0.9939024390243902,0.9898373983739838,47.977573975436854,1.1043549710294838,False
usa-redwoodcity,REDWOOD CITY,USA,491,25.648611111111112,0.8594704684317719,0.8126272912423625,23.414728673932782,3.7053563319793907,False
mys-telokramunia,TELOK RAMUNIA,MYS,491,16.441944444444445,0.23217922606924643,0.1975560081466395,469.44697077159856,1.075407071563396,False
fin-pori,PORI,FIN,491,22.98,0.26476578411405294,0.10183299389002037,346.56220111362074,1.3371868212010471,False
ita-ortona,ORTONA,ITA,489,37.52916666666667,0.7300613496932515,0.05725971370143149,251.23239216132512,2.6641955717981833,False
kor-kor-6,KOR-6,KOR,489,20.706666666666667,1.0,0.9979550102249489,9.070594756519617,1.8141189513039233,False
esp-carboneras,CARBONERAS,ESP,489,53.94972222222222,0.689161554192229,0.08793456032719836,221.0717759076602,1.1355542281679971,False
idn-tanjungbenete,TANJUNG BENETE,IDN,489,40.91722222222222,0.6380368098159509,0.024539877300613498,459.11743758053024,1.7633943328897825,False
ita-portotorres,,ITA,488,36.40569444444444,0.6188524590163934,0.02663934426229508,356.29138239873123,1.3665633039857281,False
phl-iloilo,ILOILO,PHL,488,73.01666666666667,0.5840163934426229,0.2786885245901639,255.13029465665028,1.085383975903696,False
kwt-kwt-22,KWT-22,KWT,487,27.954166666666666,0.014373716632443531,0.014373716632443531,483.1443312795076,3.1342953297060556,False
idn-lamongan,LAMONGAN,IDN,486,73.44833333333334,0.9156378600823045,0.6563786008230452,19.206588953773903,1.078407408783285,False
mex-morroredondo,MORRO REDONDO,MEX,486,78.82583333333334,0.09670781893004116,0.05761316872427984,2323.2476522783645,3.510517221892389,False
tun-zarzis,ZARZIS,TUN,485,44.950833333333335,0.010309278350515464,0.006185567010309278,823.4527591361599,1.545236071316442,False
ukr-kerch,KERCH,UKR,485,38.83055555555556,0.15670103092783505,0.488659793814433,111.732589798153,1.0383672406301037,False
brn-seria,SERIA,BRN,485,55.07944444444445,0.22474226804123712,0.26804123711340205,753.4476101871506,1.1457396803361444,False
irn-chabahar,CHABAHAR,IRN,485,49.35305555555556,0.6103092783505155,0.12989690721649486,266.59865068413654,1.0120973815512204,False
chn-chaozhou,CHAOZHOU,CHN,484,60.433506944444446,0.6983471074380165,0.31611570247933884,474.8671286702003,1.0740726967499088,False
nga-bonnyterminal,BONNY TERMINAL,NGA,484,45.03875,0.4772727272727273,0.43388429752066116,370.1665222862441,1.1721082347812386,False
ita-piombino,,ITA,484,83.42405694444444,0.4834710743801653,0.07231404958677685,387.19433963475433,1.2639027305760426,False
mex-puntavenado,,MEX,484,17.812083333333334,0.014462809917355372,0.014462809917355372,659.7868963844668,4.05420796999053,False
nor-tjeldbergodden,,NOR,483,17.895833333333332,0.2318840579710145,0.07867494824016563,593.9930323382464,2.2977955590967407,False
rus-volgo-kaspiyskiy,VOLGO-KASPIYSKIY,RUS,483,23.308055555555555,0.2981366459627329,0.2836438923395445,383.7311100622974,1.0379817583713027,False
chn-changqitou,CHANGQITOU,CHN,482,76.52819444444444,0.5186721991701245,0.15560165975103735,640.1621374825745,1.1085550885362965,False
usa-pointroberts,POINT ROBERTS,USA,482,55.57375,0.11410788381742738,0.1016597510373444,4343.880323446141,1.00676929172147,False
idn-idn-78,IDN-78,IDN,479,51.516666666666666,0.9603340292275574,0.020876826722338204,501.8926941871949,2.451076625863735,False
can-windsor,WINDSOR,CAN,477,33.69555555555556,0.14255765199161424,0.1761006289308176,256.355219985666,1.4264057007399937,False
nld-nld-18,,NLD,476,47.359750000000005,0.27310924369747897,0.3739495798319328,348.1905504785724,1.0298476425788854,False
chn-chn-702,CHN-702,CHN,475,20.566666666666663,0.7873684210526316,0.6842105263157895,16.741522832391304,1.036813791657347,False
idn-baubau,,IDN,475,66.45694444444445,0.871578947368421,0.04631578947368421,350.4998068572902,2.1329188246722834,False
per-lapampillaoilterminal,,PER,475,92.11583333333331,0.5852631578947368,0.2294736842105263,420.91188036416565,1.7429976604670596,False
ltu-butinge,BUTINGE,LTU,475,32.63,0.11578947368421053,0.12,326.329588475576,1.4466025244330558,False
gbr-faslane,,GBR,474,38.000694444444434,0.3860759493670886,0.31856540084388185,180.1744886779847,1.400435324843951,False
kor-dangjin,,KOR,474,162.77916666666667,0.16455696202531644,0.08227848101265822,2468.8477304040807,1.1436487839548564,False
ven-elpalito,,VEN,474,88.95902777777778,0.8037974683544303,0.06118143459915612,148.7350995125593,1.3379957785063759,False
pak-portqasim,PORT QASIM,PAK,474,43.553333333333335,0.12236286919831224,0.12025316455696203,582.4617919193345,1.0613986163478448,False
can-can-344,CAN-344,CAN,473,18.89361111111111,0.8393234672304439,0.04439746300211417,396.5500320511804,3.1755327190094467,False
pan-puertoarmuelles,,PAN,473,42.29166666666666,0.9492600422832981,0.9281183932346723,7.763023246590848,1.0046170947883895,False
kor-hosan,,KOR,473,50.13972222222223,0.28752642706131076,0.09725158562367865,2338.6431039275526,1.172900736469131,False
hrv-split,SPLIT,HRV,472,58.72723888888889,0.211864406779661,0.17796610169491525,381.93393386393694,1.1925636317936625,False
idn-perawang,,IDN,472,53.705,0.9597457627118644,0.19491525423728814,509.42600304816017,1.0695456905973981,False
vnm-vungtau,VUNG TAU,VNM,471,33.48583333333333,0.32908704883227174,0.1464968152866242,578.8672056245413,1.0618826476298215,False
sur-paramariboanchorage,PARAMARIBO ANCHORAGE,SUR,471,21.299444444444443,0.059447983014861996,0.059447983014861996,481.8001203737577,1.0394023316769154,True
chn-qinzhouanchorage,QIN ZHOU ANCHORAGE,CHN,470,30.7025,0.625531914893617,0.5893617021276596,19.536400204161815,1.038911790105752,True
can-can-37,CAN-37,CAN,470,196.6015277777778,0.8936170212765957,0.9851063829787234,37.411882269134686,1.011688030202062,False
png-lihir,LIHIR,PNG,469,55.28944444444444,0.34328358208955223,0.1279317697228145,1414.8896554516525,1.3797594151938062,False
jpn-hakodate,,JPN,469,72.71805555555555,0.43710021321961623,0.27078891257995735,559.4873360914854,1.2078201187866324,False
aus-magneticisland,,AUS,468,38.12583333333333,0.5192307692307693,0.07905982905982906,1111.8409751259642,1.0154422697146204,False
chl-cabonegro,CABO NEGRO,CHL,468,48.515277777777776,0.5128205128205128,0.21367521367521367,1211.6497329403744,1.0011923720523326,False
mys-kimanis,,MYS,467,27.81361111111111,0.6788008565310493,0.03854389721627409,848.4111056159805,2.9185188618035083,False
cub-matanzas,MATANZAS,CUB,467,71.09444444444445,0.7580299785867237,0.4197002141327623,259.06148479310366,1.1279093715265727,False
usa-blakeisland,BLAKE ISLAND,USA,465,68.42722222222223,0.9010752688172043,0.886021505376344,13.185136881372138,1.003040021262537,False
lby-tobruk,,LBY,464,60.72375,0.1400862068965517,0.05603448275862069,469.93036820289325,1.515936737695642,False
phl-toledo,TOLEDO,PHL,462,117.96083333333334,0.22510822510822512,0.09307359307359307,809.019144301084,1.2948393505636597,False
rus-posyet,POSYET,RUS,461,104.38722222222222,0.019522776572668113,0.01735357917570499,570.4278638435483,2.5359256708450864,False
idn-idn-401,,IDN,459,67.65611111111112,0.8431372549019608,0.04139433551198257,442.97665576407275,2.681248171458144,False
kwt-kwt-8,,KWT,459,40.52777777777778,0.20261437908496732,0.2047930283224401,476.2025060677146,1.0440371441203908,False
nga-escravosfield,ESCRAVOS FIELD,NGA,458,56.73361111111111,0.2314410480349345,0.14847161572052403,2208.0251944384386,1.0720587074910046,False
gbr-thamesanchorage,,GBR,457,26.75138888888889,0.9606126914660832,0.975929978118162,26.273428538107712,1.0139218092610738,False
hti-laffiteau,LAFFITEAU,HTI,456,14.069861111111113,0.1600877192982456,0.1600877192982456,256.17450910468784,1.043908480020198,False
idn-merakmasterminal,,IDN,456,77.90205833333334,0.5526315789473685,0.17763157894736842,446.8912170407966,1.496826753007059,False
idn-bontang,BONTANG,IDN,456,31.524722222222223,0.5153508771929824,0.10526315789473684,743.2444584944292,2.0865128572846303,False
tto-tto-16,,TTO,456,16.62347222222222,0.8223684210526315,0.8223684210526315,12.61132435276787,2.456915014461751,False
omn-qalhatlngterminal,,OMN,456,51.72972222222222,0.07456140350877193,0.06798245614035088,1339.2606670313746,1.8511924471561518,False
jpn-kanokawa,,JPN,455,26.41027777777778,0.6637362637362637,0.2813186813186813,188.85680854878814,1.047653173683519,False
nzl-nzl-102,NZL-102,NZL,455,46.53111111111111,0.6329670329670329,0.578021978021978,77.72358673919338,1.0245412993947867,False
idn-bunatianchorage,,IDN,455,155.50222222222223,0.26373626373626374,0.05054945054945055,1602.1444129436377,2.947918832170059,False
can-northsydney,NORTH SYDNEY,CAN,455,23.75583333333333,0.8945054945054945,0.23076923076923078,188.28156434133996,1.1790681113840191,False
rus-rus-368,,RUS,455,11.400277777777776,0.9956043956043956,0.7098901098901099,49.42735954318512,1.014545817245145,False
twn-shenao,SHEN AO,TWN,454,29.68611111111111,0.7995594713656388,0.22246696035242292,179.66257636965935,2.569873613001924,False
chn-chn-74,CHN-74,CHN,452,46.60069444444444,0.47123893805309736,0.10398230088495575,492.63292459208816,1.2090365716277816,False
usa-usa-1589,USA-1589,USA,451,66.43305555555555,0.5144124168514412,0.008869179600886918,481.1962960869304,1.1336830618722098,False
abw-oranjestad,,ABW,450,14.200277777777778,0.013333333333333334,0.7955555555555556,68.4134475959961,1.0190520839529589,False
ven-carenero,,VEN,449,53.59194444444445,0.9510022271714922,0.44097995545657015,119.27575986009666,2.9866770613158167,False
swe-varberg,VARBERG,SWE,449,12.475833333333334,0.10244988864142539,0.43207126948775054,214.78036129217168,1.1772973361398913,False
est-parnu,,EST,448,20.71138888888889,0.08705357142857142,0.09821428571428571,336.36435122856136,3.595797527168079,False
ita-ita-336,,ITA,447,46.013888888888886,0.09619686800894854,0.05592841163310962,341.35043122491874,2.9311802199054435,False
png-alotau,ALOTAU,PNG,447,21.46555555555556,0.8322147651006712,0.116331096196868,295.16729102471055,2.9633085823136422,False
lby-lby-22,,LBY,445,29.57027777777778,0.020224719101123594,0.020224719101123594,715.1224094897219,2.255536126698536,False
ind-bhavnagarnewport,BHAVNAGAR NEW PORT,IND,445,116.13666666666668,0.5662921348314607,0.3438202247191011,165.09529136562827,1.0896642489800152,False
bgd-bgd-14,BGD-14,BGD,445,42.65805555555556,0.04269662921348315,0.04269662921348315,2208.6121111890607,50.0,False
nga-sapele,SAPELE,NGA,444,48.613749999999996,0.8963963963963963,0.7454954954954955,29.158122645622967,1.626323456619107,False
ven-ven-16,,VEN,444,15.307222222222222,0.7522522522522522,0.5427927927927928,95.53540745369945,1.7344807057437615,False
kor-kor-3,KOR-3,KOR,442,23.42111111111111,0.6470588235294118,0.5633484162895928,88.42630684760147,1.0562373310600215,False
swe-stockholmanchorage,,SWE,442,28.22736111111111,0.28054298642533937,0.11990950226244344,207.45390132901542,1.9746140988477707,False
ita-palermoanchorage,PALERMO ANCHORAGE,ITA,442,45.11666666666667,0.9049773755656109,0.6923076923076923,99.58127354598808,17.481691845233016,True
plw-melekeok,MELEKEOK,PLW,442,23.566805555555554,0.004524886877828055,0.004524886877828055,1035.9833350726992,1.107737120793551,False
chl-chanaral,CHANARAL,CHL,442,83.46222222222222,0.744343891402715,0.09728506787330317,388.14779425502115,1.0319070162460715,False
mex-progreso,,MEX,442,34.64,0.47285067873303166,0.14705882352941177,479.0935266688918,1.0948972174620453,False
lca-marigotbay,MARIGOT BAY,LCA,441,14.471944444444444,0.061224489795918366,0.6031746031746031,97.82298322794433,1.0708057963843174,False
usa-usa-1647,USA-1647,USA,441,29.965,0.6326530612244898,0.29705215419501135,131.1849004946578,1.0270996623819928,False
usa-usa-1641,,USA,440,27.44986111111111,0.04090909090909091,0.03409090909090909,3317.1974741596523,4.423161647222949,False
aus-portpirie,PORT PIRIE,AUS,440,104.74263888888889,0.8295454545454546,0.1318181818181818,735.1171458922641,1.0093063369748267,False
nor-svelgen,SVELGEN,NOR,440,6.048194444444444,0.7204545454545455,0.5340909090909091,97.25434948287953,1.0256611935399875,False
fin-fin-29,,FIN,440,41.8725,0.325,0.2409090909090909,233.70766944816305,1.396156065027191,False
idn-malahayati,MALAHAYATI,IDN,439,35.955669444444446,0.9384965831435079,0.11161731207289294,304.3081152921149,4.163429566377602,False
usa-cameron,CAMERON,USA,436,31.124166666666667,0.16055045871559634,0.13761467889908258,4233.965995639704,1.3235021742957702,False
vnm-vnm-67,,VNM,436,81.25944444444445,0.22935779816513763,0.09862385321100918,496.84718423110655,1.9881482168802478,False
nor-nor-663,,NOR,436,23.834027777777777,0.2018348623853211,0.1628440366972477,431.36557492789495,1.7520910873077225,False
swe-uddevalla,UDDEVALLA,SWE,436,79.9798611111111,0.21559633027522937,0.30504587155963303,323.010390805061,1.0862614133554724,False
dom-dom-22,DOM-22,DOM,436,37.60875,0.0389908256880734,0.03211009174311927,3937.784670967888,1.010804328204556,False
fra-portlanouvelle,,FRA,435,29.13055555555556,0.4206896551724138,0.4068965517241379,141.49396349989107,1.4042805442761728,False
arg-ramallo,RAMALLO,ARG,434,42.08236111111111,0.7949308755760369,0.2119815668202765,132.48834091011,1.013496483381691,False
brn-brn-16,BRN-16,BRN,433,47.23861111111111,0.2909930715935335,0.2979214780600462,827.505330043859,1.0620313952167106,False
hti-caphaitien,CAP HAITIEN,HTI,433,57.41611111111112,0.13625866050808313,0.14087759815242495,286.08065966314166,1.3587445462620757,False
cmr-limbe,LIMBE,CMR,432,70.81693055555556,0.5694444444444444,0.5717592592592593,21.935595374811417,3.3662210175008904,False
ven-puntaguaranao,PUNTA GUARANAO,VEN,432,74.62777777777778,0.9467592592592593,0.75,95.77698224813007,1.158580544954737,False
nor-trondheim,TRONDHEIM,NOR,432,12.694444444444443,0.7662037037037037,0.05555555555555555,247.00968719003365,2.0475844913262455,False
esh-dakhla,DAKHLA,ESH,430,24.734722222222224,0.6906976744186046,0.48372093023255813,181.02529887167876,1.0085196626560693,False
can-valleyfield,,CAN,429,47.18638888888889,0.5687645687645687,0.9137529137529138,28.93755653893861,1.0055413287136656,False
usa-portlandme,PORTLAND ME,USA,429,32.63777777777778,0.36363636363636365,0.20279720279720279,202.98845643582808,2.029428217291603,False
can-thunderbay,THUNDER BAY,CAN,429,39.859722222222224,0.21212121212121213,0.19813519813519814,225.39211391700164,1.0188884804659946,False
usa-usa-1756,,USA,428,20.42,0.1939252336448598,0.719626168224299,6.329572853808911,1.1649004611529508,False
mex-mex-199,,MEX,428,44.11763888888889,0.883177570093458,0.8247663551401869,5.586862063071312,1.0004263919772636,False
grd-grandmal,GRAND MAL,GRD,428,15.9275,0.07009345794392523,0.4088785046728972,139.51476767602617,1.1516057347935247,False
ita-pozzallo,POZZALLO,ITA,428,56.67819444444444,0.5163551401869159,0.23130841121495327,284.6632948827745,1.4568472874157048,False
tls-dili,DILI,TLS,427,39.3975,0.04449648711943794,0.11241217798594848,765.2780551321466,1.4324706649760097,False
chn-chn-2520,CHN-2520,CHN,426,68.71819444444444,0.795774647887324,0.323943661971831,604.7374453106493,1.0709572060872627,False
chn-maominganchorage,MAOMING ANCHORAGE,CHN,426,42.126527777777774,0.3051643192488263,0.05868544600938967,1267.9562174632163,1.0569490028589401,True
esp-palmademallorca,PALMA DE MALLORCA,ESP,425,35.818888888888885,0.56,0.10352941176470588,337.8991275828932,1.364857252091071,False
chn-shanwei,SHANWEI,CHN,424,72.07624999999999,0.8254716981132075,0.39622641509433965,954.7466317934893,1.0929307001957103,False
bhs-adelaide,ADELAIDE,BHS,424,36.66708333333334,0.29245283018867924,0.08018867924528301,577.0467412050809,1.1459047071353616,False
deu-deu-525,DEU-525,DEU,424,50.20930555555556,0.35141509433962265,0.35141509433962265,259.997352186126,1.3072419244830047,False
nor-egersund,EGERSUND,NOR,424,6.546805555555556,0.6816037735849056,0.5377358490566038,55.62075749657747,1.0011593118374345,False
chn-dayushanisland,DAYUSHAN ISLAND,CHN,422,37.14763888888889,0.9454976303317536,0.4976303317535545,148.04323140096807,1.2279757647946743,False
ind-dahej,DAHEJ,IND,421,34.15055555555556,0.38717339667458434,0.0688836104513064,902.6624302177154,1.8258574636483362,False
cub-cienfuegos,CIENFUEGOS,CUB,421,166.7086111111111,0.5463182897862233,0.1187648456057007,289.3025450994077,1.1121516687868354,False
mys-mys-59,MYS-59,MYS,420,37.552499999999995,0.2904761904761905,0.06190476190476191,857.5811330422649,1.2314260920058528,False
twn-twn-28,TWN-28,TWN,419,49.29666666666667,0.5011933174224343,0.28162291169451076,168.68365834723042,1.0764913682590977,False
chl-huasco,HUASCO,CHL,419,195.14277777777775,0.4200477326968974,0.07159904534606205,902.5536076007533,1.473228073679561,False
mex-pichilingue,PICHILINGUE,MEX,418,58.40027777777778,0.8038277511961722,0.03349282296650718,563.6099951476233,1.2113089901286993,False
pan-panamaanchoragepacific,PANAMA ANCHORAGE PACIFIC,PAN,418,23.55847222222222,0.2822966507177033,0.2799043062200957,689.2499815062713,1.0057145045207685,True
jpn-ofunato,OFUNATO,JPN,417,50.89416666666666,0.8321342925659473,0.2422062350119904,241.93158819947914,1.609123565679363,False
nzl-dunedin,DUNEDIN,NZL,417,45.75805555555556,0.7482014388489209,0.18465227817745802,478.78763268011187,1.0417888494799215,False
twn-suao,,TWN,416,70.27930555555555,0.7548076923076923,0.3076923076923077,153.58394854153104,1.0953370350927776,False
mys-mys-2,,MYS,416,25.09722222222222,0.4206730769230769,0.6033653846153846,20.107744903142805,1.0528795642317152,False
zaf-durbananchorage,,ZAF,415,27.363333333333333,0.3614457831325301,0.3349397590361446,1825.5713029323783,1.0124083829912771,False
aus-cairns,CAIRNS,AUS,415,29.386111111111116,0.3493975903614458,0.03855421686746988,2686.9538507149346,1.0059800689609337,False
ukr-ukr-19,,UKR,414,112.89513888888888,0.3864734299516908,0.572463768115942,11.280651806070624,1.0116794402616578,False
chn-maoming,MAOMING,CHN,414,57.08625,0.8115942028985508,0.15942028985507245,631.4106287224627,1.1329945013111766,False
usa-usa-1067,USA-1067,USA,411,27.2725,0.732360097323601,0.31143552311435524,270.70804679894144,1.0062523410800301,False
arg-ramallo,,ARG,411,47.465,0.9975669099756691,0.9951338199513382,53.78841466382327,1.0104222498576412,False
chl-guayacan,GUAYACAN,CHL,411,33.36833333333333,0.8467153284671532,0.072992700729927,177.26144089839454,1.0050627766140643,False
fin-fin-157,,FIN,410,51.45041666666666,0.37073170731707317,0.13658536585365855,234.76894135789829,1.2847385314310076,False
fin-vaasa,VAASA,FIN,410,23.161527777777778,0.33170731707317075,0.0951219512195122,282.6782425130966,1.4383010483501635,False
png-wewak,WEWAK,PNG,409,36.31666666666667,0.7921760391198044,0.2273838630806846,277.1679547365447,1.2735395888972958,False
grc-thisvi,,GRC,409,95.17972222222222,0.2200488997555012,0.1687041564792176,439.73156552474927,1.127206650748368,False
deu-deu-515,DEU-515,DEU,408,1.6297222222222223,0.9950980392156863,0.9950980392156863,15.451830355457922,1.0232460858965493,False
irn-bandarimamkhomeini,BANDAR IMAM KHOMEINI,IRN,407,166.7072222222222,0.3538083538083538,0.20884520884520885,494.46616739371365,1.165658024567554,False
rus-oktyabrskiy,OKTYABRSKIY,RUS,406,31.73375,0.9753694581280788,0.4802955665024631,114.70827891794819,1.0,False
nor-nor-211,NOR-211,NOR,405,8.110833333333334,0.7037037037037037,0.6888888888888889,20.243872624123934,1.021064363982569,False
mys-mys-77,,MYS,405,185.59222222222223,0.2,0.12098765432098765,960.1597562993538,1.638502695367439,False
usa-cleveland,CLEVELAND,USA,404,49.54430555555555,0.6163366336633663,0.42574257425742573,136.64994361742035,1.2284449900880008,False
ind-ind-174,,IND,404,45.605000000000004,0.943069306930693,0.905940594059406,61.83849889482886,1.0266201586288535,False
lby-misurata,MISURATA,LBY,403,60.5,0.36228287841191065,0.14640198511166252,265.5441847775414,1.3964353773090028,False
idn-gresik,GRESIK,IDN,402,54.473620833333335,0.8432835820895522,0.21641791044776118,412.1825132512176,1.0728694985057605,False
jpn-jpn-450,,JPN,401,118.47111111111111,0.18703241895261846,0.08229426433915212,2818.444183527735,1.187369513568356,False
arg-caletaolivia,,ARG,401,27.701944444444443,0.9501246882793017,0.0773067331670823,509.3997502517795,50.0,False
lby-tripoli,TRIPOLI,LBY,400,131.73195416666667,0.395,0.1375,337.76127461180687,1.3343282150573539,False
jpn-miike,MIIKE,JPN,399,80.46138888888889,0.5914786967418546,0.16290726817042606,260.13524043219996,1.032167782337179,False
per-supe,SUPE,PER,399,18.27611111111111,0.8646616541353384,0.47869674185463656,113.10218272056126,1.00345467912882,False
bra-antonina,,BRA,399,117.88722222222222,0.6716791979949874,0.38095238095238093,339.43999274336846,1.0568453404086484,False
arg-puertobelgrano,PUERTO BELGRANO,ARG,399,24.460833333333333,1.0,1.0,21.48507505638987,1.0730391576655207,False
swe-ornskoldsvik,ORNSKOLDSVIK,SWE,398,30.699444444444445,0.11055276381909548,0.010050251256281407,604.8881977497086,1.2297019890327048,False
esp-ares,ARES,ESP,398,37.08111111111111,0.9422110552763819,0.9221105527638191,4.69793761872538,1.004235609928617,False
chn-chn-2337,CHN-2337,CHN,398,71.16972222222222,0.9321608040201005,0.2613065326633166,1038.9088833856285,40.15787591828226,False
isr-ashkelon,ASHKELON,ISR,398,90.09180555555555,0.20100502512562815,0.20100502512562815,317.75180840191973,1.7680080087207561,False
rus-makhachkala,,RUS,397,32.03138888888889,0.15113350125944586,0.13350125944584382,333.51493819892823,9.688028802708436,False
phl-castanas,CASTANAS,PHL,397,39.09638888888889,0.6423173803526449,0.5692695214105793,96.51266807470846,1.092756656369461,False
chn-chn-1147,CHN-1147,CHN,395,21.829444444444444,0.9974683544303797,0.9848101265822785,24.714675417498242,1.0197877026227045,False
phl-buanoy,BUANOY,PHL,395,94.54333333333334,0.25316455696202533,0.21772151898734177,1530.2480545862043,9.616928202443283,False
idn-lawelawe,LAWE LAWE,IDN,395,48.92333333333333,0.6911392405063291,0.37721518987341773,426.8092309450884,1.312833636456232,False
usa-usa-1420,USA-1420,USA,395,50.97611111111111,0.8379746835443038,0.8177215189873418,3.456305188337503,1.044515327779366,False
ury-puntapereira,,URY,395,63.99583333333333,0.2481012658227848,0.3848101265822785,692.6381076834515,1.1626856748183305,False
usa-usa-506,USA-506,USA,394,26.691111111111113,0.45685279187817257,0.12436548223350254,1124.8467259911536,1.0147693783378209,False
qat-hamad,,QAT,394,12.391250000000001,0.31218274111675126,0.383248730964467,160.5570182548532,1.1048347639007963,False
mdg-mdg-10,,MDG,393,48.36194444444445,0.28498727735368956,0.04580152671755725,821.802739505802,1.3322682542280184,False
chn-chn-2365,CHN-2365,CHN,393,67.31138888888889,1.0,0.23155216284987276,328.16156743438705,1.2847437573309497,False
aze-qobustan,QOBUSTAN,AZE,393,30.285,0.6055979643765903,0.6055979643765903,23.09346640916438,1.3089911569407642,False
mex-mex-130,MEX-130,MEX,392,45.64347222222222,0.41836734693877553,0.41581632653061223,498.76944768451114,1.0627199249435964,False
nor-moirana,MO I RANA,NOR,391,58.395833333333336,0.4629156010230179,0.1329923273657289,525.2999478493194,1.1257122640814587,False
cyp-larnaca,LARNACA,CYP,391,66.1661111111111,0.11764705882352941,0.11764705882352941,435.9307662572335,1.2576880740693406,False
nor-orkanger,ORKANGER,NOR,390,9.901527777777776,0.9,0.3333333333333333,106.77356768467878,1.0686959273433718,False
jpn-jpn-367,,JPN,389,75.75111111111111,0.3341902313624679,0.056555269922879174,407.9172035905061,1.0974718227162559,False
usa-savannah,,USA,388,32.45569444444445,0.9690721649484536,0.9304123711340206,17.636300179867913,1.0271389460097935,False
bra-ubu,UBU,BRA,388,46.18944444444445,0.13917525773195877,0.03350515463917526,4128.053882604851,1.4913848374961365,False
per-chancay,CHANCAY,PER,387,25.063333333333333,0.38242894056847543,0.28940568475452194,671.5225813371562,1.0358681026305134,False
swe-vasteras,VASTERAS,SWE,386,12.13125,0.772020725388601,0.7564766839378239,40.512584467414406,8.849015844285125,False
twn-yeliu,YELIU,TWN,386,13.2725,0.8782383419689119,0.7046632124352331,88.78406151264348,1.0570412413837793,False
chn-liuheng,LIUHENG,CHN,386,97.17875000000001,0.7461139896373057,0.5518134715025906,88.14921836181526,1.0445736352975106,False
fin-porvoo,,FIN,386,32.73736111111111,0.3316062176165803,0.7797927461139896,89.08449677390664,1.0445789221004338,False
vnm-phumy,PHU MY,VNM,386,107.3226388888889,0.09067357512953368,0.046632124352331605,635.3690471307374,1.1345937532799137,False
rus-yeysk,YEYSK,RUS,386,30.455833333333334,0.7901554404145078,0.6217616580310881,5.851367803482419,1.0129936537838202,False
isr-eilat,EILAT,ISR,385,103.46194444444444,0.05714285714285714,0.14285714285714285,3573.716065347406,1.2096210613274407,False
ita-gela,,ITA,384,63.925694444444446,0.71875,0.24479166666666666,437.4445551292953,1.700526389877229,False
dza-djendjen,,DZA,384,98.94113472222222,0.7369791666666666,0.7005208333333334,3.5608022913463793,1.0018265095673509,False
gbr-glensanda,GLENSANDA,GBR,384,28.00013888888889,0.4817708333333333,0.052083333333333336,416.2664691051483,3.069633883716383,False
jpn-jpn-441,,JPN,384,51.91888888888889,0.6276041666666666,0.5885416666666666,51.783323097483304,1.0520309063330082,False
phl-tawitawi,,PHL,383,246.5405555555556,0.044386422976501305,0.02610966057441253,1761.9527369930895,4.026862655600531,False
ind-ind-175,IND-175,IND,383,61.17361111111112,0.6318537859007833,0.34986945169712796,386.26096487434046,1.0182371793461087,False
fra-bordeaux,BORDEAUX,FRA,383,37.85305555555556,0.5456919060052219,0.09399477806788512,157.3654550581463,1.491699249412883,False
can-clarkson,CLARKSON,CAN,382,35.804722222222225,0.9738219895287958,0.47643979057591623,220.38328661744316,1.1285019501966889,False
vnm-vnm-50,,VNM,382,66.385,0.6570680628272252,0.14921465968586387,174.42864498539774,4.014619545265009,False
aus-onslow,,AUS,382,12.578194444444446,0.9214659685863874,0.9162303664921466,8.674555874018152,1.000263715806824,False
jpn-kamaishi,KAMAISHI,JPN,382,39.93277777777777,0.7984293193717278,0.20418848167539266,198.93670653628203,1.079784969868336,False
arg-villaconstitucion,VILLA CONSTITUCION,ARG,382,154.01513888888888,0.9973821989528796,0.9947643979057592,22.433161565491726,1.0042290832290612,False
irl-aughinish,,IRL,382,40.85388888888889,0.17801047120418848,0.17539267015706805,480.1283542130422,1.037384895417577,False
chn-chn-2236,CHN-2236,CHN,381,47.23569166666666,0.9711286089238845,0.2099737532808399,609.3112164630573,1.944427049243732,False
usa-toledo,TOLEDO,USA,381,52.58916666666666,0.29133858267716534,0.1889763779527559,199.13994973560145,1.6712122619739993,False
chl-sanjose,SAN JOSE,CHL,381,94.60638888888889,0.7244094488188977,0.02099737532808399,548.324784997595,49.387205870822605,False
idn-idn-398,,IDN,381,76.427175,0.09186351706036745,0.18635170603674542,2491.590627620926,1.088476365500213,False
per-melchorita,,PER,380,28.96111111111111,0.22105263157894736,0.22105263157894736,5590.237001996225,1.0011272255137886,False
ven-puntacardon,PUNTA CARDON,VEN,379,100.28111111111112,0.7941952506596306,0.49604221635883905,105.73143765194934,1.157144607507467,False
vnm-vnm-31,,VNM,379,38.13166666666667,0.2770448548812665,0.07387862796833773,595.2674973928532,1.194029751146384,False
twn-twn-54,,TWN,378,23.693055555555556,0.626984126984127,0.13227513227513227,168.41389122901683,1.0496826557936998,False
nor-nor-829,,NOR,378,12.19736111111111,0.6455026455026455,0.6693121693121693,82.60351570247208,1.0712575068336936,False
sau-dammam,DAMMAM,SAU,378,66.24097222222223,0.21164021164021163,0.24867724867724866,235.6678067373341,1.0607935757620792,False
tha-tha-81,,THA,378,102.07055555555556,0.021164021164021163,0.0026455026455026454,2221.5845500781456,1.2080363701420436,False
tur-tur-124,TUR-124,TUR,377,136.63305555555556,0.3421750663129973,0.17771883289124668,574.7428189375007,1.1229127847989833,False
grl-sisimiut,SISIMIUT,GRL,377,8.0675,0.9549071618037135,0.0636604774535809,173.5464122089254,1.0595822870089857,False
kir-tarawa,TARAWA,KIR,377,49.96722222222222,0.1246684350132626,0.06631299734748011,1181.9903402321368,1.023509335359286,False
nor-nor-400,NOR-400,NOR,375,33.45527777777778,0.08266666666666667,0.013333333333333334,453.8912506988097,4.564594952434053,False
usa-sacramento,,USA,375,115.89277777777778,0.68,0.6533333333333333,53.215722387103504,1.1704257190093554,False
fin-fin-68,FIN-68,FIN,375,1.3172222222222223,0.7253333333333334,0.6426666666666667,14.893287337313755,1.011084301593371,False
tur-iskenderun,ISKENDERUN,TUR,374,94.3836111111111,0.4358288770053476,0.1657754010695187,421.92457628441514,1.3562417979445234,False
usa-usa-911,,USA,374,4.984861111111111,0.713903743315508,0.5347593582887701,7.4549245265565105,1.0125063324085728,False
chl-chl-81,CHL-81,CHL,373,85.91722222222222,0.39946380697050937,0.3914209115281501,9734.070667437205,1.0016326499067365,False
jpn-noshiro,NOSHIRO,JPN,373,48.08805555555556,0.35924932975871315,0.0938337801608579,604.5313623733325,1.1800403359946827,False
arg-puertomadryn,,ARG,373,147.68777777777777,0.3780160857908847,0.03753351206434316,624.2515153676673,1.6293022448095849,False
ind-mundra,MUNDRA,IND,372,31.058472222222225,0.4838709677419355,0.260752688172043,292.0536132477171,1.0423561978072957,False
usa-usa-1805,USA-1805,USA,372,87.60152777777778,0.8467741935483871,0.024193548387096774,316.0896649410587,50.0,False
tha-phuket,PHUKET,THA,372,64.89819444444444,0.043010752688172046,0.03494623655913978,939.9035231593076,1.4101386994188423,False
idn-pomako,,IDN,372,96.18555555555557,1.0,0.02956989247311828,305.1659364945412,1.060614031312231,False
nor-sykkylven,SYKKYLVEN,NOR,371,3.2672222222222222,0.7439353099730458,0.5579514824797843,56.61004258697096,1.1242705199502954,False
blz-belizecityanchorage,BELIZE CITY ANCHORAGE,BLZ,371,31.734166666666667,0.016172506738544475,0.2722371967654987,681.8518004260775,3.0189941062789987,True
rou-rou-67,,ROU,371,5.4075,0.9433962264150944,0.9649595687331537,33.489809406136516,1.0431229651467497,False
idn-bakauheni,,IDN,371,1.8175,1.0,0.9784366576819407,13.504541905572298,2.6851381616545162,False
pri-puertoyabucoa,PUERTO YABUCOA,PRI,369,47.30861111111111,0.08672086720867209,0.1111111111111111,624.5323327199563,1.1670454876088745,False
omn-minaalfahlanchorage,,OMN,369,50.778888888888886,0.17344173441734417,0.10840108401084012,610.739244557877,1.0267626790454418,False
usa-usa-1370,,USA,369,85.94916666666667,0.997289972899729,0.997289972899729,31.15286129296484,1.0005989582757462,False
ind-karaikal,,IND,369,46.64972222222222,0.7750677506775068,0.5826558265582655,6.148491526945518,1.002492908622569,False
idn-muarasatui,,IDN,368,136.33819444444444,0.27445652173913043,0.07608695652173914,1560.5787770533836,2.109348540393651,False
isl-thorlakshofn,THORLAKSHOFN,ISL,367,14.490277777777775,0.07356948228882834,0.03814713896457766,1065.5177804462064,2.135544942437763,False
fin-helsinki,HELSINKI,FIN,367,31.65972222222222,0.553133514986376,0.5395095367847411,67.75510895348035,1.3481722456687444,False
sau-sau-174,,SAU,367,49.01972222222222,0.989100817438692,0.335149863760218,199.42568157444032,10.597113622611793,False
egy-safaga,SAFAGA,EGY,365,181.5913888888889,0.4575342465753425,0.07397260273972603,199.52700173885904,1.2330289475500509,False
nor-nor-145,,NOR,365,17.660833333333333,1.0,1.0,22.52912768403443,1.01636350471645,False
usa-charlestoncomplex,CHARLESTON COMPLEX,USA,365,101.71305555555556,0.03287671232876712,0.0027397260273972603,4356.611890690171,44.10603383879255,False
can-can-291,CAN-291,CAN,365,215.015,0.936986301369863,0.9945205479452055,22.346291392915532,1.0051584281857662,False
chn-chn-2125,CHN-2125,CHN,364,57.73222222222222,0.8324175824175825,0.14835164835164835,149.08716811380629,1.1243904802752345,False
lby-lby-20,,LBY,364,29.93138888888889,0.03296703296703297,0.03296703296703297,924.4377697250648,2.3373424658246056,False
chn-chn-2042,CHN-2042,CHN,363,66.56333333333333,0.8016528925619835,0.013774104683195593,472.9655551783857,1.115496784564589,False
idn-wayame,WAYAME,IDN,363,55.61305555555556,0.9641873278236914,0.03305785123966942,529.9367219670614,2.8004532223648284,False
mex-ayatsilfield,,MEX,363,32.32888888888889,0.06060606060606061,0.06060606060606061,617.8040736528835,1.6183706400127746,False
swe-swe-302,,SWE,363,70.24888888888889,0.6887052341597796,0.6859504132231405,48.2563454487141,10.214551778497391,False
grc-stnicolas,ST NICOLAS,GRC,362,96.09805555555556,0.0856353591160221,0.08287292817679558,600.2190597161025,1.2897035490269135,False
blz-blz-4,BLZ-4,BLZ,362,24.50806111111111,0.0,0.09668508287292818,651.1058427277449,1.1254472162594418,False
idn-ternate,TERNATE,IDN,362,46.24805555555555,1.0,0.5469613259668509,71.75887117274131,1.0071618021230462,False
can-can-296,CAN-296,CAN,361,42.2925,0.296398891966759,0.22160664819944598,622.1297058613968,1.0228520782550952,False
gbr-newport,NEWPORT,GBR,360,135.65458333333333,0.2,0.08333333333333333,479.42857119816256,1.1389559323219154,False
rus-rus-362,,RUS,360,27.682916666666667,0.9944444444444445,0.8194444444444444,73.4820725011952,1.011152564443723,False
eri-massawa,MASSAWA,ERI,360,71.96055555555556,0.11388888888888889,0.1111111111111111,514.2642715822973,1.1211990677160282,False
lbn-zahrani,ZAHRANI,LBN,359,32.94722222222222,0.5181058495821727,0.5264623955431755,64.05975328959565,1.1026458350333446,False
idn-sibolga,SIBOLGA,IDN,359,44.62555555555556,0.9972144846796658,0.04178272980501393,191.06632249239038,38.09441379676569,False
gbr-porttalbot,PORT TALBOT,GBR,357,60.30083333333334,0.11764705882352941,0.036414565826330535,1181.413657394043,1.1427976134013356,False
idn-dompas,DOMPAS,IDN,356,17.524444444444445,0.9691011235955056,0.7247191011235955,51.76294149407659,1.1494205720948734,False
phl-limay,LIMAY,PHL,355,72.9738888888889,0.4394366197183099,0.2591549295774648,587.6600721139378,1.1162042508861518,False
can-can-39,CAN-39,CAN,355,217.185,0.9380281690140845,0.9915492957746479,22.346291392915532,1.0049742448576826,False
guy-guy-4,,GUY,354,25.58402777777778,0.9858757062146892,0.9858757062146892,50.152988315965395,1.0289150321574736,False
ita-bari,,ITA,354,97.14805555555554,0.6807909604519774,0.05649717514124294,275.507493470894,1.143746901866016,False
sdn-marsabashayer,MARSA BASHAYER,SDN,354,23.642152777777778,0.21468926553672316,0.21468926553672316,1124.6074383421994,1.4177578270743165,False
ita-fiumicino,,ITA,353,81.655,0.4475920679886686,0.1813031161473088,369.39528921325353,1.2070890193319523,False
usa-sanfrancisco,,USA,353,45.09444444444444,0.9886685552407932,0.9886685552407932,23.414728673932782,2.4423480745590695,False
grl-maniitsoq,MANIITSOQ,GRL,353,5.276666666666666,1.0,0.43342776203966005,208.0901064336525,1.083392011960643,False
vut-santo,SANTO,VUT,353,24.23555555555556,0.32577903682719545,0.0084985835694051,663.8275017475207,1.042812930886744,False
fra-port-vendres,PORT-VENDRES,FRA,352,36.840833333333336,0.04261363636363636,0.017045454545454544,257.3036234535083,1.0381794081231477,False
rus-rus-396,,RUS,352,18.40277777777778,0.9971590909090909,0.048295454545454544,190.50229313783566,1.0609197486130792,False
rus-plastun,PLASTUN,RUS,352,103.87291666666667,0.3181818181818182,0.07670454545454546,672.4893635441184,1.5745495815582156,False
vnm-hongai,HON GAI,VNM,351,88.02083333333333,0.2792022792022792,0.12535612535612536,1085.8030421318374,1.7346381757109806,False
nga-bongaterminal,,NGA,351,53.217777777777776,0.5071225071225072,0.48148148148148145,175.60204639516138,1.0162525978604322,False
grc-grc-375,,GRC,351,31.739722222222223,0.9686609686609686,0.9686609686609686,21.14309227742402,1.0514922869556735,False
chn-chn-2307,CHN-2307,CHN,351,43.934444444444445,0.9487179487179487,0.8547008547008547,33.094035357249965,1.0754177248823864,False
rus-podporozhye,PODPOROZHYE,RUS,349,4.095277777777778,1.0,0.6790830945558739,65.41482543577034,1.0203578717949797,False
rou-rou-72,ROU-72,ROU,349,134.74777777777777,0.9312320916905444,0.9369627507163324,11.554896527946616,1.137047413736904,False
aus-onslow,ONSLOW,AUS,348,46.35805555555555,0.028735632183908046,0.022988505747126436,2763.433096725515,1.0061697388766266,False
jpn-takamatsu,TAKAMATSU,JPN,348,8.006666666666668,0.9310344827586207,0.8505747126436781,30.628681771688065,1.2603639775526487,False
chn-chn-2405,CHN-2405,CHN,348,15.054444444444444,1.0,0.9310344827586207,20.097727824196564,1.0438733677120773,False
cxr-flyingfishcove,FLYING FISH COVE,CXR,347,12.864722222222222,0.09798270893371758,0.09798270893371758,711.7379942152922,1.6562856517854019,False
com-mutsamudu,MUTSAMUDU,COM,347,48.15583333333333,0.34870317002881845,0.37175792507204614,554.2366132256401,1.1976671718060292,False
can-grandeanse,,CAN,346,48.427499999999995,0.5202312138728323,0.07514450867052024,718.4366032798708,1.1151777159905287,False
fsm-kosrae,KOSRAE,FSM,346,19.551805555555553,0.42196531791907516,0.002890173410404624,509.76917631343105,1.0371766752231322,False
vnm-vnm-37,VNM-37,VNM,345,26.77694444444445,0.6753623188405797,0.5565217391304348,26.590147238187658,1.0183209631374819,False
aus-aus-512,,AUS,345,10.749722222222225,0.8173913043478261,0.6086956521739131,8.638146307773722,1.0262367081057906,False
nor-feisteinanchorage,,NOR,345,15.22638888888889,0.9333333333333333,0.9043478260869565,38.56757729732564,1.033159284283721,False
rus-arkhangelsk,ARKHANGELSK,RUS,345,29.77722222222222,0.9768115942028985,0.8521739130434782,3.6042885515841148,1.0,False
jpn-haramachi,,JPN,345,93.89861111111112,0.7101449275362319,0.0782608695652174,152.27618955567837,1.0669302649007428,False
tur-tur-226,TUR-226,TUR,345,118.16444444444444,0.5826086956521739,0.5246376811594203,60.18874026276416,1.3510673690935182,False
bra-coari,COARI,BRA,344,19.730000000000004,1.0,0.01744186046511628,894.3363450793304,1.575109095430301,False
gnb-bissau,BISSAU,GNB,344,146.7477777777778,0.023255813953488372,0.03197674418604651,981.6958363324825,1.4071198215941672,False
usa-delawarecity,DELAWARE CITY,USA,344,26.86375,0.997093023255814,0.9883720930232558,13.685186063558357,1.7189276470219408,False
png-lae,,PNG,343,35.596666666666664,0.8134110787172012,0.30903790087463556,166.66524364520708,1.0166354101875126,False
esp-malaga,MALAGA,ESP,343,14.978333333333332,0.44314868804664725,0.4489795918367347,236.84647519675917,1.0960708923851263,False
yem-almukalla,AL MUKALLA,YEM,342,166.13690138888887,0.07017543859649122,0.03216374269005848,764.531463168614,7.087106862630884,False
ita-chioggia,,ITA,342,90.36458333333334,0.5555555555555556,0.31871345029239767,424.79016159812215,1.1536368680455729,False
chn-chn-2033,CHN-2033,CHN,341,15.285277777777775,1.0,1.0,7.4552587046809125,1.4910517409361825,False
chn-diashan,DIASHAN,CHN,341,25.18638888888889,0.9501466275659824,0.8181818181818182,51.199538505299735,1.2931557965864005,False
jpn-wakayamaanchorage,WAKAYAMA ANCHORAGE,JPN,341,29.316944444444445,0.5982404692082112,0.21407624633431085,300.07055821368505,1.084498851048644,True
dza-ghazaouet,GHAZAOUET,DZA,340,120.96652777777778,0.16176470588235295,0.1323529411764706,594.8662569384251,1.1833893033353462,False
gbr-sullomvoe,SULLOM VOE,GBR,340,26.615277777777777,0.20294117647058824,0.008823529411764706,538.6981111783703,3.260552217702505,False
fra-marseille,MARSEILLE,FRA,340,18.90083333333333,0.07941176470588235,0.07941176470588235,183.15853750932285,1.0408111809057292,False
mys-lumut,,MYS,340,64.9401388888889,0.4470588235294118,0.21470588235294116,274.23873289097423,1.0299252338347784,False
nga-quaiboeterminal,,NGA,340,100.66402777777779,0.11764705882352941,0.07352941176470588,2439.8506066050722,1.4133040983590361,False
rus-posyet,,RUS,340,100.75430555555556,0.15,0.15,513.1424951403708,2.2468387406109382,False
aus-portalma,PORT ALMA,AUS,339,35.889722222222225,0.6843657817109144,0.1976401179941003,568.4426551644967,1.0117905889715728,False
aus-whyalla,WHYALLA,AUS,339,75.36166666666666,0.5545722713864307,0.1415929203539823,1107.2007851055373,1.0136770744333978,False
sau-jizan,JIZAN,SAU,338,93.07111111111111,0.591715976331361,0.2958579881656805,404.02406902361093,1.442235849222735,False
nor-borgundvag,,NOR,338,21.510416666666664,0.3698224852071006,0.011834319526627219,491.11289884513064,1.2889189893079789,False
nzl-tauranga,TAURANGA,NZL,338,43.92611111111111,0.5621301775147929,0.33727810650887574,391.27666006018717,1.0287911730155388,False
nam-luderitz,LUDERITZ,NAM,337,80.32944444444445,0.3056379821958457,0.050445103857566766,468.2415313107933,1.147549197504207,False
can-quebec,,CAN,337,14.184722222222222,0.9643916913946587,0.7418397626112759,7.089951113697993,1.0002303180037668,False
qat-halul,,QAT,336,24.4925,0.08928571428571429,0.22023809523809523,225.1063461929137,1.0243801523865526,False
ind-pipavav,,IND,336,20.05736111111111,0.7648809523809523,0.5267857142857143,62.39038944874,1.0101370962926128,False
arg-escobar,,ARG,336,13.080694444444443,0.9880952380952381,0.9434523809523809,8.508237176658252,1.1381837616033148,False
chn-chn-141,CHN-141,CHN,335,41.34527777777778,0.8716417910447761,0.6895522388059702,30.863091184601398,1.1138380146906703,False
mys-lahaddatu,LAHAD DATU,MYS,335,49.965,0.2716417910447761,0.11044776119402985,869.0103609545477,1.1869124826441149,False
mys-labuan,LABUAN,MYS,335,46.84666666666666,0.3582089552238806,0.050746268656716415,708.8436526841101,1.7551562447270994,False
usa-hilo,HILO,USA,334,12.109861111111112,0.8952095808383234,0.008982035928143712,2167.902962615007,1.0310367167223098,False
tur-sinop,SINOP,TUR,334,50.080555555555556,0.47305389221556887,0.08083832335329341,272.3571343127832,1.0819088926374296,False
nic-corinto,CORINTO,NIC,334,42.21125,0.005988023952095809,0.08982035928143713,212.08041220196884,1.008312784983596,False
grc-grc-324,,GRC,333,64.99027777777778,0.2972972972972973,0.2222222222222222,313.53769867878736,1.0664509684532375,False
chn-longyan,LONGYAN,CHN,333,259.4186111111111,0.6816816816816816,0.1831831831831832,214.3237249311582,1.1748098149323918,False
phl-batangas,,PHL,332,38.15097222222222,0.24096385542168675,0.21987951807228914,938.1686519884728,1.1455090315915188,False
fsm-colonia,COLONIA,FSM,332,17.416249999999998,0.07530120481927711,0.0,255.03275487933377,1.0019669196175995,False
rus-kholmsk,KHOLMSK,RUS,332,12.779166666666667,0.536144578313253,0.08132530120481928,264.34599328557874,1.0353314842826653,False
can-can-198,CAN-198,CAN,331,34.306666666666665,0.9788519637462235,0.525679758308157,21.779547983645095,4.526709254563382,False
arg-km171,,ARG,331,88.49166666666666,0.5558912386706949,0.5649546827794562,71.45202043788107,1.305555690129382,False
cod-matadi,MATADI,COD,331,20.8975,0.25075528700906347,0.6374622356495468,67.68534655764441,1.249990970291698,False
aus-westernport,WESTERNPORT,AUS,330,61.86986111111111,0.44242424242424244,0.05454545454545454,1458.2647607403946,1.1297742271782703,False
usa-usa-682,,USA,330,50.199305555555554,0.3424242424242424,0.1,1241.3593079351826,1.043836565267403,False
bra-bra-116,BRA-116,BRA,329,25.370555555555555,0.9513677811550152,0.9452887537993921,91.52825787778328,1.0126217869250917,False
fra-rouen,,FRA,328,29.8475,0.3170731707317073,0.2865853658536585,199.70720697758526,1.040770319695981,False
png-orobay,ORO BAY,PNG,328,26.030416666666667,0.8445121951219512,0.21341463414634146,156.73371133549466,1.060531025466907,False
phl-langatian,LANGATIAN,PHL,328,31.33888888888889,0.5060975609756098,0.10670731707317073,388.6317505305438,1.050827255778279,False
irl-dunmoreeast,DUNMORE EAST,IRL,326,15.1425,0.598159509202454,0.5950920245398773,6.066100194936772,1.0138563412531956,False
idn-maumere,MAUMERE,IDN,326,34.42932777777778,1.0,0.018404907975460124,398.30981684462495,8.544606732278702,False
ncl-ncl-7,,NCL,326,56.22,0.40797546012269936,0.3773006134969325,1014.9562017793772,1.041743741323298,False
are-are-146,ARE-146,ARE,325,27.608888888888888,0.49538461538461537,0.5476923076923077,63.031162919783704,1.0362430405007061,False
bra-termisa,,BRA,325,130.84583333333333,0.5076923076923077,0.006153846153846154,1550.8835188058943,1.294875099357704,False
vir-vir-20,,VIR,325,22.92194444444445,0.36923076923076925,0.38461538461538464,236.92850182236833,1.0106092605773587,False
lva-lva-19,,LVA,324,31.461388888888887,0.012345679012345678,0.018518518518518517,320.63336391367267,2.5479373027641525,False
nga-nga-31,,NGA,322,31.48652777777778,0.5217391304347826,0.48757763975155277,296.9532766110091,1.0027561405694374,False
per-bayovar,,PER,322,82.56916666666666,0.2422360248447205,0.18633540372670807,881.2734049750725,1.1991174355285539,False
aus-capeflatteryharbor,CAPE FLATTERY HARBOR,AUS,322,49.192499999999995,0.006211180124223602,0.0,2772.8176547764315,8.694400331373837,False
nld-nld-8,NLD-8,NLD,322,38.03013888888889,0.18012422360248448,0.18012422360248448,208.97175504782516,1.0932370118409773,False
jpn-yura,,JPN,321,192.19444444444449,0.6915887850467289,0.3395638629283489,117.93612440761636,1.0178902096863935,False
cod-kizombafpso,KIZOMBA FPSO,COD,321,43.09593888888889,0.10903426791277258,0.2772585669781931,658.8936129115456,1.0254606330937528,False
est-kunda,,EST,321,30.22277777777778,0.06853582554517133,0.1838006230529595,302.3022572852125,1.7419220875712242,False
usa-usa-447,,USA,320,58.566805555555554,0.9,0.23125,640.5729906916556,1.060210743321532,False
usa-usa-1459,,USA,320,114.62041666666667,0.384375,0.153125,947.2696768182209,1.0822156817550308,False
can-argentia,ARGENTIA,CAN,319,16.56361111111111,0.5454545454545454,0.05329153605015674,810.0036260810227,1.0383320386847292,False
idn-ambon,AMBON,IDN,319,30.198611111111116,0.9780564263322884,0.047021943573667714,300.14626883870085,1.0380882073660733,False
rus-rus-167,RUS-167,RUS,319,9.552777777777775,0.9968652037617555,0.9059561128526645,21.74052222709468,1.0104257430100732,False
ncl-ncl-18,,NCL,317,101.49444444444444,0.9621451104100947,0.7854889589905363,0.0,1.0,False
nor-fuglevik,,NOR,316,10.20888888888889,0.8227848101265823,0.6139240506329114,37.45984616745957,1.0593384933033323,False
nga-agbamifpso,,NGA,315,36.34861111111111,0.3111111111111111,0.22857142857142856,2304.481162395148,1.0291495374257962,False
rou-midia,,ROU,315,29.21305555555556,0.2761904761904762,0.2920634920634921,380.1733672617187,1.3550802598802487,False
ita-gaeta,,ITA,315,57.9,0.7746031746031746,0.12063492063492064,204.12408472897127,1.3502166285349915,False
ven-ven-58,,VEN,315,80.12305555555555,0.5333333333333333,0.24126984126984127,110.58891628524125,1.0613222152924608,False
ind-porbandar,PORBANDAR,IND,314,110.80055555555555,0.4299363057324841,0.2070063694267516,747.2529494946855,1.1032663844998625,False
aus-cockatooisland,,AUS,314,56.63361111111111,0.4681528662420382,0.4554140127388535,2358.1500469735006,1.0020836735076932,False
ago-daliaangola,,AGO,313,37.136944444444445,0.20447284345047922,0.19808306709265175,2981.3360313088256,1.037939702628674,False
ita-trapani,TRAPANI,ITA,313,19.121666666666663,0.46006389776357826,0.09584664536741214,167.83003463806406,1.2497779650846774,False
ita-palermo,,ITA,313,17.07,0.8977635782747604,0.07667731629392971,167.20021697710575,1.0674782621059467,False
jam-portrhoades,PORT RHOADES,JAM,313,92.97361111111113,0.07348242811501597,0.07348242811501597,931.1636996060805,50.0,False
ukr-kerch,,UKR,313,60.668055555555554,0.11182108626198083,0.2971246006389776,158.3565828150588,1.0341596036537501,False
irn-khark,,IRN,313,25.8825,0.610223642172524,0.07667731629392971,340.1734160744053,5.472377026021037,False
jam-portroyal,PORT ROYAL,JAM,312,27.08,0.060897435897435896,0.060897435897435896,536.7839741360232,1.1750104529132934,False
usa-kahului,KAHULUI,USA,312,10.664305555555556,0.8333333333333334,0.08012820512820513,106.06223945511285,1.0218374892156432,False
dnk-dnk-243,DNK-243,DNK,311,16.010277777777777,0.7459807073954984,0.7620578778135049,6.014606204425938,1.0306178872857392,False
kor-kor-141,,KOR,311,25.2625,0.4180064308681672,0.1864951768488746,247.03082055726472,1.0954794901690081,False
chn-chn-127,CHN-127,CHN,311,32.15472222222222,1.0,0.7491961414790996,6.302186767649645,1.005208492554133,False
mdg-majunga,MAJUNGA,MDG,311,51.831944444444446,0.6270096463022508,0.003215434083601286,271.2470440252181,1.5711302802649934,False
can-saintzotique,SAINT ZOTIQUE,CAN,311,8.098888888888888,0.4662379421221865,0.9389067524115756,24.1043051129858,1.0055413287136656,False
mar-nador,NADOR,MAR,310,47.46069444444445,0.16451612903225807,0.07741935483870968,183.62710431334114,1.457111596533676,False
tun-bizerte,BIZERTE,TUN,309,85.95805555555556,0.36893203883495146,0.28802588996763756,248.33042515769634,1.0612253773841889,False
fin-mantyluoto,MANTYLUOTO,FIN,309,85.06194444444445,0.2686084142394822,0.061488673139158574,248.45319348181542,1.0989469980985422,False
can-can-245,CAN-245,CAN,309,66.1675,0.18770226537216828,0.019417475728155338,2397.0425356697306,14.909610363433053,False
nld-nld-286,NLD-286,NLD,308,45.82694444444445,0.05844155844155844,0.32792207792207795,257.3457375940626,1.0504130961398261,False
idn-idn-424,IDN-424,IDN,308,29.740850000000002,0.9415584415584416,0.18831168831168832,281.19765189801393,4.908317566418574,False
can-belledune,,CAN,308,52.44625,0.5454545454545454,0.022727272727272728,342.00526588227666,1.1555768972896925,False
pan-pan-44,,PAN,307,59.92194444444444,0.41368078175895767,0.41368078175895767,367.6302984657705,1.163919912226575,False
mys-mys-103,MYS-103,MYS,307,32.765,0.9609120521172638,0.9446254071661238,9.67528598487426,1.03723196570804,False
usa-deepriver,,USA,307,45.26583333333333,0.6221498371335505,0.1758957654723127,352.8337605669698,1.053043650813738,False
vir-vir-18,,VIR,306,24.569027777777777,0.21568627450980393,0.27124183006535946,910.6818406862112,1.0484892661217717,False
can-squamish,SQUAMISH,CAN,306,85.49472222222222,0.5065359477124183,0.4869281045751634,210.3522105071787,1.0358373531550376,False
fra-nantes,NANTES,FRA,306,60.2075,0.39869281045751637,0.34967320261437906,343.94482996491865,1.0969508525303167,False
mlt-mlt-30,MLT-30,MLT,305,10.498611111111112,0.06885245901639345,0.08852459016393442,961.5365862382974,1.0435588394390418,False
qat-mesaieed,MESAIEED,QAT,305,40.66861111111111,0.6065573770491803,0.6163934426229508,27.703187691890818,1.5607876071994915,False
jpn-jpn-239,JPN-239,JPN,305,13.713888888888889,0.7245901639344262,0.5704918032786885,69.07780720379395,1.0376191732921378,False
can-can-395,CAN-395,CAN,304,175.445,0.7927631578947368,0.8421052631578947,31.52550173557716,1.0121517930039006,False
swe-swe-383,SWE-383,SWE,304,39.31708333333333,0.26644736842105265,0.049342105263157895,348.13648469583313,1.0392931189953236,False
rus-vostochnyy,VOSTOCHNYY,RUS,304,40.602916666666665,0.46381578947368424,0.3815789473684211,473.18770379401866,1.0403751392900893,False
tza-zanzibar,ZANZIBAR,TZA,303,97.8075,0.08250825082508251,0.07590759075907591,475.17256890416485,1.1669621677248305,False
guy-linden,LINDEN,GUY,303,48.06194444444444,0.9603960396039604,0.9603960396039604,33.207334541071916,4.8963584005206515,False
idn-baubau,BAU BAU,IDN,303,63.96666666666667,0.9636963696369637,0.3564356435643564,416.2993996857898,1.1115817391849638,False
chn-lianjiang,LIANJIANG,CHN,303,19.134444444444444,0.8646864686468647,0.40264026402640263,151.9426036441779,1.0171441796305023,False
can-kitimat,KITIMAT,CAN,303,191.69972222222225,0.32673267326732675,0.026402640264026403,513.6857802866742,1.0418428254174859,False
aus-mudisland,,AUS,302,24.193194444444444,0.9900662251655629,0.9735099337748344,8.267609083382366,1.0635496158946376,False
rus-rus-363,,RUS,301,14.119444444444444,0.9900332225913622,0.8837209302325582,49.72343302366259,1.0130513511098835,False
ago-namibe,NAMIBE,AGO,301,53.445277777777775,0.39867109634551495,0.023255813953488372,478.83662891178557,1.119043972378254,False
prt-prt-15,PRT-15,PRT,301,21.788055555555555,1.0,0.3654485049833887,134.10699132134178,1.141192183405328,False
bra-natal,NATAL,BRA,301,92.25722222222224,0.3853820598006645,0.09634551495016612,3019.1752889210156,1.0818977892303376,False
fra-groix,GROIX,FRA,301,87.10888888888888,0.24916943521594684,0.132890365448505,366.4311497927463,1.1535791946650067,False
phl-puertoprincesa,PUERTO PRINCESA,PHL,300,43.55083333333333,0.8266666666666667,0.01,314.5502450372788,2.178768544456145,False
glp-gustavia,GUSTAVIA,GLP,300,11.268472222222222,0.01,0.76,71.1403916266644,1.269957864726365,False
arg-mardelplata,MAR DEL PLATA,ARG,299,37.88027777777778,0.7023411371237458,0.010033444816053512,198.13600922910868,2.1985282280376057,False
idn-bunyu,,IDN,299,172.22083333333333,0.16722408026755853,0.04013377926421405,833.9056688504902,1.4855200823882142,False
tur-akcansa,,TUR,299,27.7875,0.6086956521739131,0.13712374581939799,156.28212736481458,1.1087113881795756,False
grl-qaqurtoq,QAQURTOQ,GRL,299,6.0525,0.9866220735785953,0.6755852842809364,42.00895277406972,1.0282982054249588,False
cym-georgetown,GEORGE TOWN,CYM,298,24.73375,0.10067114093959731,0.10067114093959731,648.306161898857,1.3822111595689415,False
rus-pevek,PEVEK,RUS,298,100.77902777777777,0.9899328859060402,0.08389261744966443,1977.578262230973,1.740955291051689,False
jpn-fuke,,JPN,298,28.110555555555553,0.8120805369127517,0.42953020134228187,226.46006549252067,1.0236554167967136,False
idn-bima,BIMA,IDN,298,24.15291666666667,0.9932885906040269,0.013422818791946308,157.13582197607926,4.054765742767467,False
are-ummalqaywayn,UMM AL QAYWAYN,ARE,298,10.846250000000001,0.8389261744966443,0.8456375838926175,32.68660414396804,1.019231374412707,False
tur-karasu,KARASU,TUR,298,161.0036111111111,0.31543624161073824,0.2550335570469799,341.5930739839326,3.276507319249541,False
ind-ind-56,,IND,297,50.26694444444445,0.734006734006734,0.696969696969697,7.658343611954737,1.0013139424426134,False
chn-changjiangkou,CHANGJIANGKOU,CHN,296,302.82430555555555,0.5844594594594594,0.28040540540540543,435.23304919322663,1.0520511570760493,False
rus-dekastri,DE KASTRI,RUS,296,30.58666666666667,0.36486486486486486,0.2635135135135135,1154.147747954453,2.520863770214264,False
ita-crotone,CROTONE,ITA,296,47.90347222222222,0.6891891891891891,0.3141891891891892,213.12960245429576,1.3924272802262299,False
kaz-aktau,,KAZ,295,42.33583333333333,0.16271186440677965,0.16271186440677965,213.8914221227375,18.537357296289198,False
rus-rus-380,,RUS,295,2.1127777777777776,0.9932203389830508,0.4542372881355932,108.65705308195339,1.002531555602851,False
lbn-jiyeh,,LBN,295,34.74861111111111,0.5864406779661017,0.5898305084745763,29.414877505748343,1.0157800218103306,False
grl-narsaq,NARSAQ,GRL,295,3.958438888888889,0.9830508474576272,0.8576271186440678,11.399291468359664,1.034654589357932,False
jpn-jpn-4,,JPN,295,25.141944444444444,0.7593220338983051,0.7389830508474576,8.780074530721581,1.0236383339658177,False
idn-serui,SERUI,IDN,294,17.66375,0.9183673469387755,0.36054421768707484,144.31127020858435,1.053620023436627,False
idn-dobo,DOBO,IDN,294,30.458194444444445,1.0,0.09523809523809523,398.99459231258066,1.0094482250904018,False
qat-alshaheenterminal,,QAT,294,38.07944444444445,0.391156462585034,0.4421768707482993,102.24364910337253,1.019728402513763,False
swe-sundsvall,SUNDSVALL,SWE,294,29.456666666666667,0.3163265306122449,0.07482993197278912,346.1390284147157,1.0204588213382455,False
mdg-tulear,TULEAR,MDG,294,39.44402777777778,0.6462585034013606,0.006802721088435374,462.78616583406364,1.2282820317252312,False
gbr-fawley,FAWLEY,GBR,293,29.824444444444445,0.13651877133105803,0.22866894197952217,184.6230692073985,1.4093636915602588,False
png-kavieng,KAVIENG,PNG,292,29.71138888888889,0.7705479452054794,0.1095890410958904,336.239366168314,1.3563259949503712,False
chl-tocopilla,TOCOPILLA,CHL,292,217.4875,0.2191780821917808,0.1095890410958904,1228.6911980482807,1.1283932358237192,False
prt-velas,VELAS,PRT,292,14.35125,1.0,0.4349315068493151,132.22202339865342,1.17271943989528,False
irq-alfawanchorage,,IRQ,291,47.83,0.6494845360824743,0.6563573883161512,48.05193388624628,1.2915991592036646,False
idn-tanjungpemancingan,TANJUNG PEMANCINGAN,IDN,291,74.09222222222222,0.5773195876288659,0.003436426116838488,676.3563628778942,1.932227471408982,False
ven-guanta,GUANTA,VEN,291,83.82138888888889,0.30584192439862545,0.07560137457044673,843.8853336764715,1.197707057859399,False
dza-jijel,JIJEL,DZA,290,108.04777777777778,0.6862068965517242,0.6448275862068965,3.504324990656944,1.0004222430747032,False
esp-gandia,GANDIA,ESP,290,44.11888888888889,0.5413793103448276,0.03793103448275862,186.13538081654724,1.016637479989702,False
can-can-35,CAN-35,CAN,290,47.44169138888889,0.8655172413793103,0.7137931034482758,13.942088759396707,1.0034025425529078,False
chl-arica,,CHL,289,28.12388888888889,0.9550173010380623,0.04498269896193772,311.2795873768767,1.0335060046405737,False
grl-paamuit,PAAMUIT,GRL,289,3.5391666666666666,1.0,0.07612456747404844,122.93925386335853,1.0531279712962065,False
usa-burnsharbor,BURNS HARBOR,USA,288,72.35013888888889,0.8263888888888888,0.4270833333333333,244.51557931011786,1.3545652809683573,False
chl-puertochacabuco,PUERTO CHACABUCO,CHL,288,13.805972222222223,0.9756944444444444,0.034722222222222224,468.1667863594331,1.0022422569185834,False
bra-bra-81,BRA-81,BRA,287,71.52638888888889,0.818815331010453,0.06968641114982578,491.5471992628564,1.1681100336807775,False
jpn-hiroshima,,JPN,286,54.00833333333333,0.534965034965035,0.24475524475524477,302.9136951985802,1.093047181229664,False
ind-tuticorin,TUTICORIN,IND,286,58.36430555555555,0.4090909090909091,0.013986013986013986,847.099823056076,1.3764683166753477,False
idn-bengkulu,BENGKULU,IDN,286,116.47763888888889,0.46503496503496505,0.017482517482517484,894.9252313942727,1.3076748169195722,False
esp-chipiona,CHIPIONA,ESP,286,11.33986111111111,1.0,0.9965034965034965,40.41382072142494,1.0797559907523273,False
chl-puertomontt,PUERTO MONTT,CHL,286,118.11569444444444,0.6188811188811189,0.07342657342657342,522.4754514234141,1.4918999605657919,False
esp-alcudia,ALCUDIA,ESP,286,16.58694444444444,0.9265734265734266,0.12237762237762238,114.32475342123648,22.66378001206638,False
aus-portalma,,AUS,284,28.458333333333336,0.9823943661971831,0.9471830985915493,14.553479983172053,1.0099046468743647,False
mys-sipitang,,MYS,284,172.1952777777778,0.17253521126760563,0.02112676056338028,994.9260138077627,1.1986155505446079,False
chn-chn-185,CHN-185,CHN,283,18.8825,0.9540636042402827,0.872791519434629,29.250141615994366,2.9621242856706536,False
idn-idn-328,,IDN,283,24.25583333333333,0.9681978798586572,0.014134275618374558,165.93426525107034,1.3761324966851385,False
usa-usa-76,,USA,283,28.01638888888889,0.9399293286219081,0.8268551236749117,38.34864603521808,1.0226788963287388,False
bra-bra-253,BRA-253,BRA,282,45.23236111111111,0.9361702127659575,0.1276595744680851,487.3625191709737,1.2701222112304071,False
sau-khafji,,SAU,282,28.48986111111111,0.1879432624113475,0.35106382978723405,135.14122771048952,1.1086164299231391,False
gbr-gbr-477,GBR-477,GBR,281,47.340555555555554,0.41637010676156583,0.33807829181494664,318.460304065297,1.0038313620046302,False
pan-melones,MELONES,PAN,281,21.501944444444444,0.099644128113879,0.09608540925266904,1010.3460324036736,1.014800498017266,False
mex-mex-200,,MEX,281,53.43472222222222,0.8932384341637011,0.7651245551601423,7.121349770423621,1.0017570391914095,False
phl-manila,MANILA,PHL,280,63.33708333333334,0.4,0.19642857142857142,584.6360311068705,1.323902830414224,False
fra-montoir,MONTOIR,FRA,280,27.496388888888887,0.22142857142857142,0.11071428571428571,413.6700447034404,4.547881026286078,False
dnk-avedore,AVEDORE,DNK,280,34.73708333333333,0.08928571428571429,0.075,422.1669638845423,12.02593884878257,False
cub-moa,MOA,CUB,278,89.21319444444444,0.38489208633093525,0.11870503597122302,577.119361627899,1.2494920429250413,False
moz-portoamelia,PORTO AMELIA,MOZ,278,66.27763888888889,0.2841726618705036,0.1366906474820144,890.0337074777166,1.0317556556403584,False
can-havrestpierre,HAVRE ST PIERRE,CAN,278,23.310000000000002,0.9748201438848921,0.014388489208633094,455.0653971772251,50.0,False
gbr-greatyarmouth,GREAT YARMOUTH,GBR,278,18.63625,0.0683453237410072,0.06115107913669065,433.09315381528694,50.0,False
idn-idn-179,,IDN,278,57.82888888888888,0.9964028776978417,0.3057553956834532,287.9772101762105,1.05949930755529,False
nor-nor-608,,NOR,278,8.214027777777778,0.762589928057554,0.29856115107913667,216.1806529214593,1.0175384980394702,False
tto-pointlisas,POINT LISAS,TTO,277,45.87644722222222,0.16606498194945848,0.21299638989169675,1085.5940741468337,1.6481200846803954,False
per-per-40,PER-40,PER,277,29.50555555555556,0.9530685920577617,0.4729241877256318,100.37197705564296,1.7182731371183892,False
qat-qat-4,QAT-4,QAT,277,29.037777777777777,0.11552346570397112,0.296028880866426,236.91246250065234,1.0227564867059258,False
chn-yuhuan,YUHUAN,CHN,277,61.88166666666667,0.8411552346570397,0.05776173285198556,656.5071049075838,1.2002464967854498,False
jpn-niigata,,JPN,277,91.71694444444444,0.6859205776173285,0.09386281588447654,346.6654691938824,1.2061454505844893,False
usa-usa-38,,USA,276,38.42708333333333,0.6847826086956522,0.5760869565217391,46.75826036834451,1.006398298288303,False
brb-brb-4,BRB-4,BRB,276,30.261527777777776,0.3115942028985507,0.39492753623188404,199.18199437398636,1.0518253318998239,False
dom-dom-21,DOM-21,DOM,276,38.943775,0.057971014492753624,0.057971014492753624,567.6737823440956,1.317964151144805,False
vnm-vnm-57,,VNM,276,18.566388888888888,0.5869565217391305,0.0,496.3029911526868,1.0409752486434076,False
tun-gabes,GABES,TUN,275,88.00194444444445,0.12363636363636364,0.06545454545454546,642.1213668861499,1.5262328487668952,False
jpn-otaru,OTARU,JPN,273,28.60611111111111,0.9047619047619048,0.09157509157509157,475.8452973265703,1.0339621429557206,False
phl-polloc(cotabato),POLLOC (COTABATO),PHL,273,17.921388888888888,0.8974358974358975,0.007326007326007326,173.87103496239945,1.034070707337983,False
idn-lubukgaung,LUBUK GAUNG,IDN,273,76.09777777777778,0.14652014652014653,0.14652014652014653,1018.8336382801793,1.111183326281694,False
tur-bartin,BARTIN,TUR,273,116.595,0.3772893772893773,0.08058608058608059,213.52219386486462,2.297818414326406,False
pak-pak-16,,PAK,272,26.412222222222223,0.6691176470588235,0.6691176470588235,0.0,1.0,False
grc-elafonisos,,GRC,272,6.181805555555556,0.13602941176470587,0.1213235294117647,684.0819540206583,1.069800481233735,False
swe-malmo,,SWE,272,21.15111111111111,0.09191176470588236,0.10661764705882353,415.6752818815844,1.0004730811530276,False
aus-devonport,DEVONPORT,AUS,271,22.335277777777776,0.7712177121771218,0.11808118081180811,534.4890434413179,1.043788357790462,False
nga-agbami,,NGA,271,66.38527777777777,0.45387453874538747,0.42066420664206644,1397.8971588190072,1.0000590536213296,False
vgb-saltisland,,VGB,271,27.341666666666665,0.014760147601476014,0.47232472324723246,102.80865399172951,1.9888250245161916,False
tur-samsun,,TUR,270,65.25583333333333,0.5111111111111111,0.07777777777777778,239.8477780845761,11.255842343642001,False
mys-kertih,KERTIH,MYS,269,26.70138888888889,0.24535315985130113,0.04460966542750929,498.5757253310643,1.0518021797049313,False
maf-saintmartin,SAINT MARTIN,MAF,269,22.32138888888889,0.0037174721189591076,0.7546468401486989,87.74675648832492,1.138975525112765,False
mtq-case-pilote,,MTQ,269,26.03611111111111,0.0037174721189591076,0.483271375464684,101.30074560719262,1.122327990338363,False
nor-nor-845,NOR-845,NOR,268,26.25958333333333,0.9440298507462687,0.5149253731343284,86.39487062902577,1.0637515727618996,False
egy-rasgharib,,EGY,268,23.900555555555552,0.2462686567164179,0.2462686567164179,1999.8333028871195,1.0501432485947682,False
dza-tenes,TENES,DZA,268,84.00083333333333,0.1791044776119403,0.07835820895522388,425.92536521534714,1.28561820477046,False
deu-sassnitz,SASSNITZ,DEU,268,82.34722222222223,0.23507462686567165,0.15671641791044777,217.5882798895628,1.5729903827771445,False
esp-carino,CARINO,ESP,267,32.55555555555556,0.17228464419475656,0.14606741573033707,879.7170710847778,2.1916921257412736,False
grl-ilulissat,ILULISSAT,GRL,267,10.499444444444444,1.0,0.8426966292134831,24.873739062109312,2.003247309961957,False
cmr-cmr-21,CMR-21,CMR,267,34.44611111111111,0.0599250936329588,0.0599250936329588,3011.161147049754,1.5004582596349152,False
cri-golfito,GOLFITO,CRI,267,33.68555555555555,0.003745318352059925,0.0,220.11369116371014,1.0253988926327353,False
fra-cherbourg,CHERBOURG,FRA,267,29.08805555555556,0.5430711610486891,0.5205992509363296,63.268994396983004,1.0012693884349093,False
nor-glomfjord,GLOMFJORD,NOR,267,26.72805555555556,0.5205992509363296,0.10861423220973783,482.1298249709046,1.1699252384194485,False
isl-akureyri,AKUREYRI,ISL,266,12.930000000000001,0.7105263157894737,0.37218045112781956,124.67446161722503,1.0852306326601384,False
chn-taishanpowerplant,TAISHAN POWER PLANT,CHN,265,69.3313888888889,0.9471698113207547,0.33584905660377357,1038.9088833856285,26.095009554229325,False
can-canso,CANSO,CAN,265,49.25611111111111,0.32075471698113206,0.2,782.3878772110193,1.0270785347892561,False
rus-rus-371,,RUS,264,7.258611111111112,1.0,0.9507575757575758,9.176058014407381,1.0040815975561943,False
idn-ende,ENDE,IDN,264,24.649166666666666,1.0,0.01893939393939394,540.9108533134664,1.0141001077096252,False
chn-lusi,LUSI,CHN,264,65.87,0.6136363636363636,0.09090909090909091,439.16575340747056,1.0679266863853252,False
arg-ushuaia,USHUAIA,ARG,264,39.14972222222222,0.9128787878787878,0.007575757575757576,1280.9480005598834,2.2901426594729224,False
idn-paiton,,IDN,264,80.25352916666667,0.9962121212121212,0.06060606060606061,432.22722058279135,8.163767502164301,False
nor-floro,FLORO,NOR,264,9.161944444444444,0.5757575757575758,0.26515151515151514,167.23411087730332,1.0474044036401076,False
yem-saleef,SALEEF,YEM,264,240.51314305555553,0.17803030303030304,0.19696969696969696,949.0329540049577,1.0156088933163903,False
mex-mex-197,,MEX,264,41.42786805555555,0.9734848484848485,0.9734848484848485,23.780293814906088,1.0175900521800307,False
isr-ashdod,ASHDOD,ISR,263,28.47111111111111,0.5133079847908745,0.5209125475285171,65.48309092196257,1.0384813920954856,False
mys-kuantan,KUANTAN,MYS,263,45.894444444444446,0.3612167300380228,0.053231939163498096,166.82603116957125,1.0957157555875627,False
phl-phl-137,PHL-137,PHL,263,128.7375,0.2737642585551331,0.07984790874524715,789.0942764642283,1.2904153970802377,False
usa-albany,,USA,263,68.33333333333333,0.7756653992395437,0.4752851711026616,125.75670568454038,1.4654064749940168,False
gbr-gbr-475,,GBR,262,29.91652777777778,0.6030534351145038,0.5725190839694656,28.362164108861545,1.1149280732401123,False
idn-bakau,,IDN,262,82.04430555555555,0.06870229007633588,0.007633587786259542,1426.0970212682284,1.8180933568918767,False
mex-puertomadero,PUERTO MADERO,MEX,262,15.351388888888891,0.1717557251908397,0.007633587786259542,786.1487848860297,1.0019781093869098,False
phl-naga,NAGA,PHL,262,145.2523611111111,0.42748091603053434,0.20610687022900764,719.7100511972942,1.149891873367697,False
tto-labrea,LA BREA,TTO,262,43.28736111111111,0.19083969465648856,0.19083969465648856,1082.6755052983337,1.078696497013063,False
nga-imaterminal,,NGA,261,97.48638888888888,0.7777777777777778,0.7586206896551724,28.45636083754151,1.1545752204502064,False
jpn-jpn-281,,JPN,261,75.39416666666666,0.08045977011494253,0.05747126436781609,3407.290708784449,1.0049458112294196,False
cok-cok-2,COK-2,COK,261,10.71888888888889,0.5325670498084292,0.5287356321839081,0.0,1.0,False
tun-rades,RADES,TUN,261,131.025,0.09195402298850575,0.04597701149425287,464.08490760940794,1.4576750351186165,False
jam-riobueno,RIO BUENO,JAM,260,82.66708333333332,0.07692307692307693,0.07692307692307693,906.3932110090722,1.5097852576133706,False
col-tolu,TOLU,COL,260,153.22805555555556,0.5192307692307693,0.07692307692307693,173.33732494655214,1.1137207503647437,False
jpn-jpn-510,,JPN,260,52.23069444444444,0.16153846153846155,0.1076923076923077,195.25790229144863,1.0331217052256119,False
lby-marsaalbrega,MARSA AL BREGA,LBY,260,48.157916666666665,0.14615384615384616,0.046153846153846156,645.0507595472967,1.9735784201377866,False
ukr-komyshburunska,,UKR,260,52.69083333333333,0.1576923076923077,0.4576923076923077,128.92392656660286,1.0290976046207376,False
gbr-bangor,,GBR,260,32.833749999999995,0.45384615384615384,0.26153846153846155,299.2018399686631,1.0334782031134355,False
png-basamuk,,PNG,260,77.15097222222222,0.19615384615384615,0.16153846153846155,2515.8561033214837,1.7865577173198965,False
ury-fraybentos,FRAY BENTOS,URY,259,69.37555555555555,0.46332046332046334,0.2548262548262548,150.63816689479705,1.2703866481818353,False
phl-recodo,RECODO,PHL,259,27.071944444444444,0.8764478764478765,0.15057915057915058,227.15874849191468,1.159193240456799,False
chl-chl-60,CHL-60,CHL,259,125.77305555555556,0.5945945945945946,0.5791505791505791,4.62289255554503,1.0006258445225662,False
swe-monsterasanchorage,,SWE,257,27.924444444444443,0.12062256809338522,0.038910505836575876,251.56166321851126,3.9224017805571734,False
chn-chn-1487,CHN-1487,CHN,256,73.27819444444444,0.828125,0.4609375,637.1430979340021,1.124635766561842,False
prt-prt-13,PRT-13,PRT,256,16.795972222222222,0.99609375,0.83203125,70.94867746803494,2.4408676971418473,False
grl-grl-11,GRL-11,GRL,256,5.401388888888889,1.0,0.26953125,125.63546422327153,1.0113074896068583,False
egy-ismailiya,ISMAILIYA,EGY,256,14.814672222222221,0.16796875,0.1328125,944.3781557622782,1.0068190319040669,False
lca-vieuxfort,VIEUX FORT,LCA,255,20.42888888888889,0.09019607843137255,0.3686274509803922,202.36829309076774,1.0548115966929756,False
grc-neakarvali,,GRC,255,92.7538888888889,0.13725490196078433,0.13333333333333333,222.0380013702101,1.2431025911447897,False
ven-ven-28,,VEN,255,12.922222222222222,0.8901960784313725,0.8901960784313725,64.88904201273274,1.0072318105363312,False
isl-isl-57,ISL-57,ISL,255,66.9588888888889,0.25882352941176473,0.07058823529411765,1018.0804950568447,1.2788092042622115,False
ecu-monteverde,MONTEVERDE,ECU,254,45.050694444444446,0.452755905511811,0.452755905511811,656.4436478198987,1.0079644863763892,False
bra-bra-166,BRA-166,BRA,254,50.894444444444446,0.9606299212598425,0.011811023622047244,132.2363847171645,26.4472769434329,False
usa-usa-659,,USA,253,26.411666666666665,0.616600790513834,0.03162055335968379,585.658977016698,1.0379677988645306,False
ita-gaeta,GAETA,ITA,253,76.27111111111111,0.6521739130434783,0.09881422924901186,250.81367189985386,1.3435018158418308,False
idn-idn-394,,IDN,253,20.802777777777777,0.2964426877470356,0.4743083003952569,200.76305858833535,1.029036071080104,False
aus-capecuvier,CAPE CUVIER,AUS,253,61.20361111111111,0.17391304347826086,0.05928853754940711,3278.7069633364076,2.4145443773785344,False
fsm-fsm-6,FSM-6,FSM,252,24.846761111111114,0.7222222222222222,0.0,378.01207983962144,1.0530002961579803,False
sen-dakar,,SEN,252,39.86402777777778,0.6031746031746031,0.6309523809523809,11.550990988830552,1.002030747503482,False
pyf-faaa,FAAA,PYF,252,16.120694444444446,0.0,0.0,2488.739927562239,1.0000776196976564,False
ind-okha,,IND,251,147.0888888888889,0.4581673306772908,0.3545816733067729,703.4292518761225,1.1850522774210337,False
rus-astrakhan,ASTRAKHAN,RUS,251,64.4011111111111,0.8286852589641435,0.49800796812749004,140.8073145580571,1.0319009094213836,False
alb-vlore,VLORE,ALB,251,40.53333333333333,0.11155378486055777,0.16733067729083664,390.52271844099363,1.2600715104756626,False
lbn-selaata,SELAATA,LBN,251,118.5513888888889,0.30677290836653387,0.3107569721115538,434.99951128177133,1.1335397937106901,False
jpn-jpn-282,,JPN,250,7.185555555555556,0.996,0.996,9.627080793648375,1.0000661678653835,False
tur-nemrut,NEMRUT,TUR,249,31.370277777777776,0.3092369477911647,0.08835341365461848,495.78261947999545,1.0886487885586904,False
tza-tanga,,TZA,249,110.49388888888888,0.1646586345381526,0.30120481927710846,1307.0400108428432,1.051956692681968,False
tur-tur-236,TUR-236,TUR,248,9.375,0.4798387096774194,0.43951612903225806,194.25175485192813,1.0351555069817362,False
can-portcartier,,CAN,247,69.31722222222223,0.7530364372469636,0.46963562753036436,138.50354832165354,1.0014875602721771,False
png-vanimo,VANIMO,PNG,246,131.2526388888889,0.5203252032520326,0.2601626016260163,659.957441637311,1.0080898880876659,False
rus-nevelsk,NEVELSK,RUS,246,153.83416666666665,0.5609756097560976,0.4268292682926829,444.87981107118753,1.0024345583345715,False
jpn-hamada,HAMADA,JPN,246,27.4675,0.45121951219512196,0.3780487804878049,145.20391393359435,1.0405058402908065,False
chn-chn-2039,CHN-2039,CHN,245,1.7502777777777778,1.0,1.0,7.4552587046809125,1.4910517409361825,False
nzl-seaviewmarina,SEAVIEW MARINA,NZL,244,28.815694444444446,0.7622950819672131,0.19672131147540983,230.37027261510462,1.046600446141082,False
ven-elguamache,EL GUAMACHE,VEN,244,42.92353194444444,0.930327868852459,0.4139344262295082,169.35040585441772,2.3417047870474423,False
mex-mex-128,,MEX,244,27.72657203527778,0.6434426229508197,0.5819672131147541,82.07906103980145,1.1172927987579424,False
idn-kendari,KENDARI,IDN,244,28.192500000000003,1.0,0.06147540983606557,612.0009381591866,1.1833561071873995,False
idn-banjarmasin,,IDN,244,17.71333333333333,0.9918032786885246,0.06557377049180328,240.78483363843154,2.058177845126183,False
idn-idn-245,,IDN,243,37.16583333333333,1.0,0.6419753086419753,39.697639078441355,7.631547675646519,False
vnm-vnm-58,,VNM,243,81.59695833333333,0.43621399176954734,0.2674897119341564,180.3069015047593,2.493297092297376,False
vnm-vnm-38,,VNM,243,34.630833333333335,0.9917695473251029,0.6213991769547325,50.720504338371505,1.5400012242809433,False
jpn-jpn-408,,JPN,243,3.400555555555556,0.9423868312757202,0.9423868312757202,57.81949242898288,1.552371452603427,False
usa-newport,NEWPORT,USA,242,26.768194444444447,0.6652892561983471,0.1115702479338843,353.90817509805186,1.0176434337106364,False
nzl-nzl-22,,NZL,241,66.96722222222222,0.37344398340248963,0.08298755186721991,5189.801514872729,1.0112097387101509,False
idn-wini,WINI,IDN,241,34.17444444444445,0.6473029045643154,0.36099585062240663,707.5582992708381,1.1884979621841179,False
aze-sangachal,SANGACHAL,AZE,241,28.721944444444443,0.8174273858921162,0.8174273858921162,7.080319369609379,1.0135067902410175,False
usa-usa-1136,USA-1136,USA,240,79.39666666666668,0.8291666666666667,0.17083333333333334,317.6289192123734,1.9923616500553987,False
aus-whyalla,,AUS,240,273.9140277777778,0.13333333333333333,0.06666666666666667,4228.315361874205,3.2368059990987246,False
swe-rindo,RINDO,SWE,240,24.54888888888889,0.4875,0.14583333333333334,207.45390132901542,1.260131073333223,False
chl-puntachungo,,CHL,240,45.69777777777779,0.5416666666666666,0.10416666666666667,669.2858593641747,1.0052607488905902,False
aus-broome,,AUS,239,26.510555555555555,0.5439330543933054,0.37656903765690375,598.7277670315044,1.0119319553318487,False
idn-bade,BADE,IDN,239,23.913611111111116,0.99581589958159,0.8535564853556485,58.295238933697206,1.0244542294080987,False
grd-grd-8,,GRD,239,13.259444444444444,0.09205020920502092,0.4895397489539749,122.60629703382662,1.0735053034419866,False
ita-torreannunziata,TORRE ANNUNZIATA,ITA,239,94.0825,0.47280334728033474,0.05439330543933055,324.51780214625865,1.2425341870418416,False
ago-cabinda,CABINDA,AGO,239,55.30777777777778,0.5062761506276151,0.5648535564853556,51.473205460566426,9.979117550797117,False
chn-shenquan,SHENQUAN,CHN,238,30.5075,0.09243697478991597,0.008403361344537815,2612.0064967701655,5.311546621596202,False
irn-irn-113,IRN-113,IRN,238,18.138055555555553,0.8739495798319328,0.7773109243697479,1.9777408642829215,1.0,False
tur-yomra,YOMRA,TUR,238,37.085972222222225,0.5630252100840336,0.058823529411764705,233.21186108450834,1.880809054751033,False
fin-kaskinen,,FIN,237,26.996666666666663,0.4388185654008439,0.25738396624472576,196.39423225753615,1.192481682623789,False
tza-mtwara,MTWARA,TZA,237,106.705,0.02109704641350211,0.008438818565400843,2334.8117736608046,1.1425592393975743,False
mdg-diegosuarez,DIEGO SUAREZ,MDG,237,39.846944444444446,0.43037974683544306,0.2616033755274262,624.0386995331068,1.35904193518003,False
jpn-ako,,JPN,236,65.7773611111111,0.1694915254237288,0.0423728813559322,488.69993609902684,1.2577256120187914,False
rus-rus-357,RUS-357,RUS,236,11.89361111111111,0.9957627118644068,0.8008474576271186,51.853469838790716,1.014482386639009,False
chl-puertochincui,PUERTO CHINCUI,CHL,235,101.53694444444444,0.7617021276595745,0.00851063829787234,291.93992601680065,1.263145553367708,False
ita-portoempedocle,PORTO EMPEDOCLE,ITA,235,84.62972222222223,0.4553191489361702,0.0425531914893617,490.29175359767487,1.466021348473149,False
nor-nor-442,,NOR,234,49.17069444444445,0.5897435897435898,0.48717948717948717,105.35460594994986,1.0980337592944134,False
maf-maf-5,,MAF,234,13.739583333333332,0.05982905982905983,0.14957264957264957,1595.737558126052,1.077355893146005,False
kor-okgye,,KOR,233,61.297777777777775,0.5836909871244635,0.04721030042918455,156.8609405406561,2.5612095823428302,False
ind-chennai,CHENNAI,IND,233,47.178333333333335,0.7081545064377682,0.17167381974248927,420.4011825956384,1.236812357014191,False
ukr-odessa,ODESSA,UKR,233,20.85861111111111,0.8540772532188842,0.8755364806866953,10.672302641532195,1.0777397381521472,False
usa-westport,WESTPORT,USA,232,106.25902777777779,0.978448275862069,0.978448275862069,9.566311567919774,1.0011336591307862,False
phl-pagbilao,,PHL,232,135.95111111111112,0.1896551724137931,0.15517241379310345,886.1247437384583,2.661899554707677,False
swe-kalmar,KALMAR,SWE,232,10.46138888888889,0.4353448275862069,0.017241379310344827,189.96413867502304,1.310675315311384,False
chn-shekou,SHEKOU,CHN,232,48.35416666666667,0.5258620689655172,0.41810344827586204,516.6357675760693,1.0200368368357595,False
grc-milos,,GRC,231,122.75611111111112,0.09956709956709957,0.09090909090909091,1233.7659134040005,1.1163562094349655,False
can-toronto,TORONTO,CAN,231,109.18416666666668,0.9956709956709957,0.9177489177489178,24.569015593346183,1.0801419721620333,False
chn-weizhouisland,WEIZHOU ISLAND,CHN,229,66.16666666666667,1.0,0.15283842794759825,927.9977722924239,1.7227028616948443,False
ukr-vylkove,VYLKOVE,UKR,229,17.788888888888888,0.14847161572052403,0.6899563318777293,35.36525450821248,1.1213818863751734,False
chn-jiangyin,JIANGYIN,CHN,229,60.12472222222223,0.8253275109170306,0.5676855895196506,90.97903816863516,1.0229565458556158,False
idn-idn-31,,IDN,229,36.7875,0.9126637554585153,0.06986899563318777,588.530533171161,1.1311293887021812,False
rus-yuzhokurilsk,YUZHO KURILSK,RUS,229,20.43166666666667,0.9737991266375546,0.1965065502183406,603.1272950793508,1.1058870513498646,False
usa-newportnews,NEWPORT NEWS,USA,229,20.97055555555556,0.9606986899563319,0.9563318777292577,48.99255411399491,1.0856600307130124,False
usa-pittsburg,PITTSBURG,USA,228,61.83097222222222,0.6973684210526315,0.6096491228070176,30.540115631731677,1.0486451360580173,False
isl-husavik,HUSAVIK,ISL,228,9.562638888888891,0.7587719298245614,0.4517543859649123,140.44321489126546,2.11322997468067,False
rus-konstantinovsk,KONSTANTINOVSK,RUS,228,12.377500000000001,0.9956140350877193,0.5350877192982456,67.4578431720077,1.0133995277748065,False
gbr-gbr-472,,GBR,227,58.265,0.1145374449339207,0.01762114537444934,1373.8184541017422,1.434985200088092,False
grl-aasiaat,AASIAAT,GRL,227,7.345,0.9955947136563876,0.7929515418502202,49.09262144063731,1.0538059755188434,False
sau-sau-177,,SAU,227,39.63353611111111,0.9515418502202643,0.3392070484581498,201.97311149847016,4.609078123732253,False
aus-portlatta,PORT LATTA,AUS,227,36.16416666666667,0.29515418502202645,0.17180616740088106,4449.09343761224,5.867415930557761,False
mex-mex-201,,MEX,227,71.50666666666666,0.8237885462555066,0.5198237885462555,7.396078164227554,1.0015929060287982,False
jpn-fushikitoyama,FUSHIKITOYAMA,JPN,227,39.62083333333333,0.4052863436123348,0.07929515418502203,440.8390061708825,1.6806258685057978,False
swe-swe-354,,SWE,226,112.33069444444445,0.37610619469026546,0.02654867256637168,215.32194147339882,1.0259947596874315,False
aus-uselessloop,USELESS LOOP,AUS,226,39.327353262916674,0.030973451327433628,0.004424778761061947,2431.7462248427014,3.0944047824192693,False
vnm-vnm-40,,VNM,226,20.98236111111111,0.3584070796460177,0.11504424778761062,576.3276658643981,1.1489690328036222,False
fra-ajaccio,AJACCIO,FRA,225,31.75,0.76,0.02666666666666667,186.0122780833349,37.20245561666698,False
gbr-blyth,BLYTH,GBR,225,25.169444444444444,0.12,0.07111111111111111,270.46136812506563,1.2531457543009337,False
slv-launion,LA UNION,SLV,225,68.90055555555556,0.013333333333333334,0.1511111111111111,560.2271164579696,46.19745249197259,False
swe-ljusne,,SWE,225,61.04944444444445,0.4622222222222222,0.12444444444444444,278.6518960279777,1.062023908445847,False
esp-puertodesalinetas,,ESP,225,35.00888888888889,0.9066666666666666,0.6088888888888889,53.414571555071106,1.059715052588587,False
phl-subic,SUBIC,PHL,224,25.66361111111111,0.4375,0.39285714285714285,547.7962916081995,1.0348183685508356,False
fra-saintmandrier,SAINT MANDRIER,FRA,224,16.268749999999997,0.25892857142857145,0.16964285714285715,345.81314076424786,1.1123556252898978,False
ita-vasto,,ITA,224,46.23319444444445,0.21428571428571427,0.03571428571428571,481.4103862463776,1.1264432211271806,False
est-parnu,PARNU,EST,224,21.118333333333332,0.017857142857142856,0.03571428571428571,336.36435122856136,2.9125324934486,False
chn-chn-2239,CHN-2239,CHN,224,67.31219999999999,0.7276785714285714,0.20089285714285715,193.0218521747804,1.1718116916495793,False
jpn-hibi,HIBI,JPN,223,50.93666666666667,0.4618834080717489,0.23766816143497757,528.1596027011005,1.0109082747906617,False
prt-praia,PRAIA,PRT,223,9.71861111111111,1.0,0.7309417040358744,35.37637751628083,1.3352534882614557,False
ncl-ncl-27,,NCL,223,54.574444444444445,0.2242152466367713,0.06726457399103139,1238.9296894264146,1.1485806000000713,False
tur-tur-245,TUR-245,TUR,223,13.766944444444444,0.2242152466367713,0.07623318385650224,598.1425429344547,1.0595098053544796,False
rus-vyborg,VYBORG,RUS,222,45.00402777777778,0.34684684684684686,0.24324324324324326,490.5731023114136,1.5129702308534054,False
jpn-tagonoura,TAGONOURA,JPN,222,84.00152777777777,0.6081081081081081,0.31981981981981983,280.417993225881,1.0233256526851098,False
zaf-mosselbay,,ZAF,222,39.2,0.7657657657657657,0.28378378378378377,294.3168659478541,1.0175666049556318,False
phl-carrascal,CARRASCAL,PHL,222,183.3776388888889,0.018018018018018018,0.018018018018018018,1187.0311958452307,3.464387026276138,False
mys-mys-111,,MYS,222,23.461973611111112,0.34234234234234234,0.1981981981981982,938.5571001182357,1.2527215251689816,False
dnk-grenaa,GRENAA,DNK,221,52.047777777777775,0.18552036199095023,0.36199095022624433,267.8200960708855,1.147793708596488,False
nor-sauda,SAUDA,NOR,221,93.27972222222222,0.3076923076923077,0.22171945701357465,501.3155695806822,1.108240518814678,False
tha-songkhla,SONGKHLA,THA,221,57.415277777777774,0.10407239819004525,0.00904977375565611,418.7764878412685,4.159022809518838,False
rus-sovgavan,SOVGAVAN,RUS,221,126.00305555555556,0.5248868778280543,0.1583710407239819,732.0764392063695,1.436611212157778,False
can-can-317,CAN-317,CAN,221,59.74777777777778,0.918552036199095,0.918552036199095,12.126858549426341,1.0090384882294454,False
ita-ita-338,ITA-338,ITA,220,38.33111111111111,0.5045454545454545,0.2772727272727273,279.07157752675926,1.061982179882147,False
idn-samarinda,,IDN,220,28.442777777777778,1.0,0.15,449.6977677803334,1.4357987197098971,False
sle-freetown,,SLE,219,9.743611111111113,0.9908675799086758,0.9954337899543378,12.441928107148359,1.0011492193734668,False
nor-nor-803,NOR-803,NOR,219,16.029444444444444,0.4703196347031963,0.3972602739726027,159.04558866654259,1.3474980531682301,False
ukr-kherson,,UKR,219,142.01416666666665,0.1917808219178082,0.1963470319634703,352.9021500229088,1.3283015740433168,False
fra-saintmalo,SAINT MALO,FRA,219,27.069444444444443,0.4063926940639269,0.3378995433789954,241.56783019319408,1.0177850822317234,False
tur-tur-41,TUR-41,TUR,218,27.18083333333334,0.3486238532110092,0.12844036697247707,277.65753451578456,1.9175546366687117,False
aus-australiaspencergulf,,AUS,218,26.41388888888889,0.9954128440366973,0.9954128440366973,8.302449979930255,1.0051857055122242,False
grl-nanortalik,NANORTALIK,GRL,218,5.116944444444444,0.963302752293578,0.21100917431192662,301.8423720318573,1.3233507297869889,False
rus-beringovsky,BERINGOVSKY,RUS,218,88.5652777777778,0.7752293577981652,0.3532110091743119,200.32784593632093,1.0,False
jpn-tokachi,TOKACHI,JPN,218,81.58628888888889,0.7981651376146789,0.3486238532110092,395.689345593315,1.0687583056327385,False
png-buka,BUKA,PNG,218,27.609027777777776,0.981651376146789,0.7477064220183486,74.54770410156071,1.0063670502099926,False
fin-fin-127,,FIN,218,60.01069444444445,0.19724770642201836,0.17889908256880735,512.5103499540445,1.5363366973751917,False
fin-fin-158,FIN-158,FIN,217,42.509166666666665,0.6036866359447005,0.7188940092165899,15.525177137838895,1.1992995096389958,False
swe-karlsborg,KARLSBORG,SWE,217,42.147777777777776,0.3824884792626728,0.2073732718894009,283.9893924538758,1.5952467278616445,False
jpn-jpn-475,,JPN,217,115.26805555555556,0.43317972350230416,0.2073732718894009,404.3872040800873,1.1411715560549676,False
irn-chabahar,,IRN,216,55.66944444444445,0.5740740740740741,0.1388888888888889,258.4973070000028,1.0157212149502852,False
usa-usa-1333,,USA,216,64.86152777777778,0.5740740740740741,0.5185185185185185,45.67160760664878,1.1201536473649227,False
bes-kralendijk,KRALENDIJK,BES,216,28.253055555555555,0.041666666666666664,0.7638888888888888,97.11829831021491,1.266349648199435,False
can-can-379,CAN-379,CAN,216,8.448055555555555,0.9490740740740741,0.8009259259259259,9.037079651829789,1.0122320677479464,False
nor-nor-485,,NOR,215,50.67194444444444,0.8558139534883721,0.827906976744186,27.971081486112418,1.0163141232459263,False
jpn-imabari,IMABARI,JPN,215,8.249166666666667,0.986046511627907,0.8976744186046511,33.866952016781134,1.1021933713669518,False
bhs-inaguaislands,INAGUA ISLANDS,BHS,214,68.13694444444445,0.09813084112149532,0.09345794392523364,581.7064111135003,1.2724422994831157,False
chn-lushan,LUSHAN,CHN,214,8.34,0.8878504672897196,0.35046728971962615,121.93032567146673,1.006380975664587,False
gnq-luba,LUBA,GNQ,214,31.44763888888889,0.29439252336448596,0.3177570093457944,110.13833254869822,1.0651717424067033,False
dnk-dnk-121,DNK-121,DNK,214,38.51583333333334,0.037383177570093455,0.308411214953271,357.22096230405367,2.519152717107197,False
jpn-nyugawa,,JPN,214,117.45361111111112,0.26635514018691586,0.21495327102803738,562.4924925595161,1.108064735251891,False
vct-bluelagoon,,VCT,214,9.231527777777778,0.16355140186915887,0.7336448598130841,94.07009494592782,1.1543736995179918,False
chl-chl-106,CHL-106,CHL,214,24.766666666666666,0.822429906542056,0.38317757009345793,264.1507213526213,1.0043200564786112,False
rus-rus-448,RUS-448,RUS,213,54.7275,0.568075117370892,0.11267605633802817,761.9848710865101,44.35037990870124,False
grc-volos,VOLOS,GRC,213,95.06583333333332,0.40375586854460094,0.323943661971831,250.0434424023968,1.2216593441897527,False
isr-hadera,,ISR,213,168.57222222222222,0.26291079812206575,0.26291079812206575,1032.835542252167,1.0629898260614552,False
nor-verdal,VERDAL,NOR,212,28.062777777777775,0.589622641509434,0.009433962264150943,291.7204019738757,2.1112743060754244,False
isl-reykjavik,REYKJAVIK,ISL,212,20.459583333333335,0.5660377358490566,0.41037735849056606,206.86478410191623,1.0240895710852822,False
usa-cherrypoint,CHERRY POINT,USA,212,33.566388888888895,0.7122641509433962,0.36792452830188677,645.4733590012273,1.0509566565537605,False
ind-kandla,KANDLA,IND,212,53.369166666666665,0.33962264150943394,0.2358490566037736,748.7137955564094,1.0498165015402385,False
mys-mys-55,MYS-55,MYS,212,25.325416666666666,0.589622641509434,0.1792452830188679,430.00650534258887,1.301797525466462,False
phl-phl-139,PHL-139,PHL,212,200.91624999999993,0.03773584905660377,0.02358490566037736,1150.0581626364444,2.0090319079431813,False
tur-fethiye,,TUR,211,23.77611111111111,0.17535545023696683,0.0995260663507109,349.8380454650569,1.0526543869696918,False
nor-nor-882,NOR-882,NOR,211,19.120833333333334,0.8720379146919431,0.009478672985781991,621.0556923387223,2.5937163389788482,False
rus-severokurilsk,SEVERO KURILSK,RUS,211,19.064444444444444,0.933649289099526,0.2843601895734597,564.7470049062265,1.0253793237693054,False
phl-minlagas,MINLAGAS,PHL,211,19.120277777777776,0.22748815165876776,0.08056872037914692,1635.1133277108295,1.046597374188115,False
phl-hinatuan,,PHL,211,242.3011111111111,0.0995260663507109,0.07582938388625593,1161.7041643124003,1.016965016917796,False
vct-kingstown,KINGSTOWN,VCT,210,13.77513888888889,0.15714285714285714,0.7666666666666667,72.83107293030706,1.1750391059033531,False
chn-guishan,GUISHAN,CHN,210,26.189999999999998,0.44285714285714284,0.24285714285714285,694.6747381579975,1.0126386768849167,False
usa-usa-1839,,USA,210,61.85680555555555,0.3476190476190476,0.10476190476190476,3018.778871366889,1.0312525420940108,False
lbn-tripoli,TRIPOLI,LBN,210,28.59375,0.2619047619047619,0.3238095238095238,252.74763375833263,1.0826172168283836,False
irn-asaluyeh,,IRN,210,21.544305555555553,0.44285714285714284,0.319047619047619,176.11229032835334,1.0523088508380876,False
ago-clovangola,,AGO,209,35.06194444444444,0.15789473684210525,0.15789473684210525,3123.6368980960724,1.0869164955678383,False
ven-catialamar,CATIA LA MAR,VEN,209,30.76944444444445,0.9760765550239234,0.24880382775119617,176.6634355717413,1.0255092162609079,False
usa-bolivar,BOLIVAR,USA,209,40.815,0.9952153110047847,0.9952153110047847,32.06737517758616,1.0340251996012242,False
irn-khark,KHARK,IRN,209,29.675,0.6124401913875598,0.17703349282296652,340.0762727124765,2.1678362579495514,False
nic-puertosandino,,NIC,209,94.18888888888888,0.06698564593301436,0.11004784688995216,475.5591284816878,1.0732493173009952,False
sle-sle-6,SLE-6,SLE,209,175.76222222222222,0.10047846889952153,0.10047846889952153,2726.4534807403334,1.024085276129034,False
lka-puttalam,,LKA,209,142.35305555555556,0.23923444976076555,0.2535885167464115,1591.2094438211643,1.2076428296634372,False
chn-zhangjiagang,ZHANGJIAGANG,CHN,209,94.41083333333331,0.7942583732057417,0.6507177033492823,47.39476008963706,1.0404299573038196,False
gab-caplopez,CAP LOPEZ,GAB,208,64.52958333333333,0.0625,0.052884615384615384,2347.9397128346013,1.112936845010353,False
ukr-berdyansk,BERDYANSK,UKR,208,122.49097222222221,0.028846153846153848,0.9423076923076923,74.58525462849072,1.2879387939984985,False
gbr-aberdeen,,GBR,208,39.29035416666667,0.12980769230769232,0.09134615384615384,373.64524947282604,1.2397295462622477,False
rus-rus-407,,RUS,208,156.65777777777777,0.8461538461538461,0.24519230769230768,828.0413963511345,1.2739215107121538,False
nor-sunndalsora,SUNNDALSORA,NOR,206,120.56041666666667,0.3932038834951456,0.30097087378640774,320.0644513791798,1.0712312721006376,False
ita-ita-329,ITA-329,ITA,206,28.563750000000002,0.1262135922330097,0.07281553398058252,489.1524515123133,1.8167372309182204,False
civ-portbouetanchorage,PORT BOUET ANCHORAGE,CIV,206,44.36496944444444,0.06796116504854369,0.05339805825242718,815.0709381092163,1.13410113802378,True
gbr-plymouth,PLYMOUTH,GBR,206,34.59222222222222,0.9514563106796117,0.8203883495145631,91.36372740922721,18.27274548184544,False
chn-chn-2289,CHN-2289,CHN,206,38.65069444444444,0.8689320388349514,0.7475728155339806,58.2602522622511,1.0961927448628304,False
moz-moma,,MOZ,206,297.0465277777778,0.1650485436893204,0.05339805825242718,2760.051993457716,1.0892727230523613,False
mhl-kwajalein,KWAJALEIN,MHL,206,55.841944444444444,0.09223300970873786,0.019417475728155338,2634.789325739255,1.0039015219530087,False
rus-bereslavka,BERESLAVKA,RUS,205,10.636666666666668,0.9951219512195122,0.8780487804878049,22.235165386874314,1.019536066848112,False
usa-milwaukee,MILWAUKEE,USA,205,78.85638888888889,0.7560975609756098,0.23414634146341465,258.2778861055192,1.2297640744367127,False
idn-idn-80,,IDN,205,28.023055555555555,1.0,0.0975609756097561,449.6636181340408,1.8184087279114278,False
tha-tha-73,,THA,205,65.58416666666666,0.2634146341463415,0.2634146341463415,704.1404749965791,1.0877890884469572,False
idn-idmli,,IDN,205,154.8775,0.23902439024390243,0.004878048780487805,2423.4357914849384,1.2546357581113992,False
nor-tromso,TROMSO,NOR,205,10.546944444444444,0.8146341463414634,0.2780487804878049,207.32709966278654,1.2551279891147498,False
aze-baku,,AZE,205,26.149444444444445,0.32195121951219513,0.32195121951219513,168.46879053026777,1.0417493269637732,False
rus-rostovnadon,,RUS,205,38.95472222222222,0.848780487804878,0.5170731707317073,84.42343300444281,1.0278653630374055,False
sur-sur-5,SUR-5,SUR,204,34.75625,0.9117647058823529,0.9117647058823529,10.46548275872404,1.0151204038354875,False
flk-berkeleysound,BERKELEY SOUND,FLK,204,41.26402777777778,0.7401960784313726,0.7401960784313726,6.927238587576485,1.0,False
ita-manfredonia,,ITA,204,110.70902777777778,0.37254901960784315,0.0784313725490196,413.28743816172744,1.1179401377696507,False
nga-akpofpso,,NGA,204,37.10763888888889,0.29901960784313725,0.22058823529411764,2168.777070400488,1.0774437966699677,False
rus-semikarakorsk,SEMIKARAKORSK,RUS,204,11.915138888888889,1.0,0.8725490196078431,49.932208108402435,1.0130022913039496,False
jpn-karatsu,KARATSU,JPN,203,28.004444444444445,0.4482758620689655,0.23645320197044334,389.39458737886457,1.0446058185967997,False
ind-ind-61,IND-61,IND,203,148.22055555555556,0.07881773399014778,0.029556650246305417,2449.173901517652,1.0826198059769996,False
phl-dumaguete,DUMAGUETE,PHL,203,24.168055555555554,0.9310344827586207,0.5073891625615764,93.96786351916633,1.1020813375812597,False
phl-ilihan,ILIHAN,PHL,203,32.97340833333333,0.20689655172413793,0.19704433497536947,776.7906741644117,1.1345800437363687,False
fin-kalajoki,KALAJOKI,FIN,203,40.39944444444444,0.5073891625615764,0.43842364532019706,169.38406451906673,1.1517711682345348,False
jpn-matsusaka,,JPN,202,24.951527777777777,0.8366336633663366,0.24752475247524752,167.97231105950198,1.0298658070679323,False
rus-volgodonsk,VOLGODONSK,RUS,201,4.366944444444444,0.9950248756218906,0.7661691542288557,46.378602230008205,1.061177855488262,False
nld-hansweert,HANSWEERT,NLD,201,31.282777777777778,0.12437810945273632,0.31840796019900497,207.39428135746817,1.0223716563965888,False
egy-wadifeiran,WADI FEIRAN,EGY,201,61.85944444444444,0.8258706467661692,0.8258706467661692,64.0335349819479,1.381356110616403,False
jpn-aomori,AOMORI,JPN,200,26.092083333333335,0.69,0.005,337.5377915148755,1.0101485299797557,False
guy-newamsterdam,,GUY,200,32.899166666666666,0.015,0.015,344.313861606807,1.3317077039622127,False
egy-abuqir,,EGY,200,198.60972222222222,0.21,0.16,504.76697424602196,1.3140257090332295,False
ita-gela,GELA,ITA,200,67.06027777777777,0.57,0.555,90.14811665611091,1.322585237964499,False
idn-idn-369,IDN-369,IDN,200,65.60374999999999,0.94,0.085,271.28118667949434,15.037186356413219,False
nor-harstad,HARSTAD,NOR,200,11.101527777777779,0.89,0.445,103.81514506432481,1.0143186332177851,False
fra-ouistreham,OUISTREHAM,FRA,199,70.975,0.02512562814070352,0.010050251256281407,541.9301263535156,1.1310696964869176,False
ata-discoverybay,DISCOVERY BAY,ATA,199,43.024166666666666,0.7738693467336684,0.7738693467336684,0.0,1.0,False
nor-honningsvag,HONNINGSVAG,NOR,199,51.89722222222223,0.10050251256281408,0.08542713567839195,878.6522321325184,30.422832407262288,False
usa-usa-1141,USA-1141,USA,199,45.41388888888889,0.5979899497487438,0.4371859296482412,280.7475355969678,1.0952952172557346,False
col-puertobrisa,PUERTO BRISA,COL,199,80.87138888888889,0.11055276381909548,0.08040201005025126,2730.9146386969337,1.0654392143821696,False
usa-coeymans,COEYMANS,USA,198,92.82861111111112,0.8787878787878788,0.41414141414141414,178.41805378564987,1.618050277517013,False
idn-tobelo,TOBELO,IDN,198,55.254305555555554,0.9949494949494949,0.030303030303030304,1046.7375078301634,1.1320868632840722,False
fra-calais,CALAIS,FRA,198,27.21861111111111,0.06060606060606061,0.29797979797979796,299.99833694713186,1.1135618378771346,False
fra-fra-367,FRA-367,FRA,198,29.76361111111111,0.3484848484848485,0.16161616161616163,394.1635389553515,1.1873081824445637,False
qat-qat-2,QAT-2,QAT,198,26.83888888888889,0.10606060606060606,0.2676767676767677,265.4204017613935,1.0243462578144389,False
aze-alat,ALAT,AZE,197,73.84944444444444,0.26903553299492383,0.26903553299492383,170.0719513780783,12.322963260731012,False
prt-figueiradafoz,,PRT,197,59.21722222222222,0.29441624365482233,0.25888324873096447,411.7647223603901,1.1523578666200018,False
chl-michilla,MICHILLA,CHL,197,42.04555555555555,0.8426395939086294,0.7918781725888325,21.34585719347806,4.269171438695612,False
chl-antofagasta,,CHL,196,80.63513888888889,0.923469387755102,0.6938775510204082,4.62289255554503,1.001105931386752,False
esp-sanlucardebarra,SANLUCAR DE BARRA,ESP,196,10.0225,0.9948979591836735,0.9795918367346939,40.41382072142494,1.088406544433457,False
bra-tmib,,BRA,196,111.30458333333334,0.6530612244897959,0.07142857142857142,1015.4842290824187,1.0877991526563797,False
jpn-hannan,HANNAN,JPN,195,23.08222222222222,0.7487179487179487,0.37948717948717947,220.10182619655714,1.02501840882864,False
prt-portosanto,PORTO SANTO,PRT,195,5.023611111111111,0.9076923076923077,0.010256410256410256,603.1751191788687,1.000959180329935,False
tur-mersin,,TUR,195,40.13111111111111,0.7846153846153846,0.676923076923077,70.25694550442869,1.0308951404958269,False
swe-backviken,BACKVIKEN,SWE,195,17.98777777777778,0.05641025641025641,0.37948717948717947,158.84256366103685,1.18170802505821,False
irl-rosslare,ROSSLARE,IRL,194,4.726944444444444,0.005154639175257732,0.005154639175257732,536.035268623419,1.6501262421242648,False
irq-khoralzubair,KHOR AL ZUBAIR,IRQ,193,69.40694444444445,0.7668393782383419,0.772020725388601,43.74029875858609,7.732412201106826,False
phl-phl-140,PHL-140,PHL,193,143.3786111111111,0.14507772020725387,0.12435233160621761,961.4106959542627,6.536490264791,False
nga-nga-59,,NGA,193,144.85861111111112,0.18134715025906736,0.19689119170984457,814.9805938852545,1.0923484821420077,False
idn-idn-162,,IDN,193,12.258055555555556,0.9481865284974094,0.46113989637305697,1375.4963459630883,1.0000498437428234,False
tha-tha-2,,THA,192,98.32916666666665,0.010416666666666666,0.0,2245.4501376160874,1.222238239324222,False
irn-lavan,LAVAN,IRN,192,80.11777777777777,0.9322916666666666,0.359375,191.99897960136593,4.064069233735596,False
esp-alcanar,,ESP,192,104.74875,0.4322916666666667,0.08854166666666667,659.5929708205875,1.137877512731182,False
aus-bingbong,,AUS,191,162.98,0.16753926701570682,0.031413612565445025,3076.022223206696,1.811270439663581,False
chn-chn-188,CHN-188,CHN,190,33.23763888888889,0.9947368421052631,0.17894736842105263,994.6216214576569,1.077411801369415,False
gbr-gbr-232,,GBR,190,28.11375,0.3526315789473684,0.04736842105263158,428.5177416064073,4.090024042105654,False
chn-chn-158,CHN-158,CHN,189,6.7363888888888885,0.6613756613756614,0.015873015873015872,521.5495117210716,1.0134313337095813,False
sau-duba,DUBA,SAU,188,81.88222222222223,0.23404255319148937,0.03723404255319149,206.4770047392159,1.0265623178919658,False
ago-daliaangola,DALIA ANGOLA,AGO,187,37.894444444444446,0.19786096256684493,0.18716577540106952,5027.9868359039465,1.0354317816174985,False
cub-nuevitasanchorage,NUEVITAS ANCHORAGE,CUB,187,97.48666666666666,0.7219251336898396,0.03208556149732621,259.06148479310366,1.0586694831649046,True
rus-rus-129,,RUS,187,7.475833333333333,1.0,0.946524064171123,79.70343198228156,1.0089808663117215,False
idn-biringkassi,,IDN,187,137.74805555555557,0.1711229946524064,0.08021390374331551,1745.633109886774,1.2998561962636466,False
nld-nld-32,,NLD,186,49.08902777777779,0.2849462365591398,0.3387096774193548,434.3922473613982,1.0465716541064092,False
cod-cod-10,COD-10,COD,186,92.67180555555555,0.25806451612903225,0.6451612903225806,53.288306775036354,1.0241133761328396,False
usa-houmaanchorage,HOUMA ANCHORAGE,USA,186,67.55027777777778,0.4731182795698925,0.026881720430107527,965.437742540937,1.1161167398588694,True
swe-swe-485,,SWE,186,28.87875,0.9301075268817204,0.9354838709677419,8.236440127862915,1.009345190662464,False
png-kieta,KIETA,PNG,185,28.06111111111111,0.9945945945945946,0.08648648648648649,516.240015574127,1.2714655091139997,False
ago-pazflorangola,,AGO,185,34.06805555555555,0.1891891891891892,0.1891891891891892,3599.693737908903,1.0327207457859722,False
fro-klaksvik,KLAKSVIK,FRO,185,10.304722222222225,0.32972972972972975,0.32972972972972975,538.1205017587552,1.0269633882359908,False
egy-elarish,ELARISH,EGY,183,126.39527777777778,0.21311475409836064,0.28415300546448086,277.91963052781,1.2355766246392856,False
aus-bundaberg,,AUS,183,50.10444444444445,0.6721311475409836,0.45901639344262296,453.2709858390135,1.0043082041150473,False
nor-nor-571,,NOR,183,5.066111111111111,0.9836065573770492,0.9562841530054644,20.211061762462233,1.021064363982569,False
lby-tobruk,TOBRUK,LBY,182,71.47166666666666,0.0989010989010989,0.01098901098901099,423.6087026917221,1.5650352311250773,False
phl-phl-138,PHL-138,PHL,182,143.1461111111111,0.11538461538461539,0.06593406593406594,993.9440346577652,6.877943791828351,False
lbn-lbn-23,LBN-23,LBN,181,27.15833333333333,0.7569060773480663,0.7569060773480663,9.792561980192595,1.0317125694807077,False
phl-cagsiay,CAGSIAY,PHL,181,143.8575,0.20441988950276244,0.16022099447513813,903.2764677586711,3.2031900467616476,False
idn-idn-98,IDN-98,IDN,181,28.841944444444444,1.0,0.12154696132596685,453.2105818348032,50.0,False
can-gibsons,GIBSONS,CAN,181,63.29194444444445,0.9226519337016574,0.9060773480662984,20.815667146570053,1.4386415223497082,False
fra-antifer,ANTIFER,FRA,181,42.80611111111112,0.2541436464088398,0.30939226519337015,198.36437912428275,1.0649598333680022,False
phl-sinisian,SINISIAN,PHL,180,60.685277777777785,0.5,0.34444444444444444,508.6339564462351,1.0442995291317168,False
idn-idn-317,,IDN,179,201.3080555555556,0.2569832402234637,0.01675977653631285,1729.7752513055107,1.9714715978435355,False
sau-sau-197,,SAU,179,49.82888888888889,0.4301675977653631,0.2681564245810056,621.5206935720157,1.17821172227976,False
ind-ind-211,IND-211,IND,179,47.58305555555555,0.6089385474860335,0.027932960893854747,529.042378896762,1.2475557168778328,False
flk-stanley,STANLEY,FLK,179,19.24333333333333,0.46368715083798884,0.46368715083798884,652.6155408639282,1.0117583348635426,False
tur-unye,UNYE,TUR,178,77.51660555555556,0.6797752808988764,0.028089887640449437,374.60484398744177,4.692253527405791,False
prt-vianadocastelo,,PRT,178,65.81166666666667,0.21348314606741572,0.1797752808988764,578.7760528023247,1.101268551248527,False
chn-chn-708,CHN-708,CHN,178,18.976527777777775,1.0,0.9550561797752809,29.55881168524187,1.0444360224329494,False
swe-swe-429,SWE-429,SWE,178,45.38263888888889,0.3258426966292135,0.05056179775280899,259.12409860067703,1.1808199429350825,False
chn-chn-2346,CHN-2346,CHN,178,17.76875,0.34269662921348315,0.02247191011235955,164.49876428910557,1.0159829138247167,False
idn-parepare,PARE PARE,IDN,177,30.302222222222223,0.9943502824858758,0.07344632768361582,198.37350697492664,1.1959486648742228,False
idn-kruenggeukueh,,IDN,177,93.06527777777778,0.6497175141242938,0.04519774011299435,426.2893032282681,1.780306134698754,False
tha-phuket,,THA,177,43.06555555555556,0.062146892655367235,0.04519774011299435,513.1158792460375,1.01323085055474,False
arg-puertodeseado,PUERTO DESEADO,ARG,177,57.86833333333333,0.559322033898305,0.005649717514124294,861.517042210712,2.032033116939783,False
rus-rus-474,RUS-474,RUS,177,59.63666666666666,1.0,0.11299435028248588,311.0409417247586,50.0,False
tur-tur-246,TUR-246,TUR,177,16.264722222222222,0.6440677966101694,0.03954802259887006,155.65424744065132,1.0669112822666293,False
swe-swe-430,,SWE,177,18.49361111111111,0.2033898305084746,0.2824858757062147,213.8750288041065,2.1047852633205784,False
egy-rasshukhier,RAS SHUKHIER,EGY,176,51.69222222222223,0.5397727272727273,0.35795454545454547,107.97266154815769,1.0622998709553757,False
gbr-gbr-147,,GBR,176,22.25333333333333,0.6136363636363636,0.13068181818181818,378.4308683323169,3.2616836894132306,False
cmr-cmr-22,CMR-22,CMR,175,40.62972222222222,0.4228571428571429,0.4228571428571429,2480.5809825827546,1.0,False
hnd-omoaanchorage,OMOA ANCHORAGE,HND,175,67.99333333333334,0.08,0.25142857142857145,607.7272354974152,1.5052685409663085,True
jpn-yoshiumi,YOSHIUMI,JPN,175,18.4325,0.7257142857142858,0.6971428571428572,8.3360031814027,1.0,False
can-matane,MATANE,CAN,175,96.71138888888888,0.2571428571428571,0.08,2443.0589313540363,1.0496582382255388,False
swe-ahus,AHUS,SWE,175,13.239166666666666,0.09142857142857143,0.0,167.37402812961943,1.039811243037884,False
arg-arg-32,,ARG,175,98.60277777777776,0.6857142857142857,0.18857142857142858,106.97398796163412,1.039577119537432,False
mex-rosaritoanchorage,ROSARITO ANCHORAGE,MEX,175,77.28361111111111,0.38857142857142857,0.32571428571428573,585.2054392184511,1.0206524050677492,True
abw-sannicolas,SAN NICOLAS,ABW,175,33.83222222222222,0.14857142857142858,0.2742857142857143,388.6447889546576,1.0357395942714276,False
nor-nor-677,,NOR,174,21.205277777777777,0.4885057471264368,0.1896551724137931,274.5087544732851,1.3403380324648917,False
tgo-kpeme,KPEME,TGO,174,70.77041666666668,0.5229885057471264,0.5287356321839081,18.655919855893078,1.037007968302735,False
idn-pomako,POMAKO,IDN,173,88.65444444444445,1.0,0.09248554913294797,305.40586758063625,1.0577389051739825,False
grc-milaki,MILAKI,GRC,173,127.80833333333334,0.18497109826589594,0.15606936416184972,587.5469728183078,1.0716313378892572,False
grc-grc-332,GRC-332,GRC,173,217.71527777777777,0.3699421965317919,0.3179190751445087,279.6856385650379,1.1402942144076886,False
rus-bagaevskaya,BAGAEVSKAYA,RUS,173,27.99972222222222,0.9942196531791907,0.7341040462427746,78.26168412987029,1.0106555101706505,False
swe-swe-214,,SWE,172,69.84375,0.3488372093023256,0.040697674418604654,291.9743521635432,1.1772090133536945,False
irq-al-basrahoilterminal,AL-BASRAH OIL TERMINAL,IRQ,172,97.23111111111109,0.23255813953488372,0.23255813953488372,851.2187069623742,1.082978776389096,False
chn-chn-2022,CHN-2022,CHN,172,14.791805555555555,0.38372093023255816,0.8372093023255814,87.23715073142338,1.234165310911345,False
lca-stluciaanchorage,,LCA,172,12.810416666666667,0.14534883720930233,0.8255813953488372,33.59219770863457,1.0196778656339474,False
tha-krabi,,THA,172,89.2325,0.03488372093023256,0.03488372093023256,936.0791386236356,3.338520055539941,False
tur-zonguldak,ZONGULDAK,TUR,171,125.39055555555557,0.4093567251461988,0.15789473684210525,291.37993116874225,2.4765013285221666,False
per-per-61,,PER,171,34.466944444444444,0.8070175438596491,0.6666666666666666,13.71176975358249,2.742353950716498,False
idn-sumberrejo,SUMBERREJO,IDN,171,69.05222222222223,1.0,0.1695906432748538,395.90620389925414,1.644083593824505,False
deu-nordenham,NORDENHAM,DEU,170,23.60263888888889,0.9882352941176471,0.9882352941176471,14.937328881742037,1.0668903822032494,False
nor-stokkmarknes,STOKKMARKNES,NOR,170,5.351527777777777,1.0,0.34705882352941175,107.24034394901531,2.8345899370517276,False
mtq-mtq-12,,MTQ,169,39.55166666666667,0.011834319526627219,0.34911242603550297,106.90895717432387,1.1318865730223246,False
dnk-kalundborganchorage,KALUNDBORG ANCHORAGE,DNK,169,27.592777777777776,0.48520710059171596,0.41420118343195267,121.00617031222586,1.0391293340571661,True
nga-nga-86,,NGA,169,18.3375,0.9112426035502958,0.6390532544378699,6.429098269367605,1.032418105167284,False
chn-chn-184,CHN-184,CHN,169,25.823888888888888,0.8757396449704142,0.8047337278106509,11.292088257932202,1.003833094223853,False
idn-samarinda,SAMARINDA,IDN,169,28.646944444444443,1.0,0.08875739644970414,461.5316836668339,50.0,False
nor-longva,,NOR,168,8.362916666666667,1.0,0.7202380952380952,52.59302245460381,1.0171805685229311,False
tur-cesme,CESME,TUR,168,20.26402777777778,0.375,0.27976190476190477,463.90306837736546,1.1286026754486287,False
niu-alofi,ALOFI,NIU,168,12.004166666666668,0.5416666666666666,0.5416666666666666,0.23193862353521108,1.0,False
idn-idn-44,IDN-44,IDN,168,25.007777777777775,1.0,0.21428571428571427,138.88709825529244,1.2315267040530347,False
ukr-yuzhny,YUZHNY,UKR,168,115.17736111111111,0.1488095238095238,0.16071428571428573,322.94096642799616,33.19801847252857,False
ago-palancaterminal,PALANCA TERMINAL,AGO,168,23.35861111111111,0.7797619047619048,0.07142857142857142,117.2037129039175,23.427359972939485,False
nor-ardalstangen,ARDALSTANGEN,NOR,167,63.17916666666667,0.2934131736526946,0.16167664670658682,346.3157327114552,1.076036287307783,False
idn-idn-411,,IDN,167,21.02055555555556,1.0,0.0718562874251497,262.9442209021772,1.6239653550626207,False
ukr-ochakiv,,UKR,167,6.096111111111111,1.0,1.0,44.24817018886615,1.1590348976593838,False
usa-usa-1360,USA-1360,USA,167,19.12472222222222,0.7365269461077845,0.1437125748502994,543.2818589382457,1.0457107236865162,False
chn-zoushan,ZOUSHAN,CHN,167,203.50194444444443,0.7604790419161677,0.688622754491018,13.021619040479854,1.026630436046661,False
idn-tolitoli,TOLITOLI,IDN,166,38.36527777777778,1.0,0.006024096385542169,673.387678287665,1.419387468693412,False
ind-ind-180,,IND,166,63.748472222222226,0.26506024096385544,0.22289156626506024,2035.7716049992523,1.0909224425898487,False
aus-pyreneesfield,,AUS,166,32.65402777777778,0.04216867469879518,0.03614457831325301,1483.2379317158789,1.093731465395753,False
idn-idn-375,IDN-375,IDN,166,47.428472222222226,0.927710843373494,0.37349397590361444,223.3894290778318,1.7514118615698506,False
can-can-445,CAN-445,CAN,166,103.04222222222222,0.9939759036144579,0.7951807228915663,54.51140227594553,1.0426035127378912,False
rus-samara,,RUS,166,44.233888888888885,1.0,0.21686746987951808,293.0277577841734,2.8003535411341653,False
egy-egy-24,EGY-24,EGY,165,11.033611111111112,0.17575757575757575,0.12121212121212122,934.4431540894894,1.0093793454918687,False
isl-isafjordur,ISAFJORDUR,ISL,165,4.614166666666667,0.9939393939393939,0.18181818181818182,115.79394359037502,1.8198657174935322,False
nor-bodo,BODO,NOR,165,9.685555555555556,0.703030303030303,0.05454545454545454,357.62396486225134,1.0081703912839919,False
swe-borstahusen,BORSTAHUSEN,SWE,164,21.168055555555554,0.25609756097560976,0.18902439024390244,227.67653997428175,1.087162801916451,False
gbr-aberdeen,ABERDEEN,GBR,164,49.74069444444444,0.08536585365853659,0.042682926829268296,412.4113338142309,1.3486164349206877,False
phl-davao,,PHL,164,60.339305555555555,0.25609756097560976,0.13414634146341464,1323.279592527594,1.2312821544860004,False
geo-supsa,SUPSA,GEO,164,66.58541666666667,0.25,0.25,642.6960524204828,2.046679487342434,False
esp-ibiza,IBIZA,ESP,164,16.994166666666665,0.9085365853658537,0.2682926829268293,145.43163477812203,1.0140572913432846,False
mys-sungailinggi,,MYS,164,66.04791666666667,0.36585365853658536,0.25,667.9400700428898,1.0588078412929338,False
jpn-matsuyama,,JPN,164,16.53861111111111,0.9878048780487805,0.9573170731707317,16.083601051529666,1.4222928049780306,False
jpn-imari,,JPN,164,19.014444444444443,0.5060975609756098,0.12804878048780488,192.49773708223907,1.0444246417376934,False
can-deceptionbay,DECEPTION BAY,CAN,164,171.50458333333333,0.6585365853658537,0.10975609756097561,926.0568957658473,10.898203186220531,False
cod-block31,BLOCK 31,COD,164,34.785694444444445,0.17682926829268292,0.3353658536585366,107.8596317946988,1.0307383975519764,False
swe-swe-393,,SWE,163,42.88333333333333,0.12269938650306748,0.0,379.9241426741901,1.2616917144483555,False
nga-okorofield,,NGA,163,67.34194444444445,1.0,1.0,28.45636083754151,5.691272167508302,False
cmr-massongo,MASSONGO,CMR,163,39.23444444444444,0.06748466257668712,0.08588957055214724,2096.9779662198234,1.1216495622122906,False
chn-chn-1278,CHN-1278,CHN,163,28.07638888888889,0.7730061349693251,0.6809815950920245,40.829321461929375,1.0339909171522503,False
fra-fra-325,FRA-325,FRA,163,28.954444444444444,0.1165644171779141,0.1165644171779141,487.011735832949,1.0552857792746542,False
jpn-hikari,HIKARI,JPN,162,87.96819444444445,0.5185185185185185,0.14814814814814814,399.2258917105234,1.218041277743794,False
fin-fin-115,,FIN,162,45.02777777777777,0.2777777777777778,0.4074074074074074,229.3969115720966,1.2762189525490537,False
fji-nadi,,FJI,162,46.189305555555556,0.6728395061728395,0.6666666666666666,64.97045095809597,1.0012065459025647,False
som-kismaayo,KISMAAYO,SOM,162,75.27319444444444,0.12345679012345678,0.037037037037037035,1670.0313336372396,1.2759649789119742,False
vnm-vnm-30,,VNM,161,29.613888888888887,0.39751552795031053,0.19254658385093168,412.6945395735566,1.683586862831214,False
irn-isoico,,IRN,161,12.34361111111111,0.968944099378882,0.9503105590062112,0.0,1.0,False
isl-saudarkrokur,SAUDARKROKUR,ISL,161,4.063611111111111,0.9875776397515528,0.9503105590062112,58.89174964782007,1.0546730320675795,False
nga-nga-36,,NGA,161,35.91722222222222,0.9006211180124224,0.8881987577639752,3.9866757989546118,1.0,False
usa-wilmington,,USA,161,51.55444444444444,0.9937888198757764,0.9937888198757764,58.06788979689915,1.0191121515417234,False
mys-kuantancity,KUANTAN CITY,MYS,161,37.56194444444444,0.2981366459627329,0.018633540372670808,165.2474233173369,1.216164769346996,False
ago-greaterplutonio,,AGO,161,65.32916666666667,0.36645962732919257,0.3416149068322981,2943.7691734463497,1.0173656061868772,False
idn-idn-194,,IDN,161,42.178333333333335,0.9875776397515528,0.09937888198757763,505.4706545892331,1.0689255986291284,False
usa-usa-1877,USA-1877,USA,160,18.730972222222224,0.925,0.175,173.37626871297624,2.6302594834604114,False
nor-tyssedal,TYSSEDAL,NOR,160,88.23180555555555,0.2375,0.09375,438.4846963248608,1.1570504264129782,False
idn-idn-345,IDN-345,IDN,160,34.245694444444446,1.0,0.11875,272.98458438933966,1.448757507447513,False
chn-nantong,NANTONG,CHN,160,63.016666666666666,0.84375,0.6875,45.493790944168566,1.0459125645102034,False
nor-mandal,MANDAL,NOR,160,22.26013888888889,0.31875,0.08125,244.58093071449503,1.2684414769706083,False
jpn-jpn-295,JPN-295,JPN,160,49.998194444444444,0.60625,0.09375,333.4255497959218,1.020604632102529,False
gtm-sanjoseanchorage,,GTM,160,41.630972222222226,0.06875,0.725,56.8920138949255,1.023766413571468,False
idn-probolinggo,PROBOLINGGO,IDN,160,170.73083333333335,0.65,0.10625,1125.4775129024388,1.146827041730205,False
swe-iggesund,IGGESUND,SWE,159,40.56777777777778,0.6352201257861635,0.18867924528301888,217.0160333546932,1.1171759155240542,False
pol-gdansk,GDANSK,POL,159,43.87777777777778,0.41509433962264153,0.4339622641509434,296.7109658031484,1.0488243168419609,False
idn-idn-427,,IDN,159,131.8827777777778,0.03773584905660377,0.031446540880503145,2380.784395203441,3.8933354198250423,False
lbn-chekka,CHEKKA,LBN,159,58.58055555555556,0.389937106918239,0.389937106918239,257.1758482119327,1.1405072112182226,False
tur-dardanelles,,TUR,159,10.126666666666669,0.2389937106918239,0.0880503144654088,602.2898562012654,1.0544119189937478,False
nor-tennebo,,NOR,158,5.204444444444444,0.6645569620253164,0.5253164556962026,83.94156196906748,1.0537784851840966,False
jpn-onomichiitozaki,ONOMICHIITOZAKI,JPN,158,239.24791666666667,0.8987341772151899,0.759493670886076,16.47851238595393,1.00057006290276,False
rus-kandalaksha,KANDALAKSHA,RUS,157,108.9888888888889,0.2802547770700637,0.050955414012738856,1064.2247275956527,3.1226384784057255,False
fra-portlanouvelle,PORT LA NOUVELLE,FRA,157,38.35611111111111,0.4140127388535032,0.4140127388535032,263.9239026357216,1.3130517349261253,False
phl-balayan,BALAYAN,PHL,157,94.39083333333332,0.20382165605095542,0.16560509554140126,951.7023699259008,1.1887836963394711,False
chn-chn-1164,CHN-1164,CHN,156,51.815019444444445,0.9615384615384616,0.05128205128205128,195.10265248081583,1.4643442012715213,False
can-can-436,CAN-436,CAN,156,6.080972222222222,0.9551282051282052,0.967948717948718,14.179693829945256,1.0022389927736777,False
ncl-karembe,,NCL,156,196.36416666666668,0.2948717948717949,0.05128205128205128,3908.7408926555117,17.356916552420643,False
usa-usa-1218,USA-1218,USA,156,15.655972222222221,1.0,0.9743589743589743,54.55678298739194,1.0144824743953347,False
tur-giresun,GIRESUN,TUR,155,101.43305555555555,0.6967741935483871,0.21935483870967742,419.60840748567654,1.5007222394536137,False
prt-horta,HORTA,PRT,155,16.415,0.9741935483870968,0.6,74.99138657005557,1.4526989240523642,False
chn-taicang,TAICANG,CHN,155,54.07111111111111,0.8,0.5612903225806452,48.73837631233419,1.0419834575837876,False
mex-santarosalia,,MEX,155,54.58472222222223,0.43870967741935485,0.2,1258.9211572145002,1.0214135539422433,False
lva-mersrags,MERSRAGS,LVA,155,20.752777777777776,0.01935483870967742,0.03870967741935484,354.33947493382675,2.5261637601812,False
ind-portblair,PORT BLAIR,IND,155,27.948888888888888,0.3096774193548387,0.012903225806451613,728.9945514258669,1.221980815573807,False
can-gaspe,GASPE,CAN,154,14.556527777777777,0.8506493506493507,0.012987012987012988,286.7620004615677,1.1658336718953657,False
vgb-normanisland,,VGB,154,28.640555555555558,0.006493506493506494,0.6038961038961039,89.1803863166557,1.531790881682734,False
rus-rus-29,,RUS,154,19.42,0.5844155844155844,0.538961038961039,83.60346200296568,1.017264842082855,False
phl-tubay,,PHL,154,211.08416666666665,0.01948051948051948,0.01948051948051948,1226.9630516076304,3.220984705764101,False
gbr-cowes,COWES,GBR,154,45.72013888888888,0.9805194805194806,0.9805194805194806,14.029221090171866,1.0297267435140096,False
aus-wyndham,WYNDHAM,AUS,154,98.58111111111111,0.08441558441558442,0.012987012987012988,2729.571353309149,1.2299852979925263,False
jpn-jpn-500,,JPN,153,42.852222222222224,0.6535947712418301,0.42483660130718953,507.52604217203856,1.016169449369959,False
idn-idn-379,,IDN,153,33.600833333333334,0.39215686274509803,0.0,478.2144038644305,1.7449870013291833,False
nor-rekefjord,REKEFJORD,NOR,153,26.15388888888889,0.1830065359477124,0.0196078431372549,287.25305113300834,2.18471080494834,False
idn-idn-140,IDN-140,IDN,152,21.464166666666667,1.0,0.0,157.13582197607926,4.051842948687069,False
rus-tolyatti,,RUS,152,9.82,0.9868421052631579,0.29605263157894735,174.21896628870786,1.0980848337348044,False
sjm-bellsundanchorage,BELLSUND ANCHORAGE,SJM,152,53.53819444444445,0.7697368421052632,0.75,0.2347400790365479,1.0,True
irn-irn-62,,IRN,152,30.76361111111111,0.6513157894736842,0.3157894736842105,192.92785593354824,11.793184665922773,False
can-halifax,HALIFAX,CAN,152,15.161805555555556,0.17763157894736842,0.046052631578947366,523.1878877092473,1.0111036071666817,False
rus-rus-366,RUS-366,RUS,152,15.109166666666667,0.9868421052631579,0.6381578947368421,50.3918329901593,1.014577657140481,False
vct-mustique,,VCT,151,6.383055555555556,0.5629139072847682,0.8807947019867549,15.725455090644964,1.0876492079210105,False
tur-tur-151,,TUR,151,35.49248055555555,0.5496688741721855,0.06622516556291391,292.0782417321483,1.0699530257572378,False
nor-eikefetanchorage,,NOR,151,28.66,0.052980132450331126,0.052980132450331126,519.5740140552514,1.4206893856607643,False
jpn-wakayama,,JPN,150,32.51402777777778,0.8666666666666667,0.8133333333333334,24.95215985160606,1.032057938181993,False
idn-pomalaa,POMALAA,IDN,150,258.7295833333333,0.48,0.13333333333333333,1103.39153326343,1.4520279422822269,False
aus-mourilyanharbour,MOURILYAN HARBOUR,AUS,150,37.992916666666666,0.2733333333333333,0.08666666666666667,2243.847505321981,2.0190248821203367,False
arg-sanantonioeste,SAN ANTONIO ESTE,ARG,150,88.6211111111111,0.08,0.013333333333333334,1366.662411859682,50.0,False
nor-arendalanchorage,,NOR,150,15.45888888888889,0.5133333333333333,0.17333333333333334,188.0377549812628,1.1363400773889896,False
phl-obong,OBONG,PHL,150,32.470686111111114,0.18666666666666668,0.18666666666666668,889.7248514787506,1.23089480431321,False
dom-laromana,LA ROMANA,DOM,149,27.15,0.0738255033557047,0.06040268456375839,1292.3647528524994,1.1671719634653044,False
idn-cinta,,IDN,149,25.56361111111111,0.9664429530201343,0.15436241610738255,140.02916138692717,1.6125487023360547,False
mex-mex-214,,MEX,149,26.691666666666663,0.03355704697986577,0.013422818791946308,1565.4008881087175,50.0,False
yem-aden,ADEN,YEM,148,157.23069444444445,0.033783783783783786,0.033783783783783786,677.5176751007781,1.6667795084823767,False
omn-hassa,,OMN,148,73.76465833333333,0.0472972972972973,0.527027027027027,67.33474394627211,1.1539893232066538,False
rus-tilichiki,TILICHIKI,RUS,148,56.38111111111111,1.0,0.4391891891891892,437.9396777307322,1.0,False
can-stewart,STEWART,CAN,148,49.33027777777778,0.40540540540540543,0.006756756756756757,667.8402531855828,1.0205915334793882,False
kor-gwangyang,,KOR,148,39.54208333333334,0.32432432432432434,0.16216216216216217,370.19914882948956,1.0866942648851372,False
mtq-mtq-4,,MTQ,148,13.80778611111111,0.0,0.25,237.83903102653034,1.0150193041890698,False
idn-idn-152,IDN-152,IDN,148,28.897638888888892,1.0,0.16216216216216217,451.47006627709266,50.0,False
cyp-akrotiri,AKROTIRI,CYP,148,12.998888888888889,0.19594594594594594,0.19594594594594594,266.8024783300149,1.0142985460184804,False
tkm-bekdash,,TKM,147,72.65666666666667,0.04081632653061224,0.04081632653061224,170.23123779503473,10.815292587565159,False
dma-pointemichel,POINTE MICHEL,DMA,147,5.621944444444445,0.027210884353741496,0.6530612244897959,79.29222778819117,1.0094162999589062,False
usa-bucksport,BUCKSPORT,USA,147,25.10333333333333,0.25170068027210885,0.09523809523809523,123.37800678784268,1.019159247209752,False
chn-chn-110,CHN-110,CHN,147,34.39091388888889,0.9931972789115646,0.14285714285714285,995.0756151969258,1.0769236044902173,False
cok-cok-3,COK-3,COK,146,34.76777777777778,0.9383561643835616,0.0958904109589041,141.13127461991976,1.2731216490750814,False
chn-chn-2435,CHN-2435,CHN,146,34.26929722222222,1.0,0.03424657534246575,232.68035814385965,15.902666846378349,False
nga-okrika,OKRIKA,NGA,146,139.35291666666666,0.773972602739726,0.3972602739726027,232.75294636767305,1.034149392017223,False
mex-salinacruz,SALINA CRUZ,MEX,145,93.75805555555556,0.6482758620689655,0.05517241379310345,556.375722396232,2.891212717490528,False
mtq-lesansesdarlet,,MTQ,145,11.63888888888889,0.0,0.14482758620689656,129.1003771397962,1.016770984834808,False
phl-lugait,LUGAIT,PHL,145,100.52416666666667,0.35172413793103446,0.15172413793103448,678.9836755625761,1.1065817008531422,False
phl-tinoto,TINOTO,PHL,145,86.36472222222223,0.3724137931034483,0.1724137931034483,570.1646791218592,1.6480267284077263,False
usa-olympia,OLYMPIA,USA,144,173.59499999999997,0.10416666666666667,0.10416666666666667,4461.616561424173,1.0274337640105742,False
swe-swe-292,,SWE,144,25.803055555555556,0.8263888888888888,0.2152777777777778,112.45980029386358,1.0242609176245405,False
rus-anadyr,ANADYR,RUS,144,69.80777777777777,0.9930555555555556,0.09027777777777778,126.45516787452127,1.1918225633742923,False
arg-sanpedro,SAN PEDRO,ARG,144,15.464166666666667,0.9930555555555556,0.9861111111111112,55.42668644303881,1.0022096478778713,False
swe-storavika,,SWE,143,15.759722222222225,0.9370629370629371,0.9230769230769231,25.659830917012762,1.0426597128274468,False
tur-dikili,DIKILI,TUR,143,77.64861111111111,0.40559440559440557,0.2097902097902098,386.46333064927103,1.1545733175656339,False
ind-ind-137,,IND,143,43.95055555555555,0.3076923076923077,0.04195804195804196,1100.476550564225,1.2248098826538374,False
rus-rus-224,RUS-224,RUS,143,35.345,1.0,0.06293706293706294,162.44139260927378,32.30175479748824,False
tha-maptaphut,MAPTAPHUT,THA,142,56.185138888888886,0.2746478873239437,0.2746478873239437,700.3438308492507,1.1497373891030067,False
sau-sau-na,,SAU,142,48.302083333333336,0.323943661971831,0.04929577464788732,893.5173186236093,1.997934437553882,False
rus-saratov,SARATOV,RUS,142,32.82666666666667,0.9859154929577465,0.09154929577464789,163.4325113355063,10.677583224964431,False
nor-hasseloysundet,,NOR,142,5.284027777777778,0.7464788732394366,0.6690140845070423,46.804127258700234,1.0171708927673182,False
tur-tur-162,TUR-162,TUR,141,114.49277777777776,0.2553191489361702,0.03546099290780142,305.1328919188211,2.518577851128948,False
tur-saraylar,,TUR,141,89.6925,0.3546099290780142,0.19148936170212766,1093.3802074632601,1.0269042577817888,False
rou-constanta,CONSTANTA,ROU,141,83.94555555555556,0.5106382978723404,0.5460992907801419,8.110937781857963,1.0227291293650107,False
fra-berre,BERRE,FRA,141,33.8675,0.41843971631205673,0.3971631205673759,425.48068619019733,1.0471964485051626,False
gbr-gbr-382,,GBR,140,28.860555555555557,0.06428571428571428,0.014285714285714285,477.61036921330447,3.408813315915583,False
grc-karystosanchorage,KARYSTOS ANCHORAGE,GRC,140,32.67444444444445,0.2785714285714286,0.2357142857142857,262.904283324619,1.0553554417155397,True
sau-jizan,,SAU,140,67.59027777777777,0.8357142857142857,0.2642857142857143,485.37347423346654,2.1748495148522355,False
chn-chn-97,CHN-97,CHN,140,15.904861111111112,0.95,0.8214285714285714,31.38992594023057,1.078094695209684,False
rus-rus-523,RUS-523,RUS,140,11.399722222222222,0.6714285714285714,0.02857142857142857,497.32568003182024,1.2993832317487664,False
esp-portalsnous,PORTALS NOUS,ESP,140,30.112361111111113,0.4642857142857143,0.04285714285714286,404.874538420017,1.268836186768425,False
nga-nga-73,,NGA,139,51.14805555555556,0.9280575539568345,0.7050359712230215,26.4771125360346,1.3239546248119645,False
usa-yonkers,YONKERS,USA,139,46.95805555555555,0.9928057553956835,0.7050359712230215,66.41464733275978,1.0512905851201668,False
ita-ita-290,ITA-290,ITA,138,78.31125,0.3188405797101449,0.06521739130434782,431.32437006116163,1.45870279116093,False
usa-usa-414,,USA,138,39.524166666666666,0.45652173913043476,0.2898550724637681,953.804945085786,1.0032449205780978,False
jpn-takuma,,JPN,138,62.85958333333333,0.9492753623188406,0.7318840579710145,61.090238524767585,1.0726831383814956,False
arg-villaconstitucion,,ARG,138,108.80569444444444,0.7753623188405797,0.4782608695652174,101.21907280669613,1.0694170131195229,False
jpn-tsu,,JPN,138,128.51402777777776,0.717391304347826,0.41304347826086957,161.72360647897077,1.011643577461701,False
grc-grc-324,GRC-324,GRC,138,78.71472222222222,0.34782608695652173,0.32608695652173914,442.11349762689645,1.046215976073174,False
nga-brass,BRASS,NGA,137,57.27027777777778,0.1897810218978102,0.17518248175182483,2486.519131466674,1.1611451212499857,False
can-can-435,CAN-435,CAN,137,37.02916666666667,0.145985401459854,0.1386861313868613,1492.6426454713805,1.3608506199532615,False
pol-pol-18,,POL,137,60.43138888888889,0.145985401459854,0.10218978102189781,263.40070122909987,1.2774917195065372,False
som-boosaaso,BOOSAASO,SOM,137,233.9463888888889,0.13138686131386862,0.08759124087591241,705.3220529776809,3.065664224608023,False
rus-rus-314,RUS-314,RUS,137,55.43555555555555,0.4306569343065693,0.38686131386861317,462.64036699823123,1.022996524191476,False
vnm-vnm-69,VNM-69,VNM,136,117.24141388888889,0.18382352941176472,0.08823529411764706,696.9260650923713,2.2505874162803243,False
gbr-gbr-479,,GBR,136,24.531111111111112,0.9044117647058824,0.875,29.322515129898253,1.0099358498115167,False
bra-bra-329,BRA-329,BRA,136,43.47569444444444,0.9558823529411765,0.13970588235294118,693.6920939841724,1.4515565150178658,False
nga-oghara,OGHARA,NGA,136,49.14277777777778,0.8897058823529411,0.6911764705882353,29.158122645622967,1.587591114324951,False
tur-tur-166,TUR-166,TUR,136,82.14638888888888,0.3088235294117647,0.2867647058823529,490.7291652347722,1.0890639944335072,False
aus-skardonriver,,AUS,136,95.11138888888888,0.051470588235294115,0.029411764705882353,3115.599126949711,7.119928356019747,False
jpn-jpn-349,JPN-349,JPN,136,73.62674583333333,0.7279411764705882,0.18382352941176472,526.4918710782165,1.0065778101690133,False
hti-saintmarc,SAINT MARC,HTI,135,30.95805555555556,0.08888888888888889,0.08888888888888889,1083.0299165547376,1.9527589189427854,False
egy-elhamraoilterminal,EL HAMRA OIL TERMINAL,EGY,135,34.14472222222222,0.4148148148148148,0.07407407407407407,757.933459618213,3.2543702318136325,False
gbr-gbr-445,GBR-445,GBR,135,41.32666666666667,0.9777777777777777,0.9851851851851852,14.029221090171866,1.029724290611796,False
chn-chn-2192,CHN-2192,CHN,135,78.24444444444444,0.7851851851851852,0.14074074074074075,1072.845252224513,1.472254483491622,False
gbr-sunderland,SUNDERLAND,GBR,134,93.69736111111112,0.14925373134328357,0.09701492537313433,339.05263422362714,1.424030134820075,False
usa-usa-121,USA-121,USA,134,26.14361111111111,1.0,0.014925373134328358,263.4769558752763,1.9743131192402497,False
bra-bra-194,BRA-194,BRA,134,44.86125,0.1791044776119403,0.08955223880597014,1983.1418243711373,1.2835572492399172,False
rus-rus-253,RUS-253,RUS,134,12.697916666666666,0.9925373134328358,0.9925373134328358,14.388009141041454,1.0004353118730727,False
usa-panamacity,PANAMA CITY,USA,134,59.93833333333333,0.4925373134328358,0.0,481.1962960869304,1.1313850626767072,False
nor-moss,MOSS,NOR,134,10.918472222222222,0.9626865671641791,0.9626865671641791,29.428635850395153,1.002757995358781,False
idn-amurang,AMURANG,IDN,134,36.88875,0.1417910447761194,0.07462686567164178,481.0159109452352,1.1908431813237113,False
aus-portbonython,PORT BONYTHON,AUS,134,38.29541666666667,0.5,0.029850746268656716,1439.920827843077,1.0128978117965364,False
can-esquimalt,ESQUIMALT,CAN,134,58.065,0.26865671641791045,0.3358208955223881,914.4730785905165,1.0292039890344138,False
fra-lavera,LAVERA,FRA,134,25.03763888888889,0.753731343283582,0.753731343283582,9.741745903380874,1.0021912811225027,False
irn-amirabad,,IRN,133,138.12694444444443,0.09022556390977443,0.07518796992481203,548.1138338381563,17.311928502314835,False
mys-kemaman,,MYS,133,67.02333333333333,0.09774436090225563,0.07518796992481203,767.155494422625,1.1292421251840195,False
ven-matanzas,,VEN,133,138.07472222222222,0.8721804511278195,0.3308270676691729,122.83890512234663,2.2748522354402,False
swe-oskarshamn,OSKARSHAMN,SWE,132,47.308749999999996,0.36363636363636365,0.030303030303030304,271.43937255877023,1.1632475382051723,False
fin-fin-48,,FIN,132,20.516666666666666,0.4621212121212121,0.6363636363636364,66.32390053659825,1.0203270742536603,False
ind-dabhol,,IND,132,28.37375,0.03787878787878788,0.015151515151515152,1609.7572365350916,11.276352911228194,False
grc-tsingeli,TSINGELI,GRC,132,195.71722222222223,0.16666666666666666,0.11363636363636363,298.4970099400728,1.0699291637209734,False
jpn-yanai,,JPN,132,26.500555555555557,0.06818181818181818,0.06060606060606061,3378.0635309798863,50.0,False
phl-solana,SOLANA,PHL,131,18.936666666666667,0.2748091603053435,0.15267175572519084,970.4359225605942,1.1796435243395462,False
lbr-buchanan,BUCHANAN,LBR,131,79.63194444444444,0.17557251908396945,0.17557251908396945,1837.160636784312,1.0003267304174173,False
egy-idku,IDKU,EGY,131,25.841944444444444,0.5725190839694656,0.007633587786259542,103.09885879817611,1.1210247150929817,False
phl-iligan,ILIGAN,PHL,131,69.56805555555556,0.29770992366412213,0.16030534351145037,720.0937572842203,1.2034467645706644,False
nor-halden,HALDEN,NOR,130,13.638194444444444,0.09230769230769231,0.09230769230769231,323.6041095415275,1.0436727909681962,False
bhr-sitrah,SITRAH,BHR,130,49.63791666666667,0.25384615384615383,0.45384615384615384,210.0481761504536,1.03418676700067,False
rus-rus-344,RUS-344,RUS,130,45.73777777777778,0.6538461538461539,0.6538461538461539,8.167788903275637,1.016687128426781,False
mys-mys-143,,MYS,129,225.95638888888888,0.17054263565891473,0.08527131782945736,959.8592506056651,1.7469168390155763,False
irn-queshm,QUESHM,IRN,129,37.78638888888889,0.7286821705426356,0.5581395348837209,12.841304405882198,1.0359362463639343,False
jpn-shingu,SHINGU,JPN,129,79.18805555555555,0.3875968992248062,0.18604651162790697,728.7585569584744,1.0424194304118835,False
idn-anggana,ANGGANA,IDN,128,28.7799,1.0,0.0703125,460.49791011146675,50.0,False
mex-mex-208,,MEX,128,42.00049583333333,0.2578125,0.234375,800.9685292262335,1.0728967777568315,False
ind-mormugao,MORMUGAO,IND,128,93.06291666666667,0.453125,0.0234375,1132.0045583381539,1.099075681195869,False
ncl-ncl-6,,NCL,127,64.68638888888889,0.07086614173228346,0.06299212598425197,702.0670132170816,1.0137645416291574,False
nga-forcadosterminal,FORCADOS TERMINAL,NGA,127,46.61055555555556,0.5905511811023622,0.5275590551181102,49.18122529936706,1.0054374574110443,False
swe-swe-440,,SWE,127,10.703611111111112,0.952755905511811,0.937007874015748,10.563914382681673,1.0073945541220448,False
gab-gambaanchorage,,GAB,127,49.74222222222223,0.023622047244094488,0.015748031496062992,5516.485463995402,1.6849616737574349,False
idn-idn-422,,IDN,126,210.47694444444446,1.0,0.9920634920634921,57.60641184021894,11.590165077391614,False
usa-reddoganchorage,RED DOG ANCHORAGE,USA,126,114.14180555555555,0.12698412698412698,0.07142857142857142,2732.263639139908,1.0336972640479631,True
chl-chl-51,CHL-51,CHL,126,79.71291666666667,0.626984126984127,0.007936507936507936,549.5560046267054,6.788307066702217,False
bmu-stgeorge's,ST GEORGE'S,BMU,126,24.87986111111111,0.047619047619047616,0.047619047619047616,896.5673452662902,1.8008329612832714,False
pri-ponce,PONCE,PRI,126,96.50569444444443,0.03968253968253968,0.03968253968253968,1418.070781122502,1.0363919906696653,False
chl-chl-10,CHL-10,CHL,126,238.67305555555558,0.24603174603174602,0.15873015873015872,9473.213301347978,20.321897468299362,False
phl-calero,CALERO,PHL,125,26.46527777777778,0.728,0.48,107.1830296023484,1.0504799118365435,False
swe-husum,HUSUM,SWE,125,25.739722222222223,0.28,0.24,251.11039508917216,1.3828437990497098,False
idn-santan,SANTAN,IDN,125,34.04,0.928,0.608,93.89040548225498,1.445504644910469,False
phl-langtad,LANGTAD,PHL,125,151.45055555555555,0.336,0.064,724.9044576321797,1.1532654950719374,False
bes-bes-5,BES-5,BES,125,42.78722222222222,0.008,0.008,603.3222492877653,1.4821258420106052,False
ind-kolkata,,IND,125,24.61138888888889,0.816,0.736,22.550809757785185,1.006589482729706,False
vct-bequia,BEQUIA,VCT,125,14.831944444444444,0.312,0.824,35.87687765755589,1.0511784339498895,False
usa-portrichmond,PORT RICHMOND,USA,125,27.41638888888889,1.0,1.0,35.55034416200433,1.0173609959062546,False
dnk-nyborg,NYBORG,DNK,124,31.882222222222225,0.1774193548387097,0.5241935483870968,56.76776776135324,1.134147040804637,False
ven-bocagrande,,VEN,124,41.086527777777775,0.3467741935483871,0.6612903225806451,24.72288863767918,1.0220408880962155,False
can-charlottetown,CHARLOTTETOWN,CAN,124,18.35861111111111,0.9435483870967742,0.23387096774193547,139.72633597623218,1.10377853850489,False
phl-mabini,MABINI,PHL,124,64.47916666666666,0.4274193548387097,0.21774193548387097,557.5068058981944,1.0531790039226618,False
rus-krabozavodsk,KRABOZAVODSK,RUS,123,40.22166666666666,0.991869918699187,0.4796747967479675,237.40790711809953,1.0644555780012759,False
can-can-356,CAN-356,CAN,123,36.20972222222223,0.04065040650406504,0.024390243902439025,1284.3202669302752,1.2459801847941074,False
fra-blaye,BLAYE,FRA,123,37.615,0.3089430894308943,0.08130081300813008,437.8408084443642,1.1568438926103795,False
ita-gallipoli,GALLIPOLI,ITA,123,78.8575,0.4959349593495935,0.12195121951219512,491.90735239344036,1.3085914739427011,False
deu-deu-638,DEU-638,DEU,122,10.850694444444445,0.6721311475409836,0.680327868852459,28.292366845373678,1.7733793502373414,False
idn-idn-291,IDN-291,IDN,122,33.93402777777778,1.0,0.6557377049180327,36.76467361019448,1.1262522981356484,False
grc-grc-282,GRC-282,GRC,122,35.349722222222226,0.6229508196721312,0.16393442622950818,150.45070153114744,1.5880622617000932,False
rus-yaroslavl,,RUS,122,31.04,1.0,0.16393442622950818,220.4518277345831,3.1470543431017193,False
rus-bagaevskaya,,RUS,122,11.716666666666667,1.0,0.8360655737704918,48.14164666573218,1.0037424854145132,False
rus-ozernovskiy,OZERNOVSKIY,RUS,122,109.71263888888889,0.9836065573770492,0.6065573770491803,47.48559703755438,1.0012559564107568,False
hrv-omisalj,OMISALJ,HRV,122,47.764583333333334,0.05737704918032787,0.07377049180327869,1054.3432183310213,1.418804941477728,False
nru-nauru,NAURU,NRU,122,51.1925,0.47540983606557374,0.47540983606557374,380.30899331077626,1.0,False
bra-santarem,,BRA,121,143.585,0.8264462809917356,0.2727272727272727,226.45161939325277,1.0181967533087655,False
phl-tubay,TUBAY,PHL,121,273.6563888888889,0.01652892561983471,0.01652892561983471,1575.1147944432232,3.0113258218400514,False
idn-kotabaru,KOTABARU,IDN,121,64.49972222222222,0.71900826446281,0.008264462809917356,341.18748691905154,2.735229388624758,False
nga-usanfpso,,NGA,121,41.63305555555556,0.33884297520661155,0.2809917355371901,2273.4910928452505,1.0017258158394498,False
bra-ilheus,ILHEUS,BRA,121,126.68027777777776,0.5289256198347108,0.01652892561983471,807.8203880558151,1.0787091246936387,False
bgr-kavarnaanchorage,KAVARNA ANCHORAGE,BGR,121,33.55888888888889,0.10743801652892562,0.2727272727272727,127.96883059465159,1.0553154959576012,True
bgd-mongla,MONGLA,BGD,120,40.65694444444444,0.15,0.13333333333333333,1502.648901849448,1.1403943845583742,False
irl-aughinish,AUGHINISH,IRL,120,48.33569444444444,0.9333333333333333,0.9333333333333333,18.047663666833486,1.0743520920736853,False
nor-holla,,NOR,120,59.59861111111111,0.8,0.4583333333333333,122.76842797855684,1.2731221059115412,False
rus-egvekinot,EGVEKINOT,RUS,120,70.88277777777778,1.0,0.041666666666666664,185.91370035355172,1.3576708749227255,False
swe-foto,FOTO,SWE,120,35.50416666666666,0.24166666666666667,0.21666666666666667,263.6341602290717,1.402432063324774,False
grd-carriacou,,GRD,119,18.982222222222223,0.06722689075630252,0.4957983193277311,108.98318315476232,1.2043318980989353,False
zaf-mosselbay,MOSSEL BAY,ZAF,119,35.95388888888889,0.7478991596638656,0.06722689075630252,190.72728007541946,1.017591509767319,False
phl-garciahernandez,GARCIA HERNANDEZ,PHL,118,69.46208333333334,0.0423728813559322,0.0423728813559322,1444.2573496778232,1.0741149560860435,False
nor-nor-907,,NOR,118,10.509583333333332,0.4491525423728814,0.3559322033898305,342.30197535465726,1.0547394463862207,False
grc-patras,PATRAS,GRC,118,50.64375,0.17796610169491525,0.1016949152542373,483.56909856360437,1.212077067000874,False
hti-aubry,AUBRY,HTI,118,91.26541666666667,0.1694915254237288,0.1694915254237288,610.6475578363317,1.0279787917629406,False
tuv-funafuti,FUNAFUTI,TUV,118,72.05291666666668,0.0,0.0,701.4548226886734,1.9290293581059819,False
idn-paiton,PAITON,IDN,118,51.13250000000001,1.0,0.0423728813559322,404.98673005974393,8.496837629169452,False
ita-barletta,BARLETTA,ITA,118,91.51166666666666,0.4576271186440678,0.11864406779661017,289.474612559252,1.2311626301855845,False
ind-ind-44,,IND,118,47.361666666666665,1.0,0.3728813559322034,249.04387558609585,1.2951850084825636,False
jpn-iidaanchorage,,JPN,118,28.49236111111111,1.0,0.7288135593220338,33.25826789985066,1.270876380750034,False
per-sanjuandemarcona,SAN JUAN DE MARCONA,PER,117,53.852222222222224,0.9401709401709402,0.13675213675213677,256.6385138051546,1.1996859180198938,False
phl-nasipitport,NASIPIT PORT,PHL,117,18.11833333333333,1.0,0.1623931623931624,424.70851670146953,1.7935733988908547,False
grc-antirrio,ANTIRRIO,GRC,117,150.57972222222222,0.08547008547008547,0.06837606837606838,1295.6053268462715,1.091755901519696,False
phl-coronon,CORONON,PHL,117,28.156944444444445,0.49572649572649574,0.1452991452991453,532.5692609301103,1.1712338720075033,False
nld-nld-31,,NLD,117,59.69472222222223,0.5811965811965812,0.7264957264957265,47.15996558296979,1.0176428870389143,False
fin-fin-76,,FIN,116,22.306805555555556,0.5172413793103449,0.1896551724137931,170.17889656791755,1.0892547357366857,False
fin-rauma,,FIN,116,15.998611111111112,0.9655172413793104,0.9655172413793104,9.780552884128042,1.0340601131133056,False
aus-wallaroo,WALLAROO,AUS,116,73.7201388888889,0.6724137931034483,0.5517241379310345,92.78703619489106,1.0260345559647797,False
ind-ind-161,,IND,116,34.09194444444445,1.0,0.008620689655172414,625.728173976833,2.2775626674347906,False
phl-phl-135,,PHL,115,227.98444444444445,0.043478260869565216,0.034782608695652174,1036.1650515098527,1.0012140972675319,False
rus-gelendzhik,GELENDZHIK,RUS,115,21.86722222222222,0.5217391304347826,0.5304347826086957,57.920479238359256,1.0238480420361047,False
dnk-vordingborg,VORDINGBORG,DNK,115,95.76972222222224,0.1565217391304348,0.2956521739130435,163.39563604491374,1.2656252713646183,False
gha-jubileefield,,GHA,115,44.11333333333334,0.1826086956521739,0.16521739130434782,2830.1903975172927,1.2615891800871437,False
ita-portovesme,PORTO VESME,ITA,115,52.25527777777778,0.6086956521739131,0.46956521739130436,208.20723124273465,1.0262654172635575,False
ncl-nakety,,NCL,115,238.42111111111112,0.09565217391304348,0.0782608695652174,4009.5007749787087,20.386910608111403,False
nor-alta,ALTA,NOR,115,9.388055555555557,0.9217391304347826,0.5043478260869565,94.11315325802713,1.2477370790667395,False
egy-zeitbay,ZEIT BAY,EGY,115,66.36444444444444,0.9826086956521739,0.3826086956521739,121.34044927949408,2.815278375678783,False
png-kumul,KUMUL,PNG,115,97.84472222222222,0.34782608695652173,0.1826086956521739,2160.799747340741,1.0028163036109774,False
dnk-roedbyhavn,ROEDBYHAVN,DNK,115,25.061666666666667,0.3739130434782609,0.12173913043478261,238.68894754777912,4.459087239775043,False
aus-esperance,,AUS,114,101.68194444444444,0.5087719298245614,0.2982456140350877,1344.640734544961,1.1087205279686811,False
ita-portopino,,ITA,114,53.42166666666667,0.37719298245614036,0.32456140350877194,320.3613194021853,1.0890173892349637,False
ita-civitavecchia,CIVITAVECCHIA,ITA,114,14.909166666666666,0.6666666666666666,0.10526315789473684,162.17675351167887,1.0128517657478662,False
esp-mahon,MAHON,ESP,114,23.28138888888889,0.868421052631579,0.06140350877192982,194.2058131437374,2.3514096769268082,False
ven-puertocabello,PUERTO CABELLO,VEN,114,106.57333333333332,0.21052631578947367,0.08771929824561403,674.7093127522727,1.1317948250684045,False
idn-karimunbesaranchorage,KARIMUNBESAR ANCHORAGE,IDN,113,39.4075,0.34513274336283184,0.7876106194690266,38.25843149553997,1.066255570169374,True
usa-hydepark,,USA,113,15.529722222222222,0.9823008849557522,0.9734513274336283,54.55678298739194,1.012243327048448,False
can-portalberni,PORT ALBERNI,CAN,113,121.05166666666666,0.6637168141592921,0.6371681415929203,52.89034222708229,1.0015003512250595,False
jpn-takamatsu,,JPN,113,12.792777777777776,0.8938053097345132,0.7787610619469026,55.012481508884115,1.0195351964711061,False
idn-badas,BADAS,IDN,113,304.62805555555553,0.9203539823008849,0.05309734513274336,641.8520976916005,2.4193593530352744,False
fin-fin-4,FIN-4,FIN,113,18.58972222222222,0.5221238938053098,0.4690265486725664,102.38949598262347,1.0,False
chn-majishananchorage,MAJISHAN ANCHORAGE,CHN,113,33.41305555555556,0.9469026548672567,0.8584070796460177,35.52877729091626,1.157537669431115,True
cyp-kalecik,KALECIK,CYP,113,49.28416666666666,0.035398230088495575,0.05309734513274336,391.2331049484093,1.7618168905812497,False
ago-cabinda,,AGO,112,147.71986111111113,0.19642857142857142,0.8392857142857143,50.16376467313762,9.871996526959027,False
twn-twn-12,,TWN,112,54.286249999999995,0.5714285714285714,0.2767857142857143,167.0932908751275,1.078356896804408,False
nor-nor-371,,NOR,112,13.968055555555555,0.11607142857142858,0.0625,337.02984937966005,1.0099813708404077,False
fji-fji-24,FJI-24,FJI,112,37.74111111111111,0.4642857142857143,0.4642857142857143,519.8748064650541,1.0349092247035523,False
mdg-mdg-3,MDG-3,MDG,112,48.96597222222223,0.6517857142857143,0.4107142857142857,180.72459343289552,1.0055135418030146,False
esp-pasajes,,ESP,112,16.217916666666667,0.08035714285714286,0.09821428571428571,523.0015070695811,1.1151682048456468,False
chn-sheyang,SHEYANG,CHN,111,65.66666666666667,1.0,0.15315315315315314,316.14567070459725,11.559822152997477,False
dom-barahona,BARAHONA,DOM,111,121.91222222222224,0.18018018018018017,0.11711711711711711,731.976677100205,1.144138817409623,False
lbn-lbn-19,LBN-19,LBN,111,23.573055555555555,0.12612612612612611,0.12612612612612611,507.0154268162669,1.0220640411824469,False
chn-aojiang,AOJIANG,CHN,111,34.72694444444444,1.0,0.04504504504504504,689.4497093893674,1.622614930335355,False
phl-tandayag,TANDAYAG,PHL,111,31.48111111111111,0.5765765765765766,0.06306306306306306,366.9326706041593,1.353540178078397,False
usa-usa-1047,,USA,111,59.895,0.3063063063063063,0.036036036036036036,1272.863546415514,1.0283831793512592,False
idn-idn-303,,IDN,111,18.3775,0.6036036036036037,0.43243243243243246,172.3780524905065,1.060055373341677,False
ita-coriglianocalabro,CORIGLIANO CALABRO,ITA,111,58.14055555555556,0.5495495495495496,0.32432432432432434,343.2783001852822,1.1814149282030342,False
rus-rus-181,RUS-181,RUS,111,18.16638888888889,0.9099099099099099,0.8198198198198198,21.978338014898004,1.0090799767038374,False
tun-sousse,SOUSSE,TUN,110,115.02222222222221,0.12727272727272726,0.12727272727272726,437.8294871501066,2.1670196433464,False
jpn-usuki,USUKI,JPN,110,17.11888888888889,0.9363636363636364,0.9363636363636364,0.20041483411593777,1.0,False
nld-nld-505,,NLD,109,47.23194444444445,0.27522935779816515,0.48623853211009177,165.1902870546531,1.0503976568282711,False
gbr-grangemouth,,GBR,109,33.576388888888886,0.4036697247706422,0.3302752293577982,343.6968511602666,1.0142800469095077,False
per-paramonga,PARAMONGA,PER,108,21.700555555555553,0.8148148148148148,0.8055555555555556,8.284155156051193,1.6568310312102388,False
chn-dongfang,DONGFANG,CHN,108,63.791944444444454,0.6296296296296297,0.1574074074074074,348.6848137311781,1.5836338163018895,False
rus-myskamenny,,RUS,108,16.6875,1.0,0.09259259259259259,859.7474489306157,50.0,False
som-berbera,BERBERA,SOM,108,71.45833333333334,0.08333333333333333,0.046296296296296294,742.3113885708098,1.9521901614432098,False
arg-puntaloyola,PUNTA LOYOLA,ARG,108,47.934444444444445,0.7407407407407407,0.0,356.66234008280617,2.426304879986932,False
swe-swe-461,SWE-461,SWE,108,53.19763888888889,0.5,0.16666666666666666,373.4673849124491,1.0840404842069589,False
can-can-347,CAN-347,CAN,108,36.787222222222226,0.8703703703703703,0.39814814814814814,105.1221630379024,5.87282320053783,False
png-png-2,,PNG,108,29.769444444444446,0.9537037037037037,0.9444444444444444,5.653758384585979,1.0260042265827014,False
swe-hargshamn,HARGSHAMN,SWE,107,34.25,0.5046728971962616,0.037383177570093455,217.15388591923679,1.0924329835649575,False
idn-gorontalo,GORONTALO,IDN,107,46.30222222222222,1.0,0.14953271028037382,457.75631980242906,1.2097431654204496,False
chn-dongshan,DONGSHAN,CHN,107,34.884927777777776,0.8598130841121495,0.102803738317757,169.18183438775307,33.51937068570283,False
idn-kaimana,KAIMANA,IDN,107,31.221666666666668,1.0,0.27102803738317754,129.2794417845744,1.4056200515256885,False
phl-portozamis,PORT OZAMIS,PHL,106,18.313611111111108,0.9811320754716981,0.46226415094339623,112.93051440603645,1.445468894063798,False
deu-vierow,VIEROW,DEU,106,45.09527777777778,0.5943396226415094,0.5754716981132075,24.570323143932974,1.0555035980122542,False
nor-nor-325,,NOR,106,7.168888888888889,0.8018867924528302,0.19811320754716982,261.18863323621343,1.1449048740941845,False
chn-nansha,NANSHA,CHN,106,122.21055555555557,0.6886792452830188,0.5849056603773585,19.55134716027244,1.0106882886898143,False
can-can-394,CAN-394,CAN,106,179.0461111111111,0.9528301886792453,0.9528301886792453,28.999362181346783,1.290794373834836,False
hkg-hongkong,HONG KONG,HKG,106,48.190694444444446,0.0,0.10377358490566038,599.0442016940917,1.0315488244503297,False
can-snugcove,SNUG COVE,CAN,106,56.252638888888896,1.0,1.0,18.98358587858941,1.0310203078980735,False
fra-fra-4,,FRA,106,45.77013888888889,0.1320754716981132,0.10377358490566038,804.5493866509441,1.047235683563471,False
rus-balakovo,BALAKOVO,RUS,106,7.570555555555556,1.0,0.25471698113207547,225.56134272898785,1.0273153688308958,False
usa-valdez,VALDEZ,USA,105,21.665277777777774,0.9904761904761905,0.0,1108.5649567982714,4.46433727016225,False
hrv-zadar,ZADAR,HRV,105,30.49888888888889,0.11428571428571428,0.11428571428571428,488.4228342657111,1.2316627152836308,False
swe-harnosand,HARNOSAND,SWE,105,50.54166666666666,0.34285714285714286,0.1619047619047619,242.8352715505513,1.3626882434397798,False
mys-sarikei,SARIKEI,MYS,105,43.542125,0.638095238095238,0.08571428571428572,397.74812215280815,1.1012545228269703,False
idn-idn-182,IDN-182,IDN,105,39.638888888888886,1.0,0.5047619047619047,97.31582695717096,1.0446387188557131,False
mys-kotakinabalu,KOTA KINABALU,MYS,105,35.14611111111111,0.6190476190476191,0.2,434.1173475799506,1.2290756020689142,False
chn-sanmenisland,SANMEN ISLAND,CHN,105,30.911666666666665,0.9333333333333333,0.8571428571428571,16.035494559927596,1.0152170802826213,False
wlf-wlf-3,WLF-3,WLF,105,58.80083333333334,0.009523809523809525,0.009523809523809525,455.0954483546858,1.421670249543437,False
nor-tromso,,NOR,105,11.501944444444444,0.8476190476190476,0.3904761904761905,110.0403573762528,1.0416080075350307,False
tha-tha-69,,THA,105,244.32333333333327,0.009523809523809525,0.009523809523809525,955.1871475731581,43.546438373588636,False
cyp-famagusta,FAMAGUSTA,CYP,105,26.477777777777774,0.02857142857142857,0.24761904761904763,144.9764560103631,1.1810337604092342,False
fin-fin-67,,FIN,105,12.580277777777775,0.8857142857142857,0.8666666666666667,8.278124574731534,1.017107615402218,False
chn-chn-2370,CHN-2370,CHN,104,29.84166666666667,0.8557692307692307,0.23076923076923078,320.5962624533048,1.03234028572625,False
mex-guaymas,GUAYMAS,MEX,104,58.728750000000005,0.4807692307692308,0.057692307692307696,766.0094922162874,1.3625983092869363,False
mdg-toamasina,TOAMASINA,MDG,104,38.55527777777778,0.04807692307692308,0.009615384615384616,886.0660996879079,1.4406488386404743,False
phl-dalipuga,DALIPUGA,PHL,104,73.25652777777778,0.16346153846153846,0.11538461538461539,1029.2132971567855,1.0913100204989958,False
are-alhamriya,ALHAMRIYA,ARE,104,36.249583333333334,0.17307692307692307,0.16346153846153846,429.77726508806575,19.39778102738364,False
idn-idn-362,IDN-362,IDN,104,45.379999999999995,0.9903846153846154,0.2692307692307692,277.70378145215403,1.0625462281561129,False
chn-pingtan,PINGTAN,CHN,104,14.371270833333332,0.6057692307692307,0.5096153846153846,93.16416726125054,1.1515613941400487,False
swe-swe-337,,SWE,104,15.293888888888887,1.0,1.0,25.659830917012762,1.0276380464289248,False
usa-bristol,BRISTOL,USA,103,20.41611111111111,1.0,1.0,16.117262486812994,1.0632671790149058,False
aus-portgiles,PORT GILES,AUS,103,75.31555555555556,0.20388349514563106,0.11650485436893204,2879.6381894235847,1.0408984958676422,False
rus-rus-411,,RUS,103,58.43861111111111,0.6699029126213593,0.23300970873786409,1074.7012889522193,1.2815966150704663,False
ncl-tontouta,,NCL,102,156.60986111111112,0.14705882352941177,0.10784313725490197,4001.358240150758,15.340785244194471,False
rus-kavkaz,KAVKAZ,RUS,102,33.852916666666665,0.5784313725490197,0.43137254901960786,123.0972458088054,1.0372825556763186,False
gbr-portland,,GBR,102,15.399305555555557,0.23529411764705882,0.09803921568627451,254.14526467129699,1.0799684405333887,False
ita-marinadisalivoli,MARINA DI SALIVOLI,ITA,102,83.27111111111111,0.3235294117647059,0.21568627450980393,246.30554919919135,1.1188812357357918,False
esp-esp-345,ESP-345,ESP,102,47.90486111111112,0.4215686274509804,0.1568627450980392,446.1858535830484,1.5006369721966752,False
nzl-nz-104,NZ-104,NZL,102,42.717777777777776,0.8725490196078431,0.8137254901960784,4.2794862171469585,1.0014661209062998,False
phl-jimenez,JIMENEZ,PHL,102,30.31065,0.29411764705882354,0.11764705882352941,1238.37500716268,1.14314467254794,False
grc-kalymnos,KALYMNOS,GRC,101,9.764444444444443,0.10891089108910891,0.09900990099009901,396.47742452240533,1.0734380079885726,False
idn-pangkalanbun,,IDN,101,83.29972222222223,0.5742574257425742,0.009900990099009901,323.2300827802505,1.2855078481428597,False
rus-vazhiny,VAZHINY,RUS,101,3.375277777777778,1.0,0.7623762376237624,15.900257827827568,1.0201748156332933,False
grc-grc-184,GRC-184,GRC,101,46.30611111111112,0.10891089108910891,0.0297029702970297,1343.904201647485,1.5430210514068656,False
jpn-namikata,,JPN,100,17.55361111111111,0.69,0.61,24.671091449921953,1.0797874990660474,False
can-can-449,CAN-449,CAN,100,138.90569444444446,0.81,0.02,619.4203325752234,1.817479622290003,False
ukr-berdyanskanchorage,,UKR,100,32.66861111111111,0.96,1.0,7.184885219343518,1.0092528027878227,False
jpn-minamata,MINAMATA,JPN,100,52.107638888888886,0.98,0.13,113.0265917967644,1.0106806912205768,False
chn-chn-1896,CHN-1896,CHN,100,25.204380555555552,0.6,0.46,317.8042400526317,1.0134893825670255,False
ury-joseignacioterminal,,URY,100,35.43472222222222,0.5,0.5,136.97063443840568,1.2620906121909592,False
ind-jakhau,,IND,100,107.87319444444445,0.41,0.38,658.0240943033575,1.0295783854745575,False
stp-saotome,SAO TOME,STP,99,56.70222222222223,0.04040404040404041,0.04040404040404041,278.6094681888378,1.1676524043224545,False
ncl-teoudie,,NCL,99,298.82138888888886,0.04040404040404041,0.030303030303030304,3917.3437357253474,50.0,False
idn-idn-133,,IDN,99,30.720741666666665,1.0,0.09090909090909091,460.58097637629453,50.0,False
pry-pry-13,,PRY,99,107.42027777777778,0.6666666666666666,0.6565656565656566,78.01977011217778,3.762824196546435,False
dnk-dnk-259,DNK-259,DNK,98,49.339305555555555,0.20408163265306123,0.5510204081632653,74.33761101633132,1.3412077981018462,False
rus-rus-451,RUS-451,RUS,98,15.496666666666666,1.0,0.6530612244897959,50.28980113643195,1.0113012210239531,False
cub-nuevitas,NUEVITAS,CUB,98,72.90805555555556,0.6632653061224489,0.07142857142857142,259.9718088371982,1.162792339125035,False
phl-inawayan,INAWAYAN,PHL,98,126.54694444444445,0.21428571428571427,0.061224489795918366,636.489238563003,2.701064074785891,False
idn-sampit,,IDN,98,167.98597222222224,0.20408163265306123,0.030612244897959183,1598.8560963646623,3.6950159472022692,False
slb-slb-6,,SLB,98,174.79666666666668,0.8367346938775511,0.30612244897959184,277.4455859893364,3.8784863008659998,False
ukr-chornomorsk,CHORNOMORSK,UKR,98,95.72875,0.37755102040816324,0.42857142857142855,310.67568191234153,1.0618608720966067,False
mex-mex-151,,MEX,98,36.02680555555556,0.9897959183673469,0.5510204081632653,70.28056850488535,2.9003178302309434,False
tto-tto-20,,TTO,98,34.93111111111111,0.05102040816326531,0.05102040816326531,1117.3261515180702,2.290654777617368,False
bra-bra-276,BRA-276,BRA,97,46.35638888888889,1.0,0.1958762886597938,194.52310553335653,1.1361001448545025,False
rus-rus-364,,RUS,97,36.799166666666665,1.0,0.5670103092783505,80.49389308420325,1.0171789915315381,False
dnk-koege,KOEGE,DNK,97,44.840555555555554,0.2268041237113402,0.2268041237113402,379.11958856433586,1.2591438189254633,False
qat-alshaheenterminal,AL SHAHEEN TERMINAL,QAT,97,29.89666666666667,0.30927835051546393,0.36082474226804123,101.90792279653351,1.0070326643668641,False
gbr-scapaflow,,GBR,97,65.58305555555556,0.15463917525773196,0.05154639175257732,2177.424140085255,1.0756246405617622,False
arg-concepciondeluruguay,CONCEPCION DEL URUGUAY,ARG,97,87.47472222222223,0.7628865979381443,0.7216494845360825,90.55011692209348,1.0868721630129425,False
chn-chn-2088,CHN-2088,CHN,96,51.500138888888884,0.7708333333333334,0.16666666666666666,339.8391938776546,7.508770593459177,False
swe-swe-472,SWE-472,SWE,96,42.702638888888885,0.6041666666666666,0.3333333333333333,182.1126385124435,1.3379462503565906,False
idn-idn-9,,IDN,96,27.114444444444445,0.6041666666666666,0.11458333333333333,563.4907333291727,1.3438350994070443,False
tha-tha-25,,THA,96,23.39875,0.07291666666666667,0.0625,500.1174375670834,1.0131470565391067,False
chn-yangzhong,YANGZHONG,CHN,95,93.3275,0.7263157894736842,0.5052631578947369,98.6677596673605,1.0462131902226997,False
ind-dighi,,IND,95,41.01916666666666,0.7052631578947368,0.042105263157894736,169.24853406357212,1.6119744242940888,False
idn-idn-22,,IDN,95,40.25555555555555,0.968421052631579,0.12631578947368421,453.38597457240803,1.304511972464268,False
tur-ceyhan,CEYHAN,TUR,95,31.95,0.1368421052631579,0.07368421052631578,1093.166801642173,2.537883234304127,False
fra-dieppe,DIEPPE,FRA,95,50.05027777777778,0.24210526315789474,0.15789473684210525,343.8557516796429,1.0816365724807018,False
hrv-hrv-44,,HRV,94,70.82819444444445,0.11702127659574468,0.6276595744680851,75.13533015589435,1.0604893564247448,False
grc-alexandroupoli,ALEXANDROUPOLI,GRC,94,69.98277777777778,0.24468085106382978,0.0851063829787234,445.8653003285558,1.236502304724786,False
mhl-ebaye,EBAYE,MHL,94,30.48972222222222,0.3723404255319149,0.26595744680851063,1470.768602480593,1.0037047473021838,False
ita-ita-368,ITA-368,ITA,94,14.069305555555555,0.6063829787234043,0.0,192.90501582853582,1.014514631010769,False
chn-jingjiang,JINGJIANG,CHN,94,54.60111111111111,0.8404255319148937,0.5106382978723404,96.2637109030992,1.0552636553649712,False
usa-akutan,AKUTAN,USA,94,26.103194444444444,0.8829787234042553,0.8723404255319149,28.560361748482567,5.712072349696514,False
cpv-palmeira,,CPV,93,29.38138888888889,0.5591397849462365,0.3010752688172043,116.55055677467554,1.0078791861870016,False
aus-eden,EDEN,AUS,93,95.96777777777778,0.12903225806451613,0.043010752688172046,4120.0804087570095,6.638985263855165,False
mys-kemaman,KEMAMAN,MYS,93,96.76694444444443,0.24731182795698925,0.06451612903225806,521.2245306710064,1.0389616810902818,False
est-paldiski,PALDISKI,EST,93,15.085277777777778,0.053763440860215055,0.053763440860215055,191.88178920875666,1.007709806145175,False
rus-naryanmar,,RUS,93,68.73305555555555,0.989247311827957,0.16129032258064516,483.653963102656,2.8893499054912097,False
esp-palamos,PALAMOS,ESP,93,29.17888888888889,0.0967741935483871,0.23655913978494625,330.021284455172,1.0139031110443297,False
pol-portmorskipolice,PORT MORSKI POLICE,POL,93,67.81527777777778,0.26881720430107525,0.1935483870967742,163.47199403971402,1.2352019210407625,False
nga-nga-33,,NGA,93,45.62972222222222,0.3010752688172043,0.2903225806451613,2508.933289886269,1.0052844123371656,False
fra-camaret-sur-mer,CAMARET-SUR-MER,FRA,93,32.83277777777778,0.3870967741935484,0.03225806451612903,327.9716569630787,1.4219310729481403,False
tur-tur-113,TUR-113,TUR,93,23.796666666666667,0.26881720430107525,0.13978494623655913,337.07710709829496,1.0249017939129927,False
nor-nor-1012,,NOR,93,59.54055555555556,0.989247311827957,0.978494623655914,29.473567004319744,1.0056648097718761,False
nor-flekkeroy,FLEKKEROY,NOR,93,12.211666666666666,0.0967741935483871,0.06451612903225806,393.18113237083514,1.0141141081364233,False
irn-bushehr,BUSHEHR,IRN,93,33.81861111111111,0.7634408602150538,0.5053763440860215,99.67040820179922,1.0212302488992657,False
usa-fortmorgananchorage,FORT MORGAN ANCHORAGE,USA,93,25.70638888888889,0.6881720430107527,0.5161290322580645,35.78350906450541,1.026985419245002,True
tls-tls-5,,TLS,92,120.15055555555556,0.4891304347826087,0.4891304347826087,593.2658982944974,1.0,False
egy-hamrawein,HAMRAWEIN,EGY,92,152.30402777777778,0.06521739130434782,0.043478260869565216,1959.911342053415,1.038903474083027,False
jpn-yokohama,YOKOHAMA,JPN,92,29.074305555555554,0.4673913043478261,0.07608695652173914,529.8321396257261,1.2796544675930899,False
pan-lascumbres,LAS CUMBRES,PAN,92,39.37583333333333,0.9891304347826086,0.9891304347826086,34.906813481349516,1.0094704398574283,False
rus-rus-65,RUS-65,RUS,92,28.04513888888889,1.0,0.782608695652174,78.58078553243949,1.0077240414261095,False
nor-hoyanger,HOYANGER,NOR,92,40.59152777777777,0.9782608695652174,0.9021739130434783,47.38803843228004,1.00902222278132,False
swe-swe-215,,SWE,91,23.702222222222225,0.7252747252747253,0.1978021978021978,158.43396241832772,1.1005060062317276,False
can-portmellon,PORT MELLON,CAN,91,63.79694444444444,0.978021978021978,0.978021978021978,20.524550776414657,1.207197019972756,False
chn-bz26-3field,BZ26-3 FIELD,CHN,91,38.93527777777778,0.967032967032967,0.2857142857142857,123.78767640498586,1.1576190177425554,False
kor-kor-225,KOR-225,KOR,91,13.024722222222222,0.10989010989010989,0.10989010989010989,217.68994692652532,1.0336352697879605,False
bra-gebig,GEBIG,BRA,91,31.34611111111111,0.9010989010989011,0.3516483516483517,120.97860886003883,1.1259555849864802,False
jpn-hitachi,HITACHI,JPN,91,3.9916666666666663,0.9560439560439561,0.04395604395604396,424.72286533759086,50.0,False
usa-usa-664,,USA,91,56.56611111111111,0.4175824175824176,0.0989010989010989,805.5381697577569,1.0563712616647065,False
rus-rus-151,RUS-151,RUS,91,8.365277777777777,1.0,0.8241758241758241,19.26266261477102,1.120967178904548,False
can-johnstown,JOHNSTOWN,CAN,91,53.26888888888889,0.978021978021978,1.0,33.68994458014364,6.992696052420828,False
rus-ustkamchatsk,UST KAMCHATSK,RUS,91,47.07416666666666,1.0,0.4065934065934066,196.0200759094425,1.0,False
ukr-ukr-111,,UKR,90,117.88444444444444,0.32222222222222224,0.4,239.4276114700058,1.1975748730461162,False
chn-chn-1347,CHN-1347,CHN,90,30.213194444444444,0.8111111111111111,0.5777777777777777,41.83441101829864,1.0349066423697117,False
gbr-gbr-483,,GBR,90,72.83236111111111,0.35555555555555557,0.17777777777777778,431.29491186833224,1.336978204890278,False
chn-anqing,ANQING,CHN,90,84.10152777777778,0.6222222222222222,0.3888888888888889,281.70806946135735,1.7358163135402127,False
nor-nor-754,NOR-754,NOR,90,72.2575,0.16666666666666666,0.022222222222222223,378.6189175268056,1.0553971916314457,False
bra-aracaju,ARACAJU,BRA,90,48.16569444444444,0.7555555555555555,0.03333333333333333,153.49468214146825,1.074707016235464,False
usa-usa-799,USA-799,USA,90,14.691805555555556,0.43333333333333335,0.05555555555555555,708.7674793932531,1.0284587420019453,False
glp-basseterre,BASSE TERRE,GLP,90,15.827222222222222,0.4,0.7888888888888889,45.954421874718555,1.0112327211751224,False
tur-tur-55,TUR-55,TUR,90,33.25861111111111,0.34444444444444444,0.011111111111111112,355.36482072847514,1.1363405253518692,False
nor-nor-530,NOR-530,NOR,89,17.3775,0.6404494382022472,0.11235955056179775,315.250847907324,1.0770204137483372,False
usa-usa-783,USA-783,USA,89,23.84,0.9662921348314607,0.898876404494382,8.396609942559216,1.001485497355474,False
hnd-tela,TELA,HND,89,52.53611111111111,0.02247191011235955,0.7752808988764045,68.5225511834667,1.1110156071719683,False
gab-etame,,GAB,89,20.885277777777777,0.449438202247191,0.43820224719101125,436.2363616210417,1.0,False
rus-rus-217,RUS-217,RUS,88,10.225138888888889,1.0,0.45454545454545453,118.09957840438173,1.1155911407100993,False
phl-sanfernando,SAN FERNANDO,PHL,88,199.17249999999996,0.29545454545454547,0.06818181818181818,722.9807841143099,1.0919261614678932,False
swe-sodertalje,,SWE,88,23.871666666666666,0.5909090909090909,0.48863636363636365,122.66171082237017,1.034269582012901,False
rus-karaginskiyzaliv,KARAGINSKIY ZALIV,RUS,88,113.52222222222224,1.0,0.3522727272727273,359.0981680542185,1.0012415597317172,False
egy-egy-78,EGY-78,EGY,88,11.32125,0.3977272727272727,0.3977272727272727,598.0700375225141,1.0067469307096344,False
rus-kulikovoanchorage,KULIKOVO ANCHORAGE,RUS,88,69.47347222222223,0.8636363636363636,0.8977272727272727,26.88336026222438,1.982459485149025,True
chn-chn-2262,CHN-2262,CHN,88,56.28333333333333,1.0,0.6818181818181818,31.864067415793023,1.170911213589716,False
ven-ven-57,,VEN,88,96.47375,1.0,0.6477272727272727,9.76406323012975,1.9905218275053904,False
omn-minaalfahlanchorage,MINA AL FAHL ANCHORAGE,OMN,87,63.48916666666667,0.16091954022988506,0.04597701149425287,3126.024100284603,2.576305806285191,True
rus-makhachkala,MAKHACHKALA,RUS,87,34.645,0.06896551724137931,0.034482758620689655,338.9459792493729,9.713802656751945,False
tur-hopa,HOPA,TUR,87,101.325,0.1724137931034483,0.11494252873563218,302.94269665624705,8.818819140223503,False
nor-maloy,MALOY,NOR,87,4.543611111111111,0.6206896551724138,0.367816091954023,180.5797862315932,1.039206476396894,False
dom-puertoviejo,PUERTO VIEJO,DOM,87,47.01361111111111,0.3563218390804598,0.3793103448275862,349.9501439933628,1.685452487842017,False
can-can-452,CAN-452,CAN,87,202.2788888888889,0.8735632183908046,0.09195402298850575,707.3598337334647,1.9915890051060374,False
fin-baatvik,BAATVIK,FIN,87,40.05416666666667,0.5287356321839081,0.5977011494252874,86.81001592691486,1.0548486437286209,False
grc-grc-325,,GRC,87,31.11805555555556,0.12643678160919541,0.022988505747126436,420.99824993403826,1.1001628413635536,False
phl-kauswagan,KAUSWAGAN,PHL,87,87.04805555555555,0.22988505747126436,0.13793103448275862,710.8892563803856,1.4440723605699652,False
vir-stthomas,ST THOMAS,VIR,86,17.39388888888889,0.4186046511627907,0.4186046511627907,106.7653379085201,1.0084492817586022,False
vnm-vnm-36,,VNM,86,46.34180555555555,0.9651162790697675,0.5465116279069767,36.617790314899636,1.0477082331450736,False
swe-swe-474,,SWE,86,21.39069444444445,0.7441860465116279,0.686046511627907,12.843226899212166,1.0183562834946276,False
usa-perthamboy,PERTH AMBOY,USA,86,45.18291666666667,0.7209302325581395,0.5581395348837209,15.117965800276902,1.01754298141695,False
jam-portkaiser,PORT KAISER,JAM,86,61.47,0.2558139534883721,0.2558139534883721,950.2976637236999,1.1202351336703251,False
can-can-154,CAN-154,CAN,86,7.608611111111111,0.9883720930232558,0.05813953488372093,207.56297609989102,1.000530797450879,False
fra-fra-393,,FRA,85,41.66333333333333,0.611764705882353,0.5529411764705883,8.69941509831307,1.025729298840121,False
gha-gha-20,,GHA,85,33.1375,0.12941176470588237,0.12941176470588237,2827.8960901669448,1.4914957081741063,False
cod-cod-4,COD-4,COD,85,8.20888888888889,0.9529411764705882,0.9764705882352941,9.002602438453907,1.0,False
rus-rus-233,RUS-233,RUS,85,29.97111111111111,1.0,0.23529411764705882,167.6617970402047,1.037136999686255,False
can-can-381,CAN-381,CAN,85,2.1333333333333333,0.9882352941176471,0.09411764705882353,166.3075127740165,1.0462101547966989,False
deu-deu-620,DEU-620,DEU,85,21.16777777777778,0.16470588235294117,0.16470588235294117,343.0880866621947,1.2091995820400492,False
jpn-sakaide,SAKAIDE,JPN,85,30.76083333333333,0.7058823529411765,0.3176470588235294,156.35737291192982,1.0047200706675754,False
nor-eidsvik,,NOR,85,54.39305555555556,0.6352941176470588,0.4235294117647059,126.71909279206594,1.0691564545083394,False
isl-keflavik,KEFLAVIK,ISL,85,40.8075,0.2,0.17647058823529413,1028.5392335341814,1.1880988908729928,False
deu-wismar,WISMAR,DEU,85,16.215555555555557,0.8941176470588236,0.8823529411764706,6.914718055552349,1.013258196588043,False
ury-nuevapalmira,,URY,84,20.45180555555556,0.9642857142857143,1.0,46.59962919497434,1.0784374855069276,False
fro-tvoroyri,TVOROYRI,FRO,84,9.75361111111111,0.11904761904761904,0.11904761904761904,605.1178163884344,1.0283713963507188,False
mys-mys-139,,MYS,84,88.97583333333333,0.5476190476190477,0.05952380952380952,935.2748142537098,1.0962860158325005,False
gnq-serpentinaterminal,SERPENTINA TERMINAL,GNQ,84,44.47638888888889,0.08333333333333333,0.14285714285714285,2266.639267292354,1.5948804354934545,False
usa-riverheadanchorage,,USA,84,41.49194444444445,0.7023809523809523,0.5238095238095238,71.40760364403297,1.0441618546573546,False
swe-swe-221,,SWE,84,14.552083333333334,0.5476190476190477,0.2976190476190476,178.23877187474397,1.5870873518715256,False
gbr-montrose,,GBR,83,64.38555555555556,0.24096385542168675,0.1566265060240964,512.6918347242727,1.1098292933717702,False
lbr-greenville,GREENVILLE,LBR,83,99.75111111111111,0.30120481927710846,0.2891566265060241,748.6831194937804,1.1438685184753183,False
ukr-izmail,,UKR,83,8.590833333333334,0.26506024096385544,0.8554216867469879,45.244465617969404,1.0967411682543193,False
ind-ennore,ENNORE,IND,83,64.34722222222223,0.5180722891566265,0.08433734939759036,447.549366443897,1.3197197093120727,False
grc-neamoudania,NEA MOUDANIA,GRC,83,34.596111111111114,0.1566265060240964,0.0963855421686747,219.64987071237226,1.9538817745322314,False
isl-neskaupstadur,NESKAUPSTADUR,ISL,82,7.982083333333334,0.21951219512195122,0.2073170731707317,565.4512236789384,1.0050656674139131,False
kir-london,LONDON,KIR,82,66.52875,0.21951219512195122,0.17073170731707318,1893.0502698800024,1.903120273756979,False
bmu-hamilton,HAMILTON,BMU,82,7.350833333333333,0.024390243902439025,0.024390243902439025,789.6525378970236,1.8009320749624025,False
ita-ravenna,RAVENNA,ITA,82,48.950833333333335,0.5121951219512195,0.3170731707317073,346.99871960046505,1.4091959561913898,False
tur-tur-201,TUR-201,TUR,82,51.55833333333334,0.15853658536585366,0.07317073170731707,319.1266992702708,1.3599962752125485,False
lby-lby-21,,LBY,82,29.610833333333332,0.04878048780487805,0.04878048780487805,672.9349538612254,1.725131109307572,False
usa-stsimons,ST SIMONS,USA,82,17.53765138888889,0.6707317073170732,0.15853658536585366,597.4614880260751,1.044563981650396,False
ncl-ncl-57,NCL-57,NCL,82,163.68916666666667,0.36585365853658536,0.36585365853658536,3758.441941240258,13.445233692940871,False
png-png-36,,PNG,82,179.92819444444444,1.0,0.9878048780487805,55.93161346751872,11.224796864697845,False
usa-usa-500,,USA,82,27.18888888888889,0.7195121951219512,0.2926829268292683,361.8090059910327,1.0772413884191847,False
can-can-206,CAN-206,CAN,81,38.18472222222222,0.8641975308641975,0.2716049382716049,106.30659162813318,1.1849315534552418,False
nor-kirkenes,KIRKENES,NOR,81,12.08611111111111,0.6049382716049383,0.25925925925925924,376.40767822623604,1.65114198938662,False
usa-st.helens,ST. HELENS,USA,81,76.06194444444445,0.7037037037037037,0.6790123456790124,31.15286129296484,1.0203747180272036,False
usa-usa-1225,USA-1225,USA,81,76.67388888888888,0.7037037037037037,0.14814814814814814,582.435540050204,1.003069678249157,False
swe-ronnang,RONNANG,SWE,81,25.973333333333333,0.09876543209876543,0.1728395061728395,397.634037621413,1.1310012741202302,False
mys-mys-60,,MYS,81,45.020833333333336,0.6172839506172839,0.24691358024691357,500.8736166108795,1.159549809341872,False
rus-rus-68,,RUS,81,43.02527777777778,1.0,0.19753086419753085,296.75950334999783,2.8169753695650264,False
jpn-akadomarianchorage,,JPN,80,25.38125,0.925,0.7125,56.71781753316065,1.0276822444924922,False
atg-fiveislandsvillage,,ATG,80,15.915,0.0,0.1,392.0441146909049,1.0573431519619192,False
phl-agusan,AGUSAN,PHL,80,33.412222222222226,0.5875,0.3625,118.81015756752902,1.0364530753797383,False
fin-veitsiluoto,VEITSILUOTO,FIN,80,54.74416666666667,0.7125,0.4625,169.15959310573655,1.2111644622726,False
esp-cadiz,CADIZ,ESP,80,25.323888888888888,0.6125,0.2875,334.50627362753613,1.075185603553671,False
sdn-sdn-10,,SDN,80,5.835833333333333,0.775,0.7875,2.886616486075428,1.0,False
rus-ossora,OSSORA,RUS,80,43.58347222222223,1.0,0.35,184.3410686696176,1.057061988478932,False
can-longpond,LONG POND,CAN,80,65.53986111111111,0.8375,0.175,851.2769321215259,2.5288226830270415,False
fra-fra-6,,FRA,80,53.024027777777775,0.1375,0.1,643.5718097103045,1.057722377128065,False
esp-torrevieja,TORREVIEJA,ESP,80,72.69680555555556,0.2875,0.0125,878.0459599158244,1.1852100364000804,False
phl-loreto,LORETO,PHL,79,291.3186111111111,0.08860759493670886,0.0759493670886076,1114.6814606708579,1.0031108740374104,False
mlt-mlt-25,MLT-25,MLT,79,10.145138888888887,0.4177215189873418,0.4177215189873418,622.1241341877931,1.0689906887170515,False
jpn-fukui,FUKUI,JPN,79,81.76,0.4936708860759494,0.11392405063291139,363.1157285586663,1.2563108803655696,False
kor-incheon,INCHEON,KOR,79,24.96444444444445,0.35443037974683544,0.22784810126582278,279.4330761951036,1.2237504274824815,False
grc-yali,YALI,GRC,79,47.013333333333335,0.13924050632911392,0.0759493670886076,1362.915971780366,1.29715402170176,False
are-kalbaanchorage,KALBA ANCHORAGE,ARE,79,58.840555555555554,0.35443037974683544,0.5189873417721519,86.14383971357766,1.054272140594404,True
ago-block15,BLOCK 15,AGO,79,56.141666666666666,0.3037974683544304,0.2911392405063291,6301.998267238514,1.0160468486268464,False
ita-ortona,,ITA,79,41.33277777777778,0.9113924050632911,0.05063291139240506,193.93706681563003,1.0202421816186547,False
fra-fra-346,FRA-346,FRA,79,18.58361111111111,0.9620253164556962,0.9493670886075949,39.45576101495566,1.0415847234801212,False
irl-fenit,FENIT,IRL,79,150.83583333333334,0.17721518987341772,0.1518987341772152,954.5513158910196,1.30578553397623,False
bra-munguba,,BRA,78,70.34736111111111,0.6794871794871795,0.08974358974358974,1351.1793891507361,1.0667345764693943,False
swe-furusund,,SWE,78,26.01291666666667,0.6923076923076923,0.01282051282051282,144.43993235380663,1.150166800476641,False
are-ajman,AJMAN,ARE,78,16.267916666666665,1.0,1.0,26.203845216436708,1.1612379128086354,False
phl-cogan,COGAN,PHL,78,14.595833333333331,0.9871794871794872,0.9871794871794872,30.539906749807997,6.1079813499616,False
esp-pasitoblanco,PASITO BLANCO,ESP,78,69.49666666666667,0.8076923076923077,0.28205128205128205,715.8263031747509,4.00036659154427,False
fro-kollafjord,KOLLAFJORD,FRO,78,5.796111111111111,0.05128205128205128,0.05128205128205128,429.7845632028521,1.0007047092583599,False
can-goderich,GODERICH,CAN,78,92.82347222222222,0.7307692307692307,0.24358974358974358,120.03299879947873,1.2390157544625091,False
usa-ashtabula,ASHTABULA,USA,78,61.01652777777778,0.6794871794871795,0.23076923076923078,210.9848914274806,1.3280111511495694,False
tto-tto-23,,TTO,78,38.800555555555555,0.05128205128205128,0.1282051282051282,374.25856183165274,1.0911535582002458,False
ita-sarroch,SARROCH,ITA,77,63.23805555555556,0.37662337662337664,0.06493506493506493,329.29991258422393,1.3311549403676441,False
chn-chn-2214,CHN-2214,CHN,77,25.08888888888889,0.8701298701298701,0.8441558441558441,28.81292284103442,1.0506299717690826,False
swe-swe-424,,SWE,77,19.753055555555555,0.7402597402597403,0.5454545454545454,37.45233855116349,1.0238454293908392,False
chn-huangpu,HUANGPU,CHN,77,164.19472222222225,0.8181818181818182,0.7532467532467533,44.03085275080356,1.0094451467111443,False
ago-block15,,AGO,77,51.64722222222223,0.2987012987012987,0.3116883116883117,5973.576210371289,1.024969516300189,False
idn-idn-338,IDN-338,IDN,77,144.27527777777777,0.987012987012987,0.12987012987012986,455.79165379601295,2.9618317804953316,False
usa-portblakely,PORT BLAKELY,USA,77,79.45333333333333,0.7792207792207793,0.7012987012987013,5.357288871940457,1.0012907342387969,False
phl-sangat,SANGAT,PHL,77,202.43833333333333,0.18181818181818182,0.05194805194805195,724.9076771432149,1.1149429833331577,False
rus-vladivostok,,RUS,77,63.27944444444445,0.8571428571428571,0.8181818181818182,15.368702421850614,1.2440476604099286,False
yem-yem-8,YEM-8,YEM,76,203.175,0.02631578947368421,0.013157894736842105,834.8735513084588,1.7512197696895395,False
gtm-santotomas,SANTO TOMAS,GTM,76,20.588472222222222,0.013157894736842105,0.40789473684210525,554.8129837221554,1.0815337239653573,False
grc-psachna,PSACHNA,GRC,76,60.967083333333335,0.17105263157894737,0.10526315789473684,440.4213139313026,1.156140155686853,False
nor-nor-931,NOR-931,NOR,76,23.421666666666667,0.18421052631578946,0.15789473684210525,387.20026193469187,1.1638630003413195,False
ita-ita-147,,ITA,76,77.30041666666668,0.4473684210526316,0.06578947368421052,473.2322790192271,1.5079074962883985,False
ukr-ukr-40,,UKR,76,29.096527777777776,0.02631578947368421,0.19736842105263158,298.59187876110724,1.03700355454302,False
usa-usa-295,,USA,76,33.044444444444444,0.8157894736842105,0.3684210526315789,658.7118847060223,1.0836768122637443,False
phl-sanmiguel,SAN MIGUEL,PHL,76,27.516805555555557,0.5789473684210527,0.27631578947368424,228.71304978708613,1.0875919514050914,False
rus-rus-10,,RUS,76,13.649583333333334,0.631578947368421,0.5789473684210527,80.58396256522914,1.0252186720750989,False
cuw-bullenbay,BULLENBAY,CUW,75,50.50055555555556,0.04,0.22666666666666666,665.5264166052599,1.2549774593056586,False
jpn-kikuma,,JPN,75,22.51305555555556,0.6666666666666666,0.49333333333333335,105.25704384594194,1.0447162467770919,False
jpn-rumoi,RUMOI,JPN,75,73.92388888888888,0.30666666666666664,0.05333333333333334,384.75686358683646,1.781673083695092,False
swe-taernoelaxboden,TAERNOE LAXBODEN,SWE,75,15.925555555555556,0.52,0.05333333333333334,210.83823036187678,1.0669895238686469,False
mdg-mdg-12,MDG-12,MDG,75,26.33861111111111,0.49333333333333335,0.06666666666666667,286.7343117372607,1.3454745316046601,False
grc-perama,PERAMA,GRC,75,36.91972222222222,0.25333333333333335,0.17333333333333334,528.121942631736,1.0716592267414822,False
chn-zhenjiang,ZHENJIANG,CHN,74,77.97999999999999,0.7837837837837838,0.47297297297297297,181.57798690741626,1.042628452260245,False
ind-muldwarka,,IND,74,97.14527777777778,0.36486486486486486,0.04054054054054054,822.2266434894414,1.2854483569538104,False
chn-chn-123,CHN-123,CHN,74,55.260416666666664,0.8783783783783784,0.8243243243243243,29.8737177547305,1.0047454568969187,False
gbr-barry,BARRY,GBR,74,37.85166666666667,0.14864864864864866,0.06756756756756757,281.4487559248715,9.951302716961223,False
usa-usa-1108,,USA,74,47.81375,0.5540540540540541,0.44594594594594594,184.44376373743162,1.0423894886353164,False
swe-slite,SLITE,SWE,74,49.338750000000005,0.25675675675675674,0.10810810810810811,260.5377586386383,1.1452824145933085,False
chn-chn-2396,CHN-2396,CHN,74,45.64208333333334,0.7702702702702703,0.0945945945945946,359.62058658361775,1.0312241591161382,False
can-iqaluit,,CAN,74,94.01958333333333,0.9864864864864865,0.02702702702702703,1046.8508404858044,5.351440023115861,False
jpn-otake,,JPN,73,7.543611111111111,0.9863013698630136,0.9863013698630136,10.153490713898897,1.1857057242319125,False
egy-rasgharib,RAS GHARIB,EGY,73,81.2425,0.4657534246575342,0.4657534246575342,1994.470337655699,1.4549078848423465,False
rus-vytegraanchorage,VYTEGRA ANCHORAGE,RUS,73,11.628333333333334,1.0,0.6712328767123288,68.25891385723375,1.1153867101450168,True
rus-vysotsk,VYSOTSK,RUS,73,42.63583333333333,0.1917808219178082,0.2054794520547945,1028.2056886876328,1.0729169100553657,False
usa-greenbay,GREEN BAY,USA,73,41.40361111111111,0.4520547945205479,0.0273972602739726,259.58613165234385,5.974506748215465,False
arg-caletapaula,,ARG,73,28.806944444444444,1.0,0.0410958904109589,512.0873391900984,25.36535352477002,False
rus-bronka,,RUS,73,61.422222222222224,0.5068493150684932,0.4520547945205479,459.55926496672924,1.0258544037922903,False
tha-rayong,RAYONG,THA,73,52.03083333333333,0.2328767123287671,0.2054794520547945,697.6473712838542,1.1100119583896237,False
pri-lasmareas,LAS MAREAS,PRI,72,23.620416666666667,0.013888888888888888,0.013888888888888888,622.0610058664435,50.0,False
mys-mys-107,MYS-107,MYS,72,23.844166666666666,0.5694444444444444,0.2361111111111111,779.9767143090427,1.2147117031240002,False
ven-bajogrande,,VEN,72,35.45916666666666,1.0,0.9861111111111112,24.048445148719626,1.0978843728762082,False
kwt-shuaiba,SHUAIBA,KWT,72,129.80305555555555,0.08333333333333333,0.125,444.4126805173994,2.637509364648131,False
nor-nevlunghavn,,NOR,72,13.072222222222223,0.8333333333333334,0.8888888888888888,34.41820245471471,1.4794383297508364,False
usa-usa-1554,USA-1554,USA,72,182.17833333333334,0.4305555555555556,0.2777777777777778,1638.93176576446,1.0104898029075642,False
mys-mys-80,,MYS,72,46.303472222222226,0.375,0.09722222222222222,615.3225948763932,1.0773206832755893,False
nga-nga-84,,NGA,71,29.79,0.5211267605633803,0.49295774647887325,188.5014323860125,1.0,False
phl-malita,MALITA,PHL,71,192.2444583333333,0.08450704225352113,0.028169014084507043,695.5352329736521,10.526893551100658,False
grc-astakos,ASTAKOS,GRC,71,128.06222222222223,0.15492957746478872,0.04225352112676056,528.7390092440628,1.449760010099457,False
aus-karumba,,AUS,71,101.09333333333332,0.4647887323943662,0.056338028169014086,1577.4548709994058,1.0949328759575128,False
bra-bra-321,BRA-321,BRA,71,43.21194444444444,0.5352112676056338,0.3380281690140845,263.9838683804706,1.0514399534191845,False
chn-chn-1852,CHN-1852,CHN,71,21.759166666666665,0.971830985915493,0.9154929577464789,46.74223365709205,1.0747865956333855,False
are-musaffahanchorage,MUSAFFAH ANCHORAGE,ARE,71,3.5940472222222217,1.0,1.0,15.935023258042936,1.1478896750393381,True
isl-eskifjordur,ESKIFJORDUR,ISL,71,6.548611111111111,0.8450704225352113,0.8450704225352113,9.476438347313678,1.0116350700965813,False
cog-kalamu,KALAMU,COG,71,35.51861111111111,0.16901408450704225,0.18309859154929578,2985.241972684869,1.4449417935917714,False
bgd-mongla,,BGD,71,29.669166666666666,0.4647887323943662,0.323943661971831,506.4481029249834,2.217220087280719,False
nor-hareid,HAREID,NOR,71,11.335555555555556,0.8873239436619719,0.8873239436619719,15.616841955388287,1.1549096376710564,False
swe-swe-139,,SWE,70,30.976527777777775,0.5285714285714286,0.32857142857142857,433.8742119175,1.491057964577976,False
rus-vytegra,VYTEGRA,RUS,70,10.764722222222222,1.0,0.5857142857142857,77.25793193502008,1.11620288560802,False
swe-storugns,,SWE,70,44.72958333333333,0.2571428571428571,0.02857142857142857,380.47097584082644,1.2616917144483555,False
rus-rus-157,RUS-157,RUS,70,11.249166666666667,1.0,0.12857142857142856,192.59251941599825,1.0748732311481295,False
gbr-gbr-470,,GBR,70,25.38236111111111,0.7714285714285715,0.8142857142857143,6.3424373943547065,1.0063200065592457,False
nld-nld-20,,NLD,70,2.676805555555555,0.7142857142857143,0.8428571428571429,27.08699252306966,1.066155303820759,False
jpn-tsuruga,TSURUGA,JPN,70,53.724999999999994,0.6428571428571429,0.18571428571428572,221.6369387160345,1.0812269400256225,False
dza-alger,,DZA,70,52.08138888888889,0.6428571428571429,0.2857142857142857,182.54044712021232,1.0206085742701276,False
pry-pilar,,PRY,70,10.585694444444444,0.1,0.21428571428571427,496.502292930408,1.0253855233653824,False
can-can-298,CAN-298,CAN,70,40.04805555555556,0.014285714285714285,0.0,2896.0991827015227,1.0140736487288373,False
rus-rus-215,,RUS,70,1.6670833333333335,1.0,0.8857142857142857,15.620303659633983,1.0006504514513037,False
ago-ensco109,,AGO,70,29.863055555555555,0.2714285714285714,0.18571428571428572,2791.0723434156016,1.0031968504387903,False
grc-oinousses,OINOUSSES,GRC,70,10.480555555555556,0.02857142857142857,0.12857142857142856,518.2463163939121,1.1512874413711898,False
vnm-godau,,VNM,69,120.28944444444444,0.13043478260869565,0.043478260869565216,618.5754862068129,1.3916263354771348,False
cod-cod-12,COD-12,COD,69,45.060833333333335,0.17391304347826086,0.2898550724637681,3000.459194549328,1.017333381299703,False
idn-luwuk,LUWUK,IDN,69,18.591666666666665,0.9565217391304348,0.15942028985507245,1045.1123702094835,4.260925489697752,False
gha-gha-19,,GHA,69,31.211111111111112,0.057971014492753624,0.057971014492753624,3894.484688030131,1.3450138648237469,False
mus-mus-10,,MUS,69,245.9713888888889,0.057971014492753624,0.057971014492753624,1954.7040276773334,50.0,False
usa-usa-6,,USA,69,35.82083333333333,0.6521739130434783,0.11594202898550725,358.8407109546713,1.0493134370105288,False
bhs-bhs-70,BHS-70,BHS,69,35.7325,0.14492753623188406,0.14492753623188406,874.2021413844154,1.1364987372753692,False
blz-blz-3,BLZ-3,BLZ,69,24.20277777777778,0.0,0.10144927536231885,651.1058427277449,1.0878640633885643,False
usa-lewes,,USA,69,38.32861111111111,0.5942028985507246,0.21739130434782608,1059.1949794352738,1.0145568557152498,False
rou-mangalia,MANGALIA,ROU,69,78.25611111111111,0.4492753623188406,0.4782608695652174,152.7967716580394,1.0200249464620432,False
ita-ita-62,ITA-62,ITA,69,28.880363888888887,0.5652173913043478,0.5217391304347826,7.737773123017056,1.022384662587153,False
nor-follafoss,,NOR,69,27.50888888888889,1.0,0.5072463768115942,98.87914719287522,1.7137531206441172,False
twn-twn-1,TWN-1,TWN,68,2.815,0.8823529411764706,0.8823529411764706,7.030839394330699,1.0128357168398434,False
bra-bra-159,BRA-159,BRA,68,48.250416666666666,0.6911764705882353,0.029411764705882353,654.076711877413,1.0388285542828244,False
can-rimouski,RIMOUSKI,CAN,68,25.899166666666666,0.9852941176470589,0.07352941176470588,145.0088810016114,28.216067739772928,False
nld-rotterdambotlek,ROTTERDAM BOTLEK,NLD,68,46.50833333333333,0.08823529411764706,0.14705882352941177,4174.214737356501,4.162931746183115,False
fra-fra-405,,FRA,68,11.1025,0.8970588235294118,0.8676470588235294,8.473168386160353,1.0264394100409753,False
chn-sanya,SANYA,CHN,68,37.85301527777777,0.7205882352941176,0.2647058823529412,330.9349854638094,1.069640152355591,False
irl-greenore,GREENORE,IRL,68,61.55361111111111,0.19117647058823528,0.14705882352941177,380.5471986171867,1.1012801070662661,False
irn-amirabadanchorage,,IRN,68,121.77763888888889,0.10294117647058823,0.08823529411764706,543.9059331512055,6.139213795836428,False
usa-usa-110,,USA,68,6.742083333333333,0.9852941176470589,0.014705882352941176,157.81311381718268,1.213880889719594,False
swe-swe-496,,SWE,68,3.3195833333333336,1.0,1.0,47.977573975436854,1.079718960441645,False
idn-ketapang,,IDN,67,63.9575,0.9850746268656716,0.13432835820895522,168.9379066485484,1.678608227956651,False
rus-rus-154,,RUS,67,14.934722222222222,0.417910447761194,0.3880597014925373,334.81673373959563,1.0153401179083281,False
rus-vistino,,RUS,67,46.33777777777778,0.19402985074626866,0.19402985074626866,1523.930122645673,1.0104591797700158,False
chn-chn-171,CHN-171,CHN,67,7.688611111111111,0.7910447761194029,0.05970149253731343,521.1104925209179,1.1035808556536812,False
grc-grc-190,,GRC,67,25.72388888888889,0.44776119402985076,0.417910447761194,423.49868788076964,1.0464586350545355,False
col-tumaco,TUMACO,COL,67,26.25638888888889,0.08955223880597014,0.11940298507462686,422.711082324905,1.086101058455282,False
jpn-miyazu,,JPN,67,101.49972222222222,0.34328358208955223,0.07462686567164178,303.96613069547755,1.7717704968964103,False
ind-ind-213,,IND,67,236.16694444444445,0.08955223880597014,0.029850746268656716,1992.7357969961781,1.0589303875030736,False
jpn-susaki,SUSAKI,JPN,67,49.39944444444444,0.22388059701492538,0.04477611940298507,867.2720917820872,1.285242711964675,False
ury-ury-15,,URY,67,58.84333333333333,0.5970149253731343,0.40298507462686567,156.46876681065106,1.0897471468843638,False
are-are-145,ARE-145,ARE,66,32.375,0.3939393939393939,0.3939393939393939,225.62486567355631,1.1279807096946366,False
rus-olya,,RUS,66,16.091805555555556,0.7424242424242424,0.6818181818181818,67.9176193206531,1.0285468175788874,False
nor-nor-637,,NOR,66,14.549722222222222,0.6363636363636364,0.5151515151515151,99.06665639676248,1.1084510424755658,False
usa-usa-1541,,USA,66,52.23694444444445,1.0,0.9848484848484849,53.379042155687074,1.043319260067269,False
grc-grc-257,GRC-257,GRC,66,137.95194444444445,0.13636363636363635,0.13636363636363635,1351.2771018050134,1.0283034749894977,False
phl-tacloban,TACLOBAN,PHL,66,22.967777777777776,0.9545454545454546,0.030303030303030304,138.1164990665252,2.002312455785467,False
swe-swe-315,SWE-315,SWE,66,29.654166666666665,0.16666666666666666,0.045454545454545456,329.1049985328625,1.0311773601336904,False
jpn-tokuyamakudamatsu,TOKUYAMAKUDAMATSU,JPN,66,20.808333333333334,0.18181818181818182,0.16666666666666666,442.44646777155026,1.0431503414231904,False
gnq-asengfpso,,GNQ,66,33.69013888888889,0.0,0.0,3709.892819172229,1.4939672412617018,False
arg-santafe,SANTA FE,ARG,66,24.40972222222222,0.9242424242424242,0.06060606060606061,214.63927656703814,2.1801551585463983,False
nor-bud,BUD,NOR,66,17.26763888888889,1.0,0.9848484848484849,0.0,1.0,False
rus-rus-434,,RUS,65,7.995,1.0,0.7538461538461538,75.81230834239577,1.1151738109576301,False
nor-nor-902,,NOR,65,7.5166666666666675,1.0,0.8307692307692308,36.07355375268303,1.037339690944602,False
rou-mangalia,,ROU,65,12.514722222222222,0.6461538461538462,0.6615384615384615,4.386959216886722,1.0026008064465417,False
rus-rus-70,RUS-70,RUS,65,21.82777777777778,1.0,0.18461538461538463,190.50229313783566,1.040396611350324,False
chn-chn-882,CHN-882,CHN,65,22.25611111111111,0.8923076923076924,0.8769230769230769,29.12879799903241,1.0410001760337675,False
rus-ustluga,UST LUGA,RUS,65,44.83444444444444,0.2923076923076923,0.24615384615384617,1137.4137423236373,1.414768119707628,False
nor-nor-180,,NOR,65,11.001944444444444,0.6923076923076923,0.6615384615384615,73.1433657039031,1.039919448976274,False
rus-podyapolsk,PODYAPOLSK,RUS,65,27.02555555555556,0.9384615384615385,0.7692307692307693,13.223135328397216,1.0147362309596493,False
esp-celeiro,CELEIRO,ESP,65,32.11333333333334,0.38461538461538464,0.2923076923076923,469.28006035884835,1.290953615429286,False
cog-n'kossaterminal,N'KOSSA TERMINAL,COG,65,24.74888888888889,0.36923076923076925,0.4,559.4437604598465,1.1510226338424836,False
chn-chn-2014,CHN-2014,CHN,65,30.593611111111112,0.1076923076923077,0.015384615384615385,3350.583379106559,1.3448204821053003,False
ton-ton-4,,TON,65,12.415,0.49230769230769234,0.0,403.17084351111566,1.2246609249760418,False
idn-idn-388,,IDN,64,19.56722222222222,0.84375,0.171875,420.17713896473447,1.2178853083927348,False
usa-usa-1019,USA-1019,USA,64,21.16652777777778,1.0,0.0,1108.045011098804,4.5374719118130695,False
swe-swe-475,SWE-475,SWE,64,24.314861111111114,0.40625,0.25,279.80418178030595,1.2705027807684066,False
idn-idn-222,,IDN,64,150.3440277777778,0.5,0.03125,814.2301769175384,1.5441971991806098,False
tun-menzelbourguiba,MENZEL BOURGUIBA,TUN,64,153.92430555555558,0.9375,0.9375,6.2551789307726136,1.651850569902497,False
tur-rize,RIZE,TUR,64,96.71722222222223,0.28125,0.046875,357.4465326798786,5.310754219724641,False
grc-katakolo,KATAKOLO,GRC,64,24.477777777777774,0.125,0.046875,595.0063298746906,1.0158624323285457,False
aus-lucinda,,AUS,64,50.20666666666666,0.1875,0.03125,2526.1983602124074,2.3902798515290398,False
sle-sle-8,SLE-8,SLE,64,84.45277777777778,0.75,0.75,10.793410922498532,1.3532208197188038,False
jpn-kure,,JPN,64,90.40569444444444,0.1875,0.0625,1545.8512127242034,1.089306732657104,False
jpn-jpn-6,,JPN,63,5.583611111111111,0.8412698412698413,0.6031746031746031,66.71822533956072,1.022048418732755,False
ncl-kouaouaanchorage,KOUAOUA ANCHORAGE,NCL,63,75.65555555555555,0.49206349206349204,0.49206349206349204,3837.779121015747,12.44734485388257,True
usa-usa-1550,,USA,63,15.749722222222225,0.8253968253968254,0.6507936507936508,37.10030370463169,1.0215323865338448,False
nga-seaeagleterminal,SEA EAGLE TERMINAL,NGA,63,45.141666666666666,0.6349206349206349,0.5873015873015873,26.55519068456128,1.0169926071023314,False
grc-grc-102,GRC-102,GRC,63,9.735169444444445,0.31746031746031744,0.23809523809523808,405.66099475658416,1.069662782620388,False
tkm-okarem,,TKM,63,24.231944444444444,0.15873015873015872,0.015873015873015872,234.16418866084362,44.303865075375874,False
can-can-353,CAN-353,CAN,63,17.523333333333333,0.7301587301587301,0.47619047619047616,123.23700389825345,1.0160029514930484,False
rus-rus-406,RUS-406,RUS,63,214.90222222222224,0.8095238095238095,0.2222222222222222,798.7314358924796,1.217091461891778,False
swe-vaxholm,VAXHOLM,SWE,63,26.2425,0.3968253968253968,0.14285714285714285,207.45390132901542,1.4118785512153427,False
grc-rhodes,RHODES,GRC,63,19.176944444444445,0.09523809523809523,0.09523809523809523,273.8664143174641,1.1940721623736326,False
sxm-philipsburg,PHILIPSBURG,SXM,63,13.613333333333332,0.0,0.36507936507936506,266.7621880798182,1.1001472011989728,False
idn-idn-280,IDN-280,IDN,63,80.82888888888888,0.7777777777777778,0.6349206349206349,29.421488169717527,5.884297633943506,False
arg-puertoibicuy,PUERTO IBICUY,ARG,63,87.24,0.8253968253968254,0.8095238095238095,86.29234758105969,1.3099341944671288,False
gab-owendo,OWENDO,GAB,63,70.61083333333333,0.031746031746031744,0.031746031746031744,336.624826745474,1.0434742120471645,False
usa-gigharbor,GIG HARBOR,USA,62,197.50041666666664,0.3548387096774194,0.2903225806451613,4201.8256083392325,2.478199686795869,False
ita-arbatax,ARBATAX,ITA,62,65.13248333333334,0.46774193548387094,0.04838709677419355,343.83807895452424,1.156258763086622,False
chn-chn-2373,CHN-2373,CHN,62,39.45555555555556,0.8709677419354839,0.3064516129032258,376.2588412186798,1.0234454415594123,False
rou-rou-82,ROU-82,ROU,62,131.26333333333332,0.04838709677419355,0.3709677419354839,243.65097184927998,1.1233066126306404,False
ind-nhavasheva,NHAVA SHEVA,IND,62,40.519444444444446,0.3387096774193548,0.03225806451612903,1068.0170210278568,1.0128752612138574,False
irl-bantrybay,BANTRY BAY,IRL,62,31.944166666666668,0.03225806451612903,0.03225806451612903,482.4065089448291,2.0598387395614477,False
egy-safaga,,EGY,62,195.99402777777777,0.2903225806451613,0.0,1038.4099397522791,1.392396762937448,False
grc-grc-403,GRC-403,GRC,62,102.78444444444446,0.11290322580645161,0.0967741935483871,901.4887942328,1.0803148606930848,False
fji-fji-61,FJI-61,FJI,62,14.010416666666668,0.6129032258064516,0.016129032258064516,133.65855074044046,1.1262356774401463,False
esp-esp-23,ESP-23,ESP,62,23.35291666666667,1.0,0.6612903225806451,32.54314488292919,6.034689903041885,False
idn-kalbut,KALBUT,IDN,62,34.61944444444444,0.9516129032258065,0.2903225806451613,218.03777825732473,1.3112225592345466,False
jpn-senzaki,SENZAKI,JPN,62,14.953888888888889,0.1935483870967742,0.04838709677419355,245.98577332636143,1.0754547060520343,False
usa-usa-1256,USA-1256,USA,62,51.235416666666666,0.0967741935483871,0.06451612903225806,666.5032523433291,1.0133495409648796,False
cyp-dhekelia,DHEKELIA,CYP,61,64.28722222222223,0.39344262295081966,0.39344262295081966,440.2843212850419,1.0679765467907953,False
idn-phewmofield,PHEWMO FIELD,IDN,61,26.91722222222222,0.9836065573770492,0.21311475409836064,239.60905567479406,1.2136689947906636,False
nor-nor-908,,NOR,61,14.967777777777778,0.8524590163934426,0.4426229508196721,105.31877226875838,1.0049956438598697,False
irn-nowshahr,NOWSHAHR,IRN,61,76.87611111111111,0.04918032786885246,0.03278688524590164,553.5405184803367,13.38161112045695,False
jpn-akitafunagawa,AKITAFUNAGAWA,JPN,60,28.307916666666667,0.8,0.3,186.2749726657791,1.0404957845050107,False
chn-dongtou,DONGTOU,CHN,60,18.783843055555558,0.4,0.03333333333333333,207.57571938041667,1.0159757529446642,False
rus-uglegorskanchorage,UGLEGORSK ANCHORAGE,RUS,60,199.1302777777778,1.0,0.15,122.284822328131,1.1949106976053454,True
gbr-grimsby,GRIMSBY,GBR,60,20.18597222222222,0.8166666666666667,0.7833333333333333,11.140285163182709,1.0166312928009011,False
aus-ardrossan,ARDROSSAN,AUS,60,46.58694444444445,0.9833333333333333,0.25,646.792387830499,1.1011263645883238,False
bra-bra-97,BRA-97,BRA,60,33.163333333333334,0.7333333333333333,0.3,110.41112281589346,1.0032428466119194,False
ago-banana,,AGO,60,14.904444444444445,0.1,0.31666666666666665,101.33142333095735,1.0428150688598723,False
jpn-jpn-338,,JPN,60,52.64902777777778,0.43333333333333335,0.16666666666666666,613.4473505606278,1.0044415810193743,False
jpn-jpn-138,JPN-138,JPN,60,22.188194444444445,0.85,0.31666666666666665,220.1347247844131,1.0245492035668546,False
ven-elpalito,EL PALITO,VEN,60,82.43138888888889,0.7666666666666667,0.21666666666666667,194.43634040574287,1.0357328869935274,False
mar-tantan,,MAR,60,33.57449305555555,0.2,0.0,547.2031190424084,1.7470860000636845,False
est-miiduranna,MIIDURANNA,EST,60,26.885277777777777,0.16666666666666666,0.45,110.41503956392226,1.1372276372746417,False
nor-nor-63,NOR-63,NOR,60,5.093333333333334,0.8833333333333333,0.5166666666666667,49.332303797465414,1.0555055951299965,False
aus-moretonisland,,AUS,60,22.90625,0.48333333333333334,0.15,899.4374729160602,1.0384778168436326,False
cod-cod-5,COD-5,COD,60,45.580416666666665,0.31666666666666665,0.4666666666666667,545.6894639288616,1.0064135295911325,False
mex-mex-203,MEX-203,MEX,59,54.62305555555555,0.9661016949152542,0.0847457627118644,225.51234393920225,1.1486773002546549,False
bra-jurongaracruz,JURONG ARACRUZ,BRA,59,87.19916666666667,0.9830508474576272,0.11864406779661017,568.3393266549575,2.571519614165678,False
kor-jeju,JEJU,KOR,59,8.546666666666667,0.2033898305084746,0.1694915254237288,543.055889695371,1.0958442659976046,False
chn-nanjing,NANJING,CHN,59,79.43222222222222,0.9152542372881356,0.5932203389830508,57.85401463290898,1.0509926035043144,False
mar-mohammedia,MOHAMMEDIA,MAR,59,90.75833333333334,0.8305084745762712,0.7457627118644068,73.3589720291602,1.141785241670941,False
usa-usa-319,,USA,59,10.635,0.3898305084745763,0.05084745762711865,785.0023421135024,1.0112727432817838,False
can-sheetharbour,SHEET HARBOUR,CAN,59,55.95916666666667,0.13559322033898305,0.0,1775.9776255451995,1.05822479216316,False
idn-namlea,NAMLEA,IDN,59,50.93111111111112,1.0,0.03389830508474576,378.74395841217427,1.1373098990890453,False
phl-tagbilaran,TAGBILARAN,PHL,58,18.85875,0.9482758620689655,0.9137931034482759,36.52523871834296,1.0917713912515172,False
kor-kor-134,KOR-134,KOR,58,50.02236111111111,0.20689655172413793,0.1724137931034483,465.5609983453795,1.3971931723117752,False
usa-usa-455,,USA,58,123.1563888888889,0.46551724137931033,0.20689655172413793,629.2818048465981,1.0984283680022404,False
gnq-ceibaterminal,CEIBA TERMINAL,GNQ,58,35.60902777777778,0.017241379310344827,0.034482758620689655,4636.689319651871,1.1003748573698993,False
tur-inebolu,INEBOLU,TUR,58,40.46347222222222,0.4827586206896552,0.06896551724137931,217.10098198233823,1.0857096875471997,False
png-png-28,,PNG,58,169.66041666666666,0.9655172413793104,0.9310344827586207,9.351162747974568,1.2922533164538965,False
dom-lascalderas,LAS CALDERAS,DOM,58,11.616388888888888,0.6379310344827587,0.6379310344827587,31.19390755065176,1.0244152006374927,False
grc-grc-354,GRC-354,GRC,58,99.51138888888889,0.08620689655172414,0.08620689655172414,843.1571986695928,1.5367819444409938,False
nor-eydehavn,,NOR,58,20.958333333333336,0.27586206896551724,0.1896551724137931,268.6865366969455,1.1570390220632039,False
swe-swe-469,,SWE,58,46.81097222222222,0.3103448275862069,0.10344827586206896,285.3377219410172,1.3432507972419243,False
rus-kozmino,KOZMINO,RUS,57,34.69305555555555,0.42105263157894735,0.2982456140350877,656.910587555856,1.0718969159386675,False
esp-ailladeons,A ILLA DE ONS,ESP,57,52.60111111111111,0.24561403508771928,0.15789473684210525,602.165957786559,1.069764148928631,False
ukr-ukr-110,,UKR,57,139.67027777777778,0.40350877192982454,0.5263157894736842,78.45391156000753,1.2599838353292883,False
chl-terminalotway,TERMINAL OTWAY,CHL,57,48.8425,0.9824561403508771,0.03508771929824561,1469.3692424981964,5.137646803007164,False
chl-villapuertoeden,VILLA PUERTO EDEN,CHL,57,14.755277777777778,0.8771929824561403,0.017543859649122806,746.0374480690051,1.0820735744928773,False
idn-tarjun,,IDN,57,73.84805555555556,0.7368421052631579,0.05263157894736842,404.02077060803066,1.3205034245220915,False
esp-bueu,BUEU,ESP,57,46.40805555555556,0.5087719298245614,0.2982456140350877,409.387758574449,1.0457118898860107,False
mlt-portomaso,PORTOMASO,MLT,57,13.862777777777778,0.3508771929824561,0.3508771929824561,495.55719216644206,1.1332293547844288,False
gbr-swansea,SWANSEA,GBR,57,124.34166666666668,0.22807017543859648,0.07017543859649122,410.6255330551871,1.11765992925923,False
fra-fos-sur-mer,FOS-SUR-MER,FRA,56,71.39500000000001,0.375,0.35714285714285715,364.0517528119144,1.028449149030473,False
ita-vasto,VASTO,ITA,56,35.74944444444444,0.16071428571428573,0.017857142857142856,480.3523418113282,1.3468135678835989,False
ita-terminiimereseanchorage,TERMINI IMERESE ANCHORAGE,ITA,56,44.36097222222222,0.6071428571428571,0.42857142857142855,223.80940739407535,1.0397533167572401,True
rus-rus-503,RUS-503,RUS,56,35.91875,0.9464285714285714,0.26785714285714285,479.86302146530284,1.070027663499412,False
cuw-cuw-7,CUW-7,CUW,56,59.59513888888889,0.30357142857142855,0.4107142857142857,273.59613684714293,1.0120829084399383,False
swe-swe-408,,SWE,56,24.49097222222222,0.6428571428571429,0.0,101.21965267522828,1.1496463742351062,False
irn-lavan,,IRN,56,78.42125,0.8214285714285714,0.16071428571428573,190.54577992677105,1.107805563413681,False
jpn-fushikitoyama,,JPN,56,70.75486111111111,0.4642857142857143,0.42857142857142855,435.1213200557402,1.082449678103702,False
jpn-kokura,KOKURA,JPN,56,13.287777777777777,0.4107142857142857,0.32142857142857145,134.4605931705421,1.0820746924488989,False
nga-okonoterminal,OKONO TERMINAL,NGA,56,59.49319444444444,0.5178571428571429,0.42857142857142855,270.26481385592217,1.0029012891221147,False
tur-tur-47,TUR-47,TUR,55,14.733333333333333,0.9636363636363636,0.8363636363636363,8.894377713715702,1.0396358867310727,False
chn-zhoushananchorage,ZHOUSHAN ANCHORAGE,CHN,55,7.8277777777777775,0.7272727272727273,0.5818181818181818,71.4046052398701,1.1604147654383412,True
idn-palanggaanchorage,,IDN,55,239.1858333333333,0.10909090909090909,0.10909090909090909,1858.634351961972,4.756607192086754,False
nor-larkollen,LARKOLLEN,NOR,55,11.080277777777775,0.6909090909090909,0.5818181818181818,34.30493357488108,1.1277746897911656,False
nor-nor-920,,NOR,55,12.368611111111113,0.8181818181818182,0.8181818181818182,20.82595459612608,4.156134310671568,False
rus-severomorsk,SEVEROMORSK,RUS,55,47.15472222222222,0.7818181818181819,0.4,310.8130855727502,1.0259773186409438,False
jpn-tomakomai,TOMAKOMAI,JPN,55,11.015833333333331,0.8909090909090909,0.05454545454545454,262.3920052749057,50.0,False
gbr-gbr-439,,GBR,55,41.51138888888889,0.6909090909090909,0.21818181818181817,332.0248457092948,1.106274574842178,False
cub-cienfuegos,,CUB,55,76.51166666666667,0.6727272727272727,0.18181818181818182,288.72534296967405,1.0266789826308154,False
chn-luoyuan,LUOYUAN,CHN,55,166.53944444444446,0.5272727272727272,0.4,313.03487136094753,1.0753110023660395,False
mex-cayoarcasterminal,CAYO ARCAS TERMINAL,MEX,55,46.29861111111112,0.14545454545454545,0.12727272727272726,560.996978417968,4.279987065667524,False
bra-fsomacae,FSO MACAE,BRA,55,47.86472222222222,0.9818181818181818,0.23636363636363636,174.29825172387254,1.9844529782450893,False
rus-rus-427,,RUS,55,16.7875,0.5272727272727272,0.5272727272727272,11.347264286267604,1.0,False
usa-usa-1793,,USA,55,35.27638888888889,1.0,0.9454545454545454,9.500965847270956,1.035843026310783,False
lca-lca-8,LCA-8,LCA,55,18.68611111111111,0.36363636363636365,0.41818181818181815,150.6532947976202,1.1154567166397882,False
can-can-175,CAN-175,CAN,54,14.04625,0.9814814814814815,0.037037037037037035,381.2971080337896,1.246571447854309,False
ita-livorno,LIVORNO,ITA,54,30.312777777777775,0.46296296296296297,0.3888888888888889,462.391332445268,1.341235801145723,False
grc-grc-301,GRC-301,GRC,54,42.25958333333333,0.05555555555555555,0.09259259259259259,458.50363101336245,1.2110977796496876,False
jpn-jpn-394,,JPN,54,7.666388888888889,0.9814814814814815,0.9074074074074074,23.44552914862804,1.018198264780609,False
rus-boshnyakovoanchorage,BOSHNYAKOVO ANCHORAGE,RUS,54,222.17583333333332,0.9814814814814815,0.4444444444444444,153.4184766768688,5.642186785407928,True
nor-tommervag,,NOR,54,12.220833333333335,0.7037037037037037,0.2962962962962963,216.1806529214593,1.0198868048826777,False
rus-malokurilsk,MALOKURILSK,RUS,54,22.78388888888889,0.9629629629629629,0.4444444444444444,558.8580853755259,1.038167418115512,False
phl-balud,BALUD,PHL,54,192.2184722222222,0.16666666666666666,0.018518518518518517,939.1810308813883,1.11401796954073,False
rou-braila,BRAILA,ROU,54,143.5390277777778,0.9259259259259259,0.9259259259259259,4.87004765351836,1.1225400279189544,False
nga-ebokfield,,NGA,54,62.23723597125,0.3148148148148148,0.2037037037037037,2061.3903383529887,1.350556606678433,False
phl-legazpiport,LEGAZPI PORT,PHL,54,89.21347222222221,0.18518518518518517,0.037037037037037035,961.53412184431,1.0360784409618862,False
usa-pearlharbor,PEARL HARBOR,USA,54,75.31652777777778,0.8333333333333334,0.5185185185185185,9.317153399679722,1.1171459932272203,False
idn-tanjungbuli,,IDN,53,246.61527777777775,0.7547169811320755,0.018867924528301886,499.92498704084335,1.931627577967836,False
usa-usa-114,,USA,53,63.03194444444444,0.18867924528301888,0.018867924528301886,1326.0275043632275,1.0161423506803953,False
pak-gwadar,GWADAR,PAK,53,78.67194444444445,0.09433962264150944,0.0,396.9066393384732,1.0012440900211073,False
ita-monopoli,MONOPOLI,ITA,53,84.1661111111111,0.7924528301886793,0.11320754716981132,290.86094322291774,1.261743756913309,False
prt-lajesdasflores,LAJES DAS FLORES,PRT,53,13.34027777777778,1.0,0.0,196.66904774948452,5.373716578246303,False
tur-yalova,YALOVA,TUR,53,172.58416666666668,0.6792452830188679,0.6792452830188679,7.7874146647749996,1.003543194470145,False
ind-ind-123,IND-123,IND,53,44.193333333333335,0.5094339622641509,0.24528301886792453,378.38832926712905,1.143098825489267,False
idn-idn-430,,IDN,53,57.78611111111111,0.9056603773584906,0.2830188679245283,464.3435628979059,1.8196869961462139,False
tto-tto-26,,TTO,53,25.690277777777776,0.05660377358490566,0.11320754716981132,450.7250893154209,1.2878132965888942,False
phl-narrapalawan,,PHL,53,204.02568888888888,0.05660377358490566,0.018867924528301886,1562.1240228958177,6.352886964213169,False
est-roomassaare,ROOMASSAARE,EST,53,22.834722222222226,0.0,0.0,449.8737787592682,3.433344408637933,False
ukr-ukr-80,,UKR,53,125.53666666666666,0.09433962264150944,0.09433962264150944,352.8923976020287,1.3335014098714746,False
nor-nor-724,,NOR,53,6.420277777777778,1.0,0.8490566037735849,23.158001151180887,1.0794902932713668,False
chn-shengsi,SHENGSI,CHN,53,28.93777777777778,0.9433962264150944,0.8301886792452831,25.93936169202646,1.0501024675283848,False
mex-yaxchefield,,MEX,53,33.25361111111111,1.0,0.4339622641509434,165.3420762693334,13.838623370627232,False
gbr-mousehole,MOUSEHOLE,GBR,53,55.590833333333336,0.07547169811320754,0.05660377358490566,388.3940159857408,1.0368454079274791,False
ita-vadoligure,VADO LIGURE,ITA,52,20.394444444444446,0.23076923076923078,0.15384615384615385,380.06719004064905,1.1503653547105501,False
usa-gibsonisland,,USA,52,40.082638888888894,0.6538461538461539,0.11538461538461539,580.0494310273707,1.0237395749808345,False
cri-puntamorales,PUNTA MORALES,CRI,52,72.25236111111111,0.019230769230769232,0.019230769230769232,333.99061523942424,1.020463614844978,False
est-abrukaroomassaare,,EST,52,19.98486111111111,0.019230769230769232,0.0,449.8737787592682,2.024942812737667,False
esp-esp-295,ESP-295,ESP,52,11.179166666666667,0.5384615384615384,0.07692307692307693,261.9687046700095,1.124615912166361,False
usa-usa-1143,,USA,52,50.42097222222222,0.9807692307692307,1.0,12.899956205813712,1.0045336191740222,False
irn-anzalianchorage,,IRN,52,65.03277777777777,0.17307692307692307,0.15384615384615385,450.1993839536889,12.125041696587026,False
can-cacouna,CACOUNA,CAN,52,52.01986111111111,0.6730769230769231,0.1346153846153846,198.89546369700855,1.0063058386286328,False
jam-ochorios,OCHO RIOS,JAM,52,100.27125,0.019230769230769232,0.019230769230769232,924.9233586926257,1.12225322168033,False
idn-ketapang,KETAPANG,IDN,52,67.17444444444445,0.9423076923076923,0.21153846153846154,318.99304257104984,1.4684522178637482,False
ind-bedi,,IND,52,118.31861111111111,0.5769230769230769,0.4807692307692308,133.67835961769572,1.0370222760616672,False
rus-rus-392,,RUS,52,22.809444444444445,0.9807692307692307,0.057692307692307696,190.50229313783566,1.0729294592485947,False
swe-swe-323,SWE-323,SWE,52,31.453333333333333,0.6923076923076923,0.6346153846153846,7.581553069169332,1.0193176253327851,False
tls-tls-6,,TLS,51,31.54111111111111,0.058823529411764705,0.058823529411764705,2457.564078720217,2.3696858572574033,False
vnm-campha,CAM PHA,VNM,51,128.56519166666666,0.7450980392156863,0.47058823529411764,174.93606991011143,1.0437813615004117,False
ita-ita-320,,ITA,51,29.237222222222226,0.6862745098039216,0.5686274509803921,86.99532867008793,1.070307489032106,False
ita-amalfi,AMALFI,ITA,51,14.683055555555557,0.27450980392156865,0.058823529411764705,568.9905804275087,1.0186785367942484,False
nor-nor-945,NOR-945,NOR,51,8.507777777777777,0.803921568627451,0.39215686274509803,301.34235840643254,1.0377406141433716,False
ita-terminiimerese,TERMINI IMERESE,ITA,51,50.335,0.8431372549019608,0.43137254901960786,107.18521273803648,1.007667619602675,False
aus-wandoo,,AUS,51,35.155277777777776,0.11764705882352941,0.09803921568627451,3382.956423090542,1.764964265436635,False
swe-swe-166,SWE-166,SWE,51,15.123888888888889,0.23529411764705882,0.29411764705882354,148.75925998568636,1.1428365230806927,False
bgr-balchik,BALCHIK,BGR,51,97.00027777777778,0.11764705882352941,0.19607843137254902,131.25323644280903,1.6873040199185334,False
can-conceptionbaysouth,CONCEPTION BAY SOUTH,CAN,51,20.425555555555555,0.8823529411764706,0.7843137254901961,6.478408412262508,1.0052419382424598,False
nor-storsteilene,STORSTEILENE,NOR,51,19.91111111111111,0.5098039215686274,0.39215686274509803,127.57870849410695,1.3597489945905268,False
chn-chn-2116,CHN-2116,CHN,51,59.2675,0.803921568627451,0.7450980392156863,50.35396045347712,1.537763679325881,False
usa-fortmyersbeach,FORT MYERS BEACH,USA,51,21.58388888888889,1.0,0.9803921568627451,0.5028957004687388,1.0,False
egy-egy-79,EGY-79,EGY,51,45.75416666666667,0.9411764705882353,0.9215686274509803,10.72246873508756,1.0027071071978957,False
rus-shlisseburg,SHLISSEBURG,RUS,51,25.561666666666667,0.9803921568627451,0.2549019607843137,119.88260872861724,1.0313556599169478,False
idn-saumlaki,SAUMLAKI,IDN,51,61.245,1.0,0.0,221.5468855584401,1.0337833679348507,False
bra-itacoatiara,ITACOATIARA,BRA,51,48.0225,0.7450980392156863,0.0,1322.9231019695303,1.0064486734138376,False
hrv-hrv-171,HRV-171,HRV,50,74.29236111111112,0.06,0.66,60.265343065549075,1.0385811103480576,False
"phl-hiju,maco","HIJU, MACO",PHL,50,142.23638888888888,0.26,0.08,705.4099347136985,1.0792782728574501,False
lbn-saida,SAIDA,LBN,50,28.84708333333333,0.72,0.72,61.291081418655544,1.2890943324450022,False
shn-ascension,ASCENSION,SHN,50,59.12375,0.08,0.08,2263.5248340284224,1.1329066640164698,False
rus-kurilsk,KURILSK,RUS,50,33.84597222222222,1.0,0.5,105.52966943713538,1.0033637801875885,False
rou-galati,GALATI,ROU,50,22.455416666666665,0.98,0.98,37.818137251472926,1.0022281191062585,False
chn-chn-542,CHN-542,CHN,50,8.501772222222222,0.86,0.26,515.5930425183574,1.10723191182722,False
ncl-ncl-56,,NCL,50,154.11555555555555,0.5,0.5,1627.6362315577135,13.868250578232653,False
rus-otradnoye,OTRADNOYE,RUS,50,16.557361111111113,1.0,0.14,119.88260872861724,1.151665389736719,False
ind-ind-185,,IND,50,67.16375,0.74,0.08,226.2454614203556,2.261350403179273,False
usa-northpalmbeach,NORTH PALM BEACH,USA,50,31.642916666666665,0.98,0.76,5.305018321021338,1.0011409436250416,False
idn-idn-180,,IDN,50,235.51555555555555,0.1,0.06,2154.733980101519,7.354869323788078,False
aus-portland,PORTLAND,AUS,49,141.59972222222223,0.5714285714285714,0.04081632653061224,907.5684572852358,1.1124058067088531,False
nor-nor-643,,NOR,49,14.84722222222222,0.9795918367346939,0.9795918367346939,22.52912768403443,1.026060633075439,False
esp-tarajal,TARAJAL,ESP,49,24.514722222222225,1.0,0.9795918367346939,0.0,1.0,False
ita-messina,MESSINA,ITA,49,36.43388888888889,0.4489795918367347,0.2653061224489796,355.64925650368644,1.0855503708489749,False
usa-usa-1786,USA-1786,USA,49,37.22111111111112,1.0,0.9795918367346939,54.87133447013425,1.0997834782420923,False
grc-preveza,PREVEZA,GRC,49,149.0101888888889,0.3877551020408163,0.04081632653061224,329.9786889614467,1.0356112887755748,False
aze-absheronanchorage,ABSHERON ANCHORAGE,AZE,49,38.13472222222222,0.5306122448979592,0.5306122448979592,35.18195913612992,1.1021110990202936,True
ncl-ncl-54,,NCL,49,241.42527777777775,0.3469387755102041,0.22448979591836735,3974.4012930721465,1.1936677640720978,False
usa-newyork,NEW YORK,USA,49,31.83361111111111,0.5918367346938775,0.16326530612244897,240.2348093099519,1.0208724080716214,False
rus-vyborg,,RUS,49,39.31166666666667,0.1836734693877551,0.1836734693877551,447.6007370833606,1.2804918969135053,False
kaz-kuryk,,KAZ,49,95.85666666666668,0.2653061224489796,0.2653061224489796,211.4085823054325,2.6301501394220046,False
cog-yomboterminal,YOMBO TERMINAL,COG,49,30.75726072138889,0.16326530612244897,0.16326530612244897,5518.136906130287,1.1164178612344997,False
mdg-mdg-6,,MDG,49,34.38305555555556,1.0,0.32653061224489793,179.0114641151761,1.0006957891375925,False
nor-flatoy,FLATOY,NOR,48,24.84236111111111,0.3333333333333333,0.3333333333333333,422.89613381372504,1.3425525588293166,False
jpn-jpn-407,,JPN,48,5.8575,1.0,0.8958333333333334,10.481217114898712,1.0618508496022256,False
jpn-jpn-462,JPN-462,JPN,48,125.01944444444445,0.4375,0.25,292.09175656877756,1.0352551468302047,False
nor-alnes,,NOR,48,12.035833333333333,0.625,0.22916666666666666,131.91913359288958,1.1715704176283552,False
chn-chn-2021,CHN-2021,CHN,48,35.56805555555556,0.7916666666666666,0.2916666666666667,180.80065155359682,1.1021562827953182,False
usa-usa-32,,USA,48,20.555833333333332,0.8541666666666666,0.625,11.74947879565316,1.0254739251094676,False
mys-portdickson,PORT DICKSON,MYS,48,60.050694444444446,0.6041666666666666,0.16666666666666666,165.0266016881015,1.553365424652795,False
ind-alanganchorage,ALANG ANCHORAGE,IND,48,26.09391805555556,0.8125,0.6458333333333334,25.741553933065173,1.0300751431809183,True
nld-nld-502,NLD-502,NLD,48,6.898055555555556,1.0,1.0,14.256336568473914,1.3994536423503838,False
usa-usa-1129,,USA,48,115.80430555555554,0.6875,0.5208333333333334,65.52995810185527,1.0149542796211468,False
jpn-hirao,,JPN,48,22.394444444444446,0.9791666666666666,0.1875,157.84467003506458,1.0680474958813848,False
cpv-salrei,SAL REI,CPV,48,15.745833333333334,0.875,0.5416666666666666,83.50735215973489,1.0274969554682287,False
gbr-ardrossan,ARDROSSAN,GBR,48,24.03138888888889,1.0,1.0,22.976371036688086,1.038110650056604,False
esp-bilbao,BILBAO,ESP,48,37.12930555555555,0.375,0.22916666666666666,528.9113694798857,1.102364348156271,False
rus-kstovo,KSTOVO,RUS,48,16.933055555555555,1.0,0.3333333333333333,163.81790369465625,1.0455852088166493,False
vnm-vnm-24,,VNM,48,186.57944444444445,0.20833333333333334,0.08333333333333333,712.9760231652015,1.5203697282665276,False
bra-santosbasin,SANTOS BASIN,BRA,48,52.72430555555556,0.5416666666666666,0.14583333333333334,775.5882821583962,1.1472085201110502,False
gbr-gbr-395,,GBR,48,60.63847222222222,0.375,0.08333333333333333,353.5331955303591,1.4805663015326946,False
swe-swe-265,SWE-265,SWE,47,70.72944444444444,0.9361702127659575,0.9148936170212766,20.904108126674327,5.1413079587800325,False
nor-skjaerhalden,SKJAERHALDEN,NOR,47,19.44833333333333,1.0,1.0,12.648838924835854,1.0003653331015638,False
esp-esp-284,ESP-284,ESP,47,20.54583333333333,0.40425531914893614,0.2978723404255319,410.00170014234374,1.0456747530960093,False
phl-surigao,,PHL,47,228.86444444444444,0.10638297872340426,0.10638297872340426,1185.8611829251245,1.005242567714948,False
nld-eemshaven,EEMSHAVEN,NLD,47,12.05888888888889,0.574468085106383,0.9574468085106383,21.230801925322467,1.0312169739364025,False
rus-rus-165,,RUS,47,20.84555555555556,0.2978723404255319,0.2978723404255319,411.5849935417412,1.024735976671255,False
slb-slb-3,SLB-3,SLB,47,120.16305555555556,0.851063829787234,0.7659574468085106,7.265892380172107,1.132444880027878,False
grc-grc-379,GRC-379,GRC,47,11.441666666666666,0.1702127659574468,0.06382978723404255,537.5457434875794,1.023301296795828,False
bhr-hidd,HIDD,BHR,47,93.7088888888889,0.3404255319148936,0.5319148936170213,79.02524047794311,1.015133833680232,False
nor-valle,VALLE,NOR,47,7.262222222222222,0.9574468085106383,0.6382978723404256,47.20204637334571,1.0359263202000886,False
nor-finnsnes,FINNSNES,NOR,47,59.85138888888889,0.9787234042553191,0.0851063829787234,229.18270640673924,45.83654128134785,False
kor-samcheonpo,,KOR,47,104.12222222222222,0.0851063829787234,0.0425531914893617,2441.773599434182,1.5727475291177198,False
slb-putagita,,SLB,46,238.34430555555554,1.0,0.9130434782608695,24.01473463053643,3.139509654342775,False
slb-maloku,,SLB,46,87.10458333333332,0.9782608695652174,0.391304347826087,102.17735791560591,1.269371624332833,False
nor-kalvag,,NOR,46,7.078611111111111,0.30434782608695654,0.06521739130434782,561.3080042043014,1.0436883847694163,False
png-portmoresby,PORT MORESBY,PNG,46,60.60388888888889,0.6304347826086957,0.08695652173913043,167.32614598987604,1.0912836822348093,False
usa-usa-319,USA-319,USA,46,21.96763888888889,0.3695652173913043,0.08695652173913043,938.1872941652555,1.009082330896414,False
rus-cherepovets,CHEREPOVETS,RUS,46,7.6802777777777775,1.0,0.2391304347826087,115.73804404394866,1.014677281547177,False
chn-chn-193,CHN-193,CHN,46,8.172222222222222,0.717391304347826,0.043478260869565216,492.9149750313438,1.014441946521801,False
esp-fisterra,FISTERRA,ESP,46,39.761250000000004,0.15217391304347827,0.06521739130434782,739.5095472853911,1.419294957824552,False
mys-tawau,,MYS,46,84.94749999999999,0.17391304347826086,0.17391304347826086,1110.3988741338685,1.075691930232999,False
nga-amenam,AMENAM,NGA,46,11.550277777777778,1.0,1.0,19.066209194188563,1.0322007420625083,False
chn-changshu,CHANGSHU,CHN,46,79.10513888888889,0.6739130434782609,0.3695652173913043,455.7762060564982,1.055117483649357,False
usa-albany,ALBANY,USA,46,65.60916666666667,0.7608695652173914,0.21739130434782608,183.85522346408504,1.1553929255092288,False
nor-vartdal,VARTDAL,NOR,46,15.308055555555555,0.6739130434782609,0.5434782608695652,63.3338618426377,1.0739129247913697,False
irl-cork,CORK,IRL,46,31.589305555555555,0.5,0.10869565217391304,132.7104439697771,1.5953986121244546,False
kor-kor-236,,KOR,46,11.959305555555556,0.8260869565217391,0.8043478260869565,12.151039450047762,1.1561509273788944,False
irn-anzali,ANZALI,IRN,46,124.20736111111111,0.08695652173913043,0.043478260869565216,473.1327649613556,12.315641575820178,False
ind-mumbaihighfield,,IND,46,55.888888888888886,0.9782608695652174,0.5652173913043478,91.81920739380894,1.0923646520688877,False
mex-mex-65,MEX-65,MEX,46,33.01430555555555,0.06521739130434782,0.06521739130434782,778.3134159658375,1.0393904948893922,False
usa-keywest,KEY WEST,USA,46,25.944583333333334,0.8913043478260869,0.0,732.390001337239,1.4780716021311213,False
col-tumacoanchorage,TUMACO ANCHORAGE,COL,46,32.32194444444444,0.0,0.043478260869565216,836.7084520341207,1.3735198117509602,True
hrv-sibenik,SIBENIK,HRV,45,102.18194444444444,0.06666666666666667,0.08888888888888889,507.69946330008395,1.147681586544858,False
jpn-hakatashima,,JPN,45,93.62194444444444,0.7111111111111111,0.5111111111111111,98.95878042796085,1.0011160248399784,False
gbr-peterhead,PETERHEAD,GBR,45,32.583333333333336,0.3111111111111111,0.2222222222222222,400.8329778372277,1.2173532516141865,False
nzl-wellington,WELLINGTON,NZL,45,26.439722222222223,0.8,0.4222222222222222,144.76513782423862,1.0516495863219646,False
chn-xiuyu,XIUYU,CHN,45,71.33944444444444,0.4,0.08888888888888889,816.3744255677759,1.3740796863004408,False
can-can-369,CAN-369,CAN,45,125.595,0.17777777777777778,0.044444444444444446,2370.4745494680005,1.0200568243331773,False
grc-ermoupoli,ERMOUPOLI,GRC,45,216.02416666666667,0.5555555555555556,0.4888888888888889,140.10581682083338,1.0927091304259904,False
jor-aqaba,AQABA,JOR,45,32.507222222222225,0.6,0.6,9.449922739539549,1.0061464663917365,False
jpn-miyako,MIYAKO,JPN,45,81.9975,0.8888888888888888,0.37777777777777777,178.46834461866334,1.0071904766778366,False
rus-rus-163,,RUS,45,17.460555555555555,0.6888888888888889,0.6666666666666666,76.04807905256008,1.0312044946450567,False
usa-usa-1180,,USA,45,6.038611111111111,0.8,0.7333333333333333,35.58127484899549,1.006525766666152,False
swe-swe-441,SWE-441,SWE,45,14.751944444444444,0.8,0.7777777777777778,25.567482112487625,1.0357216959464695,False
grc-corinth,CORINTH,GRC,45,3.0027777777777778,0.7111111111111111,0.6666666666666666,44.24647689673964,1.1014723858309643,False
phl-riotuba,RIO TUBA,PHL,45,204.24444444444444,0.022222222222222223,0.022222222222222223,1603.987219283272,3.008399638372339,False
cub-guantanamo,GUANTANAMO,CUB,45,25.11111111111111,0.0,0.0,713.0304482903356,2.908044315253983,False
sau-marjanfield,,SAU,45,19.739166666666662,0.9111111111111111,0.9555555555555556,4.152070755866689,1.0,False
usa-eureka,EUREKA,USA,45,98.38805555555555,0.2,0.0,4442.445628259175,20.612587151533305,False
gbr-runcorn,RUNCORN,GBR,44,28.10611111111111,1.0,1.0,4.160175765321789,1.3280550670041502,False
bra-bra-162,BRA-162,BRA,44,32.55208333333333,1.0,0.9772727272727273,9.790941616168514,1.002000870044475,False
tur-tur-69,TUR-69,TUR,44,7.308888888888889,0.5909090909090909,0.045454545454545456,141.45398612920928,1.1161454354669758,False
tur-tur-143,TUR-143,TUR,44,29.401249999999997,0.38636363636363635,0.22727272727272727,289.3930178762279,1.1033928790048093,False
rus-rus-5,RUS-5,RUS,44,32.83638888888889,1.0,0.09090909090909091,119.88260872861724,1.0500103471036395,False
usa-charleston,,USA,44,25.45978472222222,0.7045454545454546,0.4090909090909091,307.2473864987901,1.0192032965756237,False
rus-rus-395,,RUS,44,2.8170833333333336,1.0,0.8409090909090909,6.23137892527931,1.0235667277051004,False
idn-idcalabai,,IDN,44,210.15986111111113,0.75,0.045454545454545456,657.4598412447401,1.7236235796153556,False
cod-cod-14,COD-14,COD,44,69.96722222222223,0.09090909090909091,0.20454545454545456,6485.904940383465,1.017339350686471,False
gbr-ellesmere,ELLESMERE,GBR,44,3.7920833333333333,1.0,1.0,12.396466228874191,1.0390025271094296,False
fra-lorient,,FRA,43,96.49777777777778,0.27906976744186046,0.16279069767441862,366.76723115003256,1.2015317779842125,False
swe-swe-356,,SWE,43,12.290277777777778,1.0,1.0,16.624797172855796,1.1100367452009776,False
fji-lautoka,LAUTOKA,FJI,43,36.66916666666667,0.5581395348837209,0.23255813953488372,139.04464466018135,1.074288214066075,False
mex-mex-206,,MEX,43,17.24,0.046511627906976744,0.0,923.900541205669,1.0354108996077593,False
mys-sungaiudang,SUNGAI UDANG,MYS,43,48.439166666666665,0.5348837209302325,0.18604651162790697,133.6488736124919,1.1587077401894248,False
grc-larymna,LARYMNA,GRC,43,63.16222222222222,0.0,0.0,303.37460211544135,2.5635961354153443,False
rus-rus-223,RUS-223,RUS,43,9.435,0.9767441860465116,0.5348837209302325,97.14855953598396,1.0126996479231916,False
rus-bolshoykamen,BOLSHOY KAMEN,RUS,43,104.99638888888887,0.9069767441860465,0.8837209302325582,13.381424136243004,1.1493792686889328,False
bra-bra-158,BRA-158,BRA,43,48.10444444444445,1.0,0.023255813953488372,132.2363847171645,26.4472769434329,False
nor-horten,HORTEN,NOR,43,11.83361111111111,0.7674418604651163,0.6511627906976745,29.428635850395153,1.0195986085291588,False
grc-heraklio,HERAKLIO,GRC,42,25.833750000000002,0.7142857142857143,0.09523809523809523,260.66162854445537,4.720469330096468,False
usa-oswego,OSWEGO,USA,42,26.713749999999997,0.023809523809523808,0.023809523809523808,119.40767157257909,1.0838452427071343,False
jpn-jpn-128,JPN-128,JPN,42,128.13555555555556,0.6428571428571429,0.38095238095238093,153.52794119252064,1.2102694885553953,False
phl-loreto,,PHL,42,257.03791666666666,0.07142857142857142,0.07142857142857142,1133.014664601567,1.0014620853650027,False
lva-skulte,,LVA,42,31.99986111111111,0.0,0.0,295.61884018442504,2.656964156915438,False
dnk-korsor,KORSOR,DNK,42,58.17111111111111,0.16666666666666666,0.3333333333333333,246.6502009886846,1.1881793780760352,False
nor-nor-321,,NOR,42,18.22875,0.14285714285714285,0.42857142857142855,186.18634286742238,1.148178436834825,False
rus-saintpetersburg,,RUS,42,37.57236111111111,0.9523809523809523,0.7619047619047619,7.199990018726212,1.0132895659842927,False
jam-rockypoint,ROCKY POINT,JAM,42,79.58916666666667,0.14285714285714285,0.14285714285714285,1174.8245732951382,1.2172908798002209,False
png-bialla,BIALLA,PNG,42,54.235972222222216,0.38095238095238093,0.35714285714285715,2825.664003567358,1.0363205083165234,False
som-mogadishu,,SOM,42,232.7763888888889,0.9047619047619048,0.09523809523809523,221.50761805660653,1.012112769684848,False
gbr-londonderryanchorage,LONDONDERRY ANCHORAGE,GBR,42,39.41180555555556,1.0,0.9761904761904762,12.94198388778739,1.0309810189544852,True
civ-baobabmarineterminal,BAOBAB MARINE TERMINAL,CIV,42,43.66694444444445,0.09523809523809523,0.14285714285714285,2805.882458939965,1.1511048362690195,False
tto-pointeapierre,POINTE A PIERRE,TTO,42,71.33694444444444,0.8809523809523809,0.8809523809523809,13.86979040235164,1.9105244732520803,False
fra-royan,ROYAN,FRA,42,16.24458333333333,0.30952380952380953,0.11904761904761904,379.93659982004976,1.0345703257673917,False
ita-ita-225,,ITA,42,62.28875,0.9285714285714286,0.9285714285714286,8.952153767319084,1.0358063849363706,False
png-png-24,,PNG,42,144.38625000000002,0.9761904761904762,0.9523809523809523,53.654700200925056,10.730940040185011,False
usa-usa-493,USA-493,USA,41,71.4875,0.36585365853658536,0.17073170731707318,786.6892026128193,1.0828380917132772,False
rus-otradnoye,,RUS,41,30.376944444444444,1.0,0.07317073170731707,119.88260872861724,1.0507139657336957,False
png-png-21,,PNG,41,310.6927777777778,0.926829268292683,0.9024390243902439,76.78702689561563,15.357405379123126,False
dnk-dnk-191,DNK-191,DNK,41,46.9175,0.3170731707317073,0.4146341463414634,351.35055902217283,3.0892886559107553,False
can-can-448,CAN-448,CAN,41,33.58166666666666,0.6097560975609756,0.17073170731707318,824.0676141256387,1.003160542527528,False
fra-boulogne-sur-mer,BOULOGNE-SUR-MER,FRA,41,46.58027777777778,0.04878048780487805,0.17073170731707318,326.4621366236402,1.2551559892597994,False
chn-chn-194,CHN-194,CHN,41,23.343333333333334,1.0,0.3902439024390244,548.3335979287615,1.0211114484430668,False
swe-swe-456,SWE-456,SWE,41,25.70611111111111,0.5365853658536586,0.34146341463414637,197.9560947238762,1.0699036353159983,False
jpn-fukui,,JPN,41,70.25555555555556,0.4634146341463415,0.3170731707317073,417.9734345603438,1.4845146495587878,False
grc-elefsis,,GRC,41,90.49722222222222,0.21951219512195122,0.14634146341463414,501.275090740978,1.9313559095687398,False
can-goosebay,GOOSE BAY,CAN,41,36.47138888888889,0.8536585365853658,0.14634146341463414,317.3375943516018,1.2377432434423992,False
dnk-hundested,HUNDESTED,DNK,41,35.25694444444444,0.14634146341463414,0.12195121951219512,281.8997468395908,1.616967450499845,False
irn-tombak,,IRN,41,20.051944444444445,0.4878048780487805,0.4634146341463415,137.86209113158768,1.0107003958371887,False
pry-pry-18,,PRY,40,7.622916666666667,0.8,0.875,93.12905095056344,1.0087183535352664,False
phl-bolo,BOLO,PHL,40,31.40361111111111,0.05,0.05,1246.9190003829285,1.1519657185325465,False
usa-usa-1949,,USA,40,5.427638888888889,1.0,0.025,152.76905683732667,1.208577973636758,False
tur-poyraz,POYRAZ,TUR,40,21.871944444444445,0.25,0.2,416.35939716822895,1.046905271489208,False
nld-terschelling,TERSCHELLING,NLD,40,20.583194444444445,1.0,1.0,12.920955491180804,2.5841910982361607,False
prk-nampo,,PRK,40,11.078333333333333,0.6,0.475,124.83022336884946,1.4746040479113962,False
ukr-yalta,YALTA,UKR,40,28.423333333333332,0.05,0.0,279.58565446042815,1.022022380887654,False
bel-oostende,OOSTENDE,BEL,40,17.8925,0.3,0.525,77.80581171070133,1.1580905988512862,False
mtq-fortdefrance,FORT DE FRANCE,MTQ,40,13.90625,0.0,0.075,587.3090992661262,1.092833520658775,False
tha-sriracha,,THA,40,39.69875,0.875,0.875,31.104290406456585,1.018678140480574,False
mex-santarosalia,SANTA ROSALIA,MEX,40,33.61097222222222,0.85,0.325,662.4019759858841,1.428634811868239,False
usa-edmondsyachtclub,EDMONDS YACHT CLUB,USA,39,26.710833333333333,0.7435897435897436,0.6666666666666666,43.3990777857139,1.066363129776113,False
chn-chn-395,CHN-395,CHN,39,89.68722222222222,0.8717948717948718,0.5641025641025641,88.07678787548458,1.0621874842132626,False
nga-nga-79,NGA-79,NGA,39,56.200833333333335,0.2564102564102564,0.20512820512820512,2190.8469334716137,1.0952050193512195,False
nor-stord,STORD,NOR,39,7.112222222222222,0.8461538461538461,0.28205128205128205,200.59529935702454,1.0086386456106888,False
esp-vilanova,VILANOVA,ESP,39,30.13083333333333,0.5641025641025641,0.23076923076923078,364.56823821193876,1.2032889804726377,False
can-lewisporte,LEWISPORTE,CAN,39,36.723333333333336,0.9487179487179487,0.2564102564102564,317.3375943516018,1.0009877359434238,False
chn-chn-208,CHN-208,CHN,39,29.42,0.9743589743589743,0.0,491.1941080516852,1.3926116382161309,False
grc-stnicolas,,GRC,39,62.74888888888889,0.02564102564102564,0.02564102564102564,610.9031700919385,2.1824740046120805,False
rus-rus-212,RUS-212,RUS,39,11.670833333333333,1.0,0.1282051282051282,209.80436077498763,1.000668587923004,False
usa-usa-1826,,USA,39,149.62277777777777,0.0,0.0,3572.1539632250033,15.083607031287547,False
rus-rus-414,RUS-414,RUS,39,144.66333333333333,1.0,0.5128205128205128,11.180859482693112,1.0328950900559397,False
rus-rus-209,RUS-209,RUS,39,9.349444444444444,0.9487179487179487,0.2564102564102564,190.86703803006654,1.2428377370402106,False
irn-sirri,SIRRI,IRN,39,30.73555555555556,0.5897435897435898,0.46153846153846156,114.28489302639665,1.2022068454275807,False
swe-swe-392,SWE-392,SWE,39,23.29222222222222,0.48717948717948717,0.3076923076923077,228.7815939419577,1.3539931942556263,False
gbr-gbr-476,GBR-476,GBR,39,37.48888888888889,0.20512820512820512,0.10256410256410256,429.69309004399435,2.5004640418424486,False
idn-lubukgaung,,IDN,39,49.11805555555556,0.15384615384615385,0.1794871794871795,182.3708592035263,1.0924392074461706,False
chn-dandong,DANDONG,CHN,38,77.61215,0.47368421052631576,0.02631578947368421,361.02064022533443,1.5048006758953412,False
can-summerside,SUMMERSIDE,CAN,38,112.35819444444445,0.7894736842105263,0.0,358.4741040891282,1.039909230138956,False
jpn-marugame,MARUGAME,JPN,38,217.28055555555557,0.5789473684210527,0.42105263157894735,179.44982177314026,1.0038682772332284,False
swe-swe-431,,SWE,38,13.839166666666666,0.9210526315789473,0.8947368421052632,10.215284049952455,1.0362862115490565,False
phl-pulupandan,PULUPANDAN,PHL,38,81.56333333333333,0.39473684210526316,0.21052631578947367,569.5315236126023,1.188721763478831,False
hti-miragoane,MIRAGOANE,HTI,38,39.405,0.02631578947368421,0.02631578947368421,601.1031128297168,1.242191566954427,False
nor-nor-853,,NOR,38,6.565,0.868421052631579,0.5789473684210527,94.09086152017036,1.017667047410471,False
idn-idn-416,IDN-416,IDN,38,257.95736111111114,0.07894736842105263,0.07894736842105263,1865.0808574449834,4.933375243768397,False
nor-sveggen,,NOR,38,4.028333333333333,0.8421052631578947,0.7894736842105263,59.10898275885619,1.0132568929537564,False
idn-gilimanuk,GILIMANUK,IDN,38,66.86527777777778,1.0,0.13157894736842105,319.32530973973644,1.2267810846350522,False
rus-temryuk,,RUS,38,87.31291666666667,0.5,0.7631578947368421,32.07787087346485,1.106323851340774,False
usa-ogdensburg,OGDENSBURG,USA,38,53.67750000000001,0.02631578947368421,0.13157894736842105,185.3409082635398,1.0000083045923036,False
moz-quelimane,QUELIMANE,MOZ,38,47.79041666666667,0.7368421052631579,0.0,361.2617628610912,3.9139450453073734,False
esp-arinaga,,ESP,38,45.762361111111105,0.5526315789473685,0.42105263157894735,646.8172819595504,1.0872079757296222,False
swe-swe-353,SWE-353,SWE,38,51.35722222222222,0.3157894736842105,0.23684210526315788,277.00083367177865,1.067900470259525,False
cub-puertopadre,PUERTO PADRE,CUB,38,109.75458333333333,0.5263157894736842,0.05263157894736842,298.73630789838006,1.2732934895625654,False
chn-jinghai,JINGHAI,CHN,38,99.44598333333334,0.7631578947368421,0.10526315789473684,960.9060403766996,9.798676864805042,False
kna-charlestownanchorage,CHARLESTOWN ANCHORAGE,KNA,38,22.882222222222225,0.5263157894736842,0.868421052631579,11.262386407743477,1.1587821235128648,True
chn-yizheng,YIZHENG,CHN,38,83.35041666666666,0.9210526315789473,0.6052631578947368,59.616750925323274,1.5459012187505348,False
aus-dao,,AUS,37,61.72027777777778,1.0,1.0,19.020860879441656,1.0520470809807572,False
per-salaverry,SALAVERRY,PER,37,54.81194444444444,0.7027027027027027,0.05405405405405406,250.3731058584761,1.0058299738562713,False
chn-chn-114,CHN-114,CHN,37,18.39421388888889,0.8108108108108109,0.5405405405405406,67.88944929693331,1.018801848512958,False
swe-swe-360,SWE-360,SWE,37,82.33444444444444,0.2702702702702703,0.08108108108108109,384.8924515234085,1.7118087220258218,False
vgb-cooperisland,,VGB,37,25.345277777777778,0.02702702702702703,0.35135135135135137,165.19110138974926,1.1088986916520864,False
rus-rus-298,,RUS,37,5.953888888888889,0.4594594594594595,0.40540540540540543,459.55926496672924,1.0062757110992717,False
alb-durres,DURRES,ALB,37,33.65,0.05405405405405406,0.05405405405405406,279.0465655313324,1.6064052310319794,False
png-png-42,PNG-42,PNG,37,145.38222222222225,1.0,1.0,44.08358789416261,8.816717578832522,False
kor-boryeong,,KOR,37,48.99089722222222,0.21621621621621623,0.16216216216216217,2353.4742413454155,1.6554847840585107,False
chn-chn-1525,CHN-1525,CHN,37,59.75759722222222,0.5945945945945946,0.13513513513513514,809.6285676346598,1.0521029631214351,False
rus-zavolzhye,ZAVOLZHYE,RUS,37,17.744722222222222,1.0,0.2972972972972973,180.16080864717566,1.0062074744319622,False
rus-rus-45,RUS-45,RUS,37,29.23305555555556,0.972972972972973,0.5675675675675675,81.28248342865946,1.0091684535236227,False
pry-pry-30,,PRY,37,4.228055555555556,1.0,1.0,80.88720504202861,1.0019601111541656,False
grc-yali,,GRC,37,46.74138888888889,0.21621621621621623,0.2972972972972973,443.2545328961966,1.1095494689282082,False
irl-killybegs,KILLYBEGS,IRL,37,79.99916666666667,0.13513513513513514,0.08108108108108109,958.4199400260571,1.2280663762085198,False
ita-portotorres,PORTO TORRES,ITA,37,35.526944444444446,0.5945945945945946,0.02702702702702703,354.1588115841264,1.804855022560356,False
can-baybulls,,CAN,37,73.45277777777778,0.24324324324324326,0.13513513513513514,2106.260406752275,1.0163038480566793,False
kor-pyeongtaek,PYEONGTAEK,KOR,37,25.091666666666665,0.40540540540540543,0.1891891891891892,253.54057607944713,1.2021934564399606,False
nic-puertosandino,PUERTO SANDINO,NIC,37,111.99861111111112,0.02702702702702703,0.08108108108108109,475.9448176748436,1.0201614664785164,False
usa-usa-1586,,USA,37,34.15472222222222,0.8648648648648649,0.6486486486486487,48.17140074432328,1.0883870574848569,False
idn-tanjungbalaikarimun,TANJUNG BALAI KARIMUN,IDN,37,18.011666666666667,0.918918918918919,0.35135135135135137,216.81808007122842,1.0686330580702024,False
swe-falkenberg,FALKENBERG,SWE,37,48.93305555555556,0.2972972972972973,0.40540540540540543,318.0105854668995,1.1179930468053467,False
usa-porthueneme,PORT HUENEME,USA,36,35.758356944444444,0.3888888888888889,0.16666666666666666,1201.6121733341708,1.1180838674103741,False
gbr-thames,THAMES,GBR,36,22.766944444444444,0.05555555555555555,0.08333333333333333,2113.2266756182344,4.2925933117809425,False
phl-tabaco,TABACO,PHL,36,156.63819444444442,0.1388888888888889,0.08333333333333333,1001.9383201907433,1.1618389824377298,False
egy-abughusun,ABU GHUSUN,EGY,36,123.9426388888889,0.19444444444444445,0.027777777777777776,1990.9086015741955,1.1521485546210446,False
are-jebeldhanna,JEBEL DHANNA,ARE,36,25.546805555555558,0.3888888888888889,0.3055555555555556,214.32605158783656,1.135898811902322,False
usa-monroe,MONROE,USA,36,27.18111111111111,0.6666666666666666,0.2777777777777778,234.98337900128718,1.5104942625330386,False
rus-zarubino,ZARUBINO,RUS,36,156.72819444444445,0.1388888888888889,0.1111111111111111,466.1017049649014,1.1957827349780454,False
chn-chn-1235,CHN-1235,CHN,36,11.557500000000001,1.0,0.027777777777777776,694.2784731457748,1.0326259856485063,False
chn-chn-1274,CHN-1274,CHN,36,19.098194444444445,1.0,0.7222222222222222,17.490861736628794,1.012993639132692,False
usa-calumetharbor,CALUMET HARBOR,USA,36,75.84444444444443,0.8888888888888888,0.2222222222222222,317.6289192123734,1.991443032703513,False
est-sillamae,SILLAMAE,EST,35,23.68694444444445,0.2,0.6,66.07805963940993,3.1806386573798244,False
gab-oguendjoterminal,OGUENDJO TERMINAL,GAB,35,52.859722222222224,0.0,0.0,5686.847990703147,1.082266779578323,False
tza-daressalaam,,TZA,35,262.0963888888889,0.0,0.0,2166.425181046316,3.379779659335785,False
jpn-ryotsu,RYOTSU,JPN,35,35.58833333333333,0.8285714285714286,0.4,124.41148576571096,1.0224508795696774,False
chn-chn-1033,CHN-1033,CHN,35,56.583888888888886,0.8857142857142857,0.2857142857142857,109.67133110065933,1.1968898140951492,False
nld-denhelder,DEN HELDER,NLD,35,36.50277777777778,0.42857142857142855,0.4857142857142857,112.83397958454724,1.0567471888658886,False
bra-belem,BELEM,BRA,35,63.04638888888889,0.9142857142857143,0.05714285714285714,694.8399126717082,1.8272566411021316,False
nor-levanger,LEVANGER,NOR,35,22.573888888888888,0.5142857142857142,0.05714285714285714,313.74825408066425,2.0400063416213725,False
ago-portodoambriz,PORTO DO AMBRIZ,AGO,35,74.09583333333333,0.4857142857142857,0.3142857142857143,818.8816393081704,1.0790760712651408,False
cub-guayabal,GUAYABAL,CUB,35,50.14888888888889,0.8571428571428571,0.0,182.94978603419807,1.1074047981807986,False
mdv-thilafushi,THILAFUSHI,MDV,35,87.79722222222222,0.05714285714285714,0.05714285714285714,1203.8010914615493,1.1589639844738058,False
rus-tiksi,TIKSI,RUS,35,64.90222222222222,1.0,0.2857142857142857,1393.803083342115,2.3678483665451755,False
idn-teluksemangkaanchorage,TELUK SEMANGKA ANCHORAGE,IDN,35,45.79277777777778,0.8285714285714286,0.22857142857142856,141.91757538136403,17.281317608569083,True
phl-berong,,PHL,35,251.29439166666668,0.08571428571428572,0.05714285714285714,1514.0907013664682,2.7036328336018536,False
fra-fra-421,FRA-421,FRA,35,27.61805555555556,0.5428571428571428,0.3142857142857143,157.12095428184426,1.1521124102919196,False
rus-rus-203,,RUS,35,13.39861111111111,0.4857142857142857,0.45714285714285713,202.51484073624275,1.02094931686152,False
irn-irn-83,IRN-83,IRN,35,75.52527777777777,0.7714285714285715,0.6857142857142857,13.695582411341377,1.014908838766845,False
ncl-ncl-21,,NCL,35,222.34583333333333,0.0,0.0,4068.2845773456174,24.019955626874165,False
swe-bietnam,BIETNAM,SWE,35,14.762222222222222,0.9428571428571428,0.9428571428571428,25.659830917012762,1.0602979074387278,False
grc-grc-323,GRC-323,GRC,35,78.49972222222222,0.05714285714285714,0.22857142857142856,200.34684904878517,1.2782999956304053,False
tur-tasucu,TASUCU,TUR,35,53.034444444444446,0.5142857142857142,0.17142857142857143,352.2736201017428,1.2376271239917394,False
idn-cirebon,CIREBON,IDN,34,94.76138888888889,1.0,0.029411764705882353,206.80357113774954,32.410577185736315,False
ukr-ukr-83,,UKR,34,3.179861111111111,0.7058823529411765,0.7058823529411765,28.291283150480595,1.0198676916237384,False
sjm-longyearbyen,LONGYEARBYEN,SJM,34,67.63833333333334,0.029411764705882353,0.029411764705882353,1596.3146992469456,5.3938583534825995,False
chn-chn-2411,CHN-2411,CHN,34,141.79847222222222,0.3235294117647059,0.17647058823529413,1221.8642044670564,1.1370754036768425,False
jpn-tokushima,TOKUSHIMA,JPN,34,6.203055555555556,1.0,0.9411764705882353,32.39266647406745,1.7016761244096068,False
vgb-peterisland,,VGB,34,25.506527777777777,0.0,0.4117647058823529,103.5475234145734,1.6270822674294534,False
nor-nor-854,,NOR,34,6.138055555555555,1.0,0.7941176470588235,25.537235537752025,1.021602809606265,False
can-cashelcove,CASHEL COVE,CAN,34,149.74527777777777,0.14705882352941177,0.08823529411764706,2120.1625376346187,1.0671716008595749,False
chn-weitou,WEITOU,CHN,34,13.045195833333334,0.5882352941176471,0.35294117647058826,610.9204077956354,1.0436360777871239,False
chn-chn-164,CHN-164,CHN,34,48.879999999999995,0.5588235294117647,0.20588235294117646,341.6451157508319,1.0387041933070595,False
nor-nor-722,NOR-722,NOR,34,18.70861111111111,0.08823529411764706,0.08823529411764706,348.5978399297662,2.2060948495550776,False
nld-kornwerderzand,,NLD,34,18.693055555555556,1.0,1.0,7.03541504351462,1.0137896667732886,False
rus-balakhna,BALAKHNA,RUS,34,18.24402777777778,1.0,0.3235294117647059,179.4124547946255,1.0039366339683333,False
ukr-dneprobugskiy,,UKR,34,65.67194444444445,1.0,1.0,8.688562386799088,1.0257674329291757,False
rus-rus-409,RUS-409,RUS,34,22.28430555555556,1.0,0.9117647058823529,2.0870607303462827,1.0,False
swe-ronnskar,RONNSKAR,SWE,34,32.67666666666666,0.38235294117647056,0.23529411764705882,262.1680000810707,2.3971544074166387,False
kor-samcheok,SAMCHEOK,KOR,34,92.68416666666666,0.4411764705882353,0.29411764705882354,630.6254618002473,1.0000087251006393,False
mus-mus-9,,MUS,34,50.44708333333334,0.0,0.0,2105.9198557534464,5.382794607005236,False
kor-kor-42,,KOR,34,20.935555555555553,1.0,0.9705882352941176,0.7800072485207733,1.0005567767245154,False
gbr-brixham,BRIXHAM,GBR,34,48.36888888888889,0.20588235294117646,0.14705882352941177,681.8825777153357,1.0741496400711448,False
nor-nor-772,NOR-772,NOR,34,17.948611111111113,0.9117647058823529,0.8235294117647058,73.88731147308278,1.0671862630779931,False
isr-isr-19,ISR-19,ISR,34,23.330277777777777,0.14705882352941177,0.14705882352941177,286.6068223536579,1.1022020989843515,False
grc-grc-85,GRC-85,GRC,34,25.08736111111111,0.7647058823529411,0.38235294117647056,168.9748849179262,1.3204000703969678,False
jpn-nagoya,NAGOYA,JPN,33,14.0225,0.8484848484848485,0.3333333333333333,147.0353251002508,1.0069774920263264,False
nor-karsto,KARSTO,NOR,33,33.33444444444444,0.696969696969697,0.6363636363636364,18.492723335980887,1.0565958923853436,False
rus-nikolayevsknaamur,NIKOLAYEVSK NA AMUR,RUS,33,8.874444444444444,1.0,0.30303030303030304,238.57271830403852,1.0089493928029762,False
rus-portdikson,PORT DIKSON,RUS,33,33.430277777777775,1.0,0.18181818181818182,917.0661324336613,3.5156999331133236,False
lka-galle,GALLE,LKA,33,64.82666666666667,0.6060606060606061,0.5757575757575758,65.73349611851961,1.1005673796086564,False
chn-tongling,TONGLING,CHN,33,55.25138888888889,0.9696969696969697,0.09090909090909091,243.49638304204916,1.0116957326400318,False
isl-bildudalur,BILDUDALUR,ISL,33,8.624166666666667,1.0,0.9090909090909091,98.35549530866383,19.671099061732768,False
fro-fro-15,FRO-15,FRO,33,26.44472222222222,0.24242424242424243,0.24242424242424243,556.9067532473758,1.2472333551194175,False
gbr-gbr-450,GBR-450,GBR,33,24.499166666666667,0.42424242424242425,0.15151515151515152,347.8328283418157,33.904278882499405,False
rus-rus-53,RUS-53,RUS,33,25.721944444444443,1.0,0.7575757575757576,56.372430202501484,1.014256822660612,False
ita-trapani,,ITA,33,12.648055555555556,0.8484848484848485,0.21212121212121213,169.54818527106082,1.0586754024602258,False
phl-masbate,MASBATE,PHL,33,24.39444444444445,1.0,0.030303030303030304,171.7797792168462,1.1242849032181585,False
phl-navotas,NAVOTAS,PHL,33,52.45722222222222,0.7575757575757576,0.6363636363636364,55.060706285210905,1.086160210157761,False
rus-syzran,,RUS,33,27.781111111111112,1.0,0.36363636363636365,289.06414095453937,2.5301385848582267,False
egy-rasabuzanimah,RAS ABU ZANIMAH,EGY,33,159.17388888888888,0.5757575757575758,0.5757575757575758,52.86045706094669,1.0153859827652587,False
bra-trombetas,TROMBETAS,BRA,33,42.78305555555556,0.8484848484848485,0.0,472.10606033020787,32.5296901845156,False
fra-fra-381,FRA-381,FRA,33,87.54916666666666,0.18181818181818182,0.12121212121212122,380.1336280735067,1.3207796600927886,False
tur-diliskelesi,DILISKELESI,TUR,33,31.18888888888889,0.696969696969697,0.6363636363636364,13.626373965180896,1.0457822373090366,False
mys-mys-126,MYS-126,MYS,33,85.29416666666667,0.48484848484848486,0.12121212121212122,195.75796831118853,1.069201824270921,False
grc-santorini,SANTORINI,GRC,32,18.219134722222222,0.96875,0.875,84.0391581976634,1.4140140446212717,False
ukr-ukr-67,UKR-67,UKR,32,41.617916666666666,0.0625,0.25,250.0545918873413,1.044417008093606,False
ita-ita-331,ITA-331,ITA,32,17.312361111111112,0.5625,0.4375,245.64607219132012,1.0096449306347304,False
esp-garrucha,,ESP,32,42.733333333333334,0.84375,0.59375,0.5312434045078915,1.0022220988926558,False
chn-chn-1900,CHN-1900,CHN,32,41.472790277777776,1.0,0.0625,288.1870133600951,1.3917715274709117,False
usa-newbedford,NEW BEDFORD,USA,32,116.21569444444444,0.34375,0.03125,2843.2992479591794,1.2023551053051347,False
rus-amgu,AMGU,RUS,32,114.50847222222222,1.0,0.875,88.19982768068616,1.0662690748012298,False
aus-varanus,,AUS,32,28.34916666666667,0.4375,0.1875,1526.7443946429612,1.0305712769712043,False
dnk-aalborg,AALBORG,DNK,32,32.29222222222222,0.5625,0.5625,68.39589490514776,1.0545078145524172,False
tur-igneada,IGNEADA,TUR,32,59.18194444444445,0.46875,0.4375,155.08744639786718,1.170840361138405,False
idn-idn-400,IDN-400,IDN,32,17.85138888888889,1.0,0.0,238.23411834151858,1.173248306566427,False
tur-kartal,KARTAL,TUR,32,77.12180555555555,0.53125,0.4375,238.3369397847183,1.0477072577597377,False
rus-rus-131,,RUS,32,48.382083333333334,1.0,0.21875,289.06414095453937,5.040798218603498,False
phl-phriotuba,,PHL,32,233.75416666666666,0.0625,0.0,1093.1515406645044,2.237603511361228,False
vgb-virgingorda,,VGB,32,24.687777777777775,0.03125,0.5625,96.9365454380084,1.9760255627069707,False
blz-belizecity,BELIZE CITY,BLZ,32,37.9275,0.03125,0.25,653.5428954729383,4.872046618102525,False
fro-strendur,STRENDUR,FRO,32,7.684166666666666,0.1875,0.1875,429.7845632028521,1.004339133034104,False
gab-m'byaoilterminal,M'BYA OIL TERMINAL,GAB,32,28.969166666666666,0.59375,0.4375,190.34857192841045,1.0403908434399118,False
chn-chn-1569,CHN-1569,CHN,32,12.368333333333334,0.96875,0.6875,50.11567800826906,1.0318804943769595,False
grc-kos,KOS,GRC,32,36.619444444444454,0.375,0.3125,354.5015806868339,1.0643465554115044,False
kor-pohang,POHANG,KOR,32,91.72069444444443,0.25,0.09375,882.9965952206128,1.2867397057588366,False
sjm-sjm-12,SJM-12,SJM,31,37.26722222222222,0.8387096774193549,0.7419354838709677,5.914133563105727,1.0000015647773477,False
nga-nga-25,NGA-25,NGA,31,3.1261111111111117,1.0,1.0,19.066209194188563,1.047866111161418,False
aus-gove,GOVE,AUS,31,102.90944444444445,0.3548387096774194,0.03225806451612903,2862.408770554645,13.57817135172987,False
nga-nga-57,NGA-57,NGA,31,19.25333333333333,0.5806451612903226,0.5806451612903226,0.0,1.0,False
guy-guy-1,,GUY,31,25.92111111111111,1.0,1.0,50.152988315965395,1.051808997733969,False
msr-littlebay,LITTLE BAY,MSR,31,19.7375,0.0,0.7096774193548387,91.82398928297935,1.88169405923247,False
arg-sansebastian,,ARG,31,28.61722222222222,0.3548387096774194,0.12903225806451613,1607.5493086965039,1.053380995367938,False
lby-khoms,,LBY,31,103.86194444444445,0.41935483870967744,0.1935483870967742,303.2115141381379,1.1388554666758344,False
bra-bra-277,BRA-277,BRA,31,46.500277777777775,0.967741935483871,0.1935483870967742,313.45460494255417,1.0737639785764017,False
grc-missolonghi,MISSOLONGHI,GRC,31,53.60861111111111,0.12903225806451613,0.03225806451612903,343.51694470461854,1.0900541581364258,False
rus-rus-410,RUS-410,RUS,31,132.90333333333334,1.0,0.5806451612903226,9.408453776801476,1.0179378623268867,False
dnk-hirtshals,HIRTSHALS,DNK,31,15.056944444444444,0.22580645161290322,0.25806451612903225,401.50106751545843,1.0407962463440104,False
chl-chl-44,CHL-44,CHL,31,18.80527777777778,0.7741935483870968,0.03225806451612903,485.6194985196351,1.0156895920042777,False
usa-cheboygan,CHEBOYGAN,USA,31,24.06194444444445,0.12903225806451613,0.0,182.5244140244851,1.6542627626583803,False
jpn-fukuyama,FUKUYAMA,JPN,31,58.99638888888889,0.6129032258064516,0.5806451612903226,70.8481894574139,1.010246586206277,False
grl-tasiilaq,TASIILAQ,GRL,31,13.897222222222222,0.45161290322580644,0.0967741935483871,407.349256750463,1.7653156383557962,False
gbr-gbr-400,,GBR,31,33.019444444444446,0.22580645161290322,0.12903225806451613,181.16066439192062,1.1504699971526908,False
bra-bra-241,BRA-241,BRA,31,29.204444444444444,0.9354838709677419,0.0967741935483871,560.3681791279531,1.5083145486549236,False
jpn-abashiri,ABASHIRI,JPN,31,76.9713888888889,0.3225806451612903,0.0,814.9079636208781,1.3220451916089866,False
isr-hadera,HADERA,ISR,31,24.789166666666667,0.7741935483870968,0.7741935483870968,1.1077325003245773,1.0,False
ita-ita-342,,ITA,31,22.795,0.5161290322580645,0.22580645161290322,538.1950056126369,1.0353118351592334,False
nor-nor-810,,NOR,30,82.61166666666668,0.3333333333333333,0.3,956.2934757427,2.116690029252573,False
idn-idn-496,,IDN,30,30.32541666666667,0.8666666666666667,0.03333333333333333,378.62405962337664,1.9514178266702271,False
chn-shipu,SHIPU,CHN,30,14.237222222222222,0.8333333333333334,0.3,562.5196644587634,1.012939930638111,False
slb-slb-13,,SLB,30,124.00777777777778,0.9666666666666667,0.7,80.01128057298747,15.741568621112316,False
chn-chn-1821,CHN-1821,CHN,30,33.164027777777775,0.8333333333333334,0.5333333333333333,68.9977858238123,1.1536013472509017,False
jpn-onahama,,JPN,30,43.43,0.8666666666666667,0.7,32.920227641125265,1.0421825376978564,False
pri-guayanilla,GUAYANILLA,PRI,30,51.19125,0.43333333333333335,0.43333333333333335,116.50052551789415,1.0243018948946219,False
mlt-mlt-20,MLT-20,MLT,30,76.85013888888889,0.9333333333333333,0.9333333333333333,7.371989321255179,1.1025049594691296,False
mrt-nouadhibou,NOUADHIBOU,MRT,30,81.54375,0.2,0.13333333333333333,667.9469118729758,1.0383773213691327,False
eri-eri-3,ERI-3,ERI,30,95.44680555555556,0.13333333333333333,0.1,907.8968765892473,1.7458037755387823,False
usa-usa-1675,,USA,30,24.713611111111113,0.8333333333333334,0.5666666666666667,6.092703728937067,1.0185307481431782,False
chn-yangzhou,YANGZHOU,CHN,30,122.13486111111112,0.7,0.5666666666666667,79.37050938889338,1.015388137518403,False
irn-irn-42,,IRN,30,82.50291666666666,0.1,0.06666666666666667,175.2359214635522,1.9115723223579382,False
usa-reserve,RESERVE,USA,30,75.83805555555556,0.7666666666666667,0.6333333333333333,70.23179652354858,1.0494760719780345,False
fra-ilesdufrioul,ILES DU FRIOUL,FRA,30,30.875,0.2,0.2,383.2036695549052,1.0683162764682403,False
dnk-randers,RANDERS,DNK,30,22.99597222222222,0.13333333333333333,0.13333333333333333,244.87712591778933,1.0354166122722679,False
are-mugharragport,MUGHARRAG PORT,ARE,30,51.46597222222222,0.4666666666666667,0.0,191.25932566623902,1.2500337357435654,False
mdv-kulhudhuffushi,KULHUDHUFFUSHI,MDV,30,22.691944444444445,0.4,0.16666666666666666,268.5273367342623,1.094392581114107,False
nor-monstad,MONSTAD,NOR,30,60.91666666666667,0.16666666666666666,0.1,511.80178892001373,1.766263874499304,False
ita-manfredonia,MANFREDONIA,ITA,30,106.79472222222222,0.43333333333333335,0.13333333333333333,284.55727452509393,1.2981921291664564,False
can-saintanthony,,CAN,30,9.989166666666668,0.1,0.06666666666666667,1299.8041133674114,1.065787697077805,False
glp-saint-louis,,GLP,30,17.00875,0.7666666666666667,0.13333333333333333,146.97121156716372,1.2596637648553277,False
usa-usa-1178,USA-1178,USA,30,45.87638888888888,0.9666666666666667,0.9666666666666667,28.108561304186793,1.1538380004956932,False
jpn-nakagususku,,JPN,30,70.92736111111111,0.06666666666666667,0.03333333333333333,547.2426485123852,1.072205533439688,False
fra-saintjeancapferrat,SAINTJEAN CAP FERRAT,FRA,30,24.402083333333334,0.03333333333333333,0.06666666666666667,415.0304195046254,1.1560710763160402,False
sjm-sjm-15,SJM-15,SJM,29,34.20805555555555,0.8620689655172413,0.7241379310344828,5.914133563105727,1.0,False
fin-fin-na,FIN-NA,FIN,29,17.706944444444446,0.06896551724137931,1.0,81.66222386490604,1.3501662195367723,False
usa-venice,,USA,29,8.228055555555555,0.3448275862068966,0.13793103448275862,811.7729829238481,1.0111745059812562,False
grc-soudaanchorage,SOUDA ANCHORAGE,GRC,29,34.73555555555556,0.3103448275862069,0.13793103448275862,445.66777786006384,1.5806945933264074,True
tto-tto-11,TTO-11,TTO,29,25.95138888888889,0.0,0.0,314.4018077369712,1.093443398946165,False
jpn-soma,SOMA,JPN,29,104.0,0.5862068965517241,0.0,503.5325823459782,1.1784902171110536,False
usa-usa-1503,USA-1503,USA,29,63.43805555555556,1.0,1.0,23.987932557751744,1.0074439595264604,False
deu-deu-519,DEU-519,DEU,29,29.41777777777778,0.13793103448275862,0.27586206896551724,177.32969699920037,3.593383433825003,False
aus-esperance,ESPERANCE,AUS,29,69.9588888888889,0.41379310344827586,0.0,2337.401451708514,1.1095845654934502,False
jpn-monbetsu,MONBETSU,JPN,29,77.22083333333333,0.6551724137931034,0.0,564.8650157228781,1.567892347370436,False
swe-ljusne,LJUSNE,SWE,29,56.19361111111111,0.3793103448275862,0.06896551724137931,289.14120608217274,1.2444690674865833,False
jpn-ikedaanchorage,,JPN,29,48.25611111111111,0.5517241379310345,0.41379310344827586,176.05939012823953,1.0090126052558843,False
gab-portgentil,PORT GENTIL,GAB,29,67.01575555555556,0.41379310344827586,0.41379310344827586,270.67561901145325,1.1035224940805661,False
ind-ind-10,,IND,29,8.599722222222223,0.5517241379310345,0.3448275862068966,263.1418566209454,1.005058863117172,False
usa-usa-944,USA-944,USA,29,14.2675,0.8275862068965517,0.27586206896551724,199.60694692807922,1.4264057007399937,False
gbr-harwich,,GBR,29,51.83638888888889,0.1724137931034483,0.3103448275862069,302.8536298778653,1.1605957221636396,False
nor-korshamn,KORSHAMN,NOR,29,41.86179166666667,0.0,0.0,249.2072549968788,49.58974654118417,False
kaz-bautino,,KAZ,29,162.24666666666667,0.1724137931034483,0.10344827586206896,109.28058752187135,2.6842454906760995,False
nor-nor-536,,NOR,29,7.969444444444444,0.9655172413793104,0.6896551724137931,46.42372373180181,1.0134130353942277,False
slb-slb-10,,SLB,29,71.05944444444444,0.9655172413793104,0.8275862068965517,46.01400902479822,9.194860037572514,False
ita-ita-343,,ITA,29,19.28472222222222,0.3103448275862069,0.06896551724137931,616.6096174093212,1.2755582229871223,False
usa-usa-825,,USA,29,26.99194444444445,0.13793103448275862,0.0,700.4699287581183,1.1790851402752325,False
esp-campamento,CAMPAMENTO,ESP,29,47.547777777777775,0.4482758620689655,0.4827586206896552,228.95343608085633,1.0251832306849529,False
ind-ind-54,,IND,28,17.996666666666666,0.9642857142857143,0.9642857142857143,0.22573136611999672,1.0,False
ven-puertomiranda,,VEN,28,156.59472222222223,0.4642857142857143,0.32142857142857145,178.18954712781192,1.1160145465215696,False
mex-mex-156,,MEX,28,43.215833333333336,0.9642857142857143,0.03571428571428571,302.0055091423165,50.0,False
ind-ind-212,,IND,28,42.78111111111111,0.10714285714285714,0.0,1302.9230170697333,46.12505911486835,False
gbr-tilbury,TILBURY,GBR,28,31.219166666666666,0.14285714285714285,0.10714285714285714,552.6374903616681,1.5340667179054392,False
hrv-bakar,BAKAR,HRV,28,100.02375,0.14285714285714285,0.14285714285714285,559.7966663275259,2.6385144002695977,False
chn-taohua,TAOHUA,CHN,28,50.15402777777778,0.6785714285714286,0.2857142857142857,531.7856723040379,1.0782755304993883,False
prt-figueiradafoz,FIGUEIRA DA FOZ,PRT,28,56.336111111111116,0.21428571428571427,0.14285714285714285,413.0155143936143,1.1606628839157422,False
gbr-glasgow,GLASGOW,GBR,28,25.41638888888889,0.8928571428571429,0.8928571428571429,8.663967584094063,1.0975501914752765,False
grc-kastellorizo,KASTELLORIZO,GRC,28,12.919722222222221,0.14285714285714285,0.10714285714285714,357.9593066506735,1.0334508099796267,False
jpn-mikawa,,JPN,28,6.029861111111111,0.8928571428571429,0.7857142857142857,18.93864487765311,1.0946872073832514,False
rus-rus-444,,RUS,27,7.917222222222223,0.9629629629629629,0.3333333333333333,179.64793766515734,1.0041683090905635,False
rus-cherepovetsanchorage,,RUS,27,9.958333333333334,1.0,0.2222222222222222,115.17911945576917,1.026784944496244,False
tur-fenerbahce,FENERBAHCE,TUR,27,17.04861111111111,0.6666666666666666,0.6296296296296297,37.742776546305805,1.008683237656196,False
nor-batsfjord,BATSFJORD,NOR,27,7.391111111111111,0.8518518518518519,0.25925925925925924,121.89809994307966,1.2591721722230917,False
usa-usa-1360,,USA,27,15.383333333333333,0.8518518518518519,0.2962962962962963,543.2818589382457,1.0521647351551529,False
mex-mex-142,,MEX,27,27.969166666666663,1.0,0.9259259259259259,71.02687704776991,13.523797070290811,False
phl-pasacao,PASACAO,PHL,27,29.18583333333333,0.9259259259259259,0.07407407407407407,119.29180302945745,10.28113418718244,False
usa-usa-57,,USA,27,12.656666666666666,0.25925925925925924,0.0,1402.8994191938991,1.003074532097078,False
jpn-imari,IMARI,JPN,27,11.758333333333333,0.6666666666666666,0.2222222222222222,140.8613372194768,1.010088211691297,False
per-lapampillaoilterminal,LA PAMPILLA OIL TERMINAL,PER,27,88.16777777777777,0.7037037037037037,0.48148148148148145,191.2816773732505,1.5972472164699336,False
idn-tahuna,TAHUNA,IDN,27,125.55341944444444,1.0,0.037037037037037035,986.4766594943316,3.9999869184983785,False
jpn-jpn-263,,JPN,27,58.13861111111111,0.5925925925925926,0.18518518518518517,189.66899305457326,1.328477202083623,False
deu-deu-605,DEU-605,DEU,27,6.301666666666667,0.2222222222222222,0.2222222222222222,237.8304371958997,1.0951159511955166,False
png-drina,,PNG,27,70.24916666666667,1.0,1.0,98.36211322733327,19.672422645466654,False
nld-nld-202,,NLD,27,6.904166666666667,0.0,0.7777777777777778,10.535623468450094,1.009370929591138,False
dnk-frederiksvaerk,FREDERIKSVAERK,DNK,27,25.89333333333333,0.037037037037037035,0.037037037037037035,282.730487886829,25.73960049051646,False
grc-grc-112,,GRC,27,92.95694444444445,0.4444444444444444,0.4074074074074074,165.9369856494818,1.1662403922720421,False
swe-swe-177,SWE-177,SWE,27,12.153888888888888,0.07407407407407407,0.7777777777777778,86.81346100392214,2.1545176745586136,False
dnk-hanstholm,HANSTHOLM,DNK,26,12.462916666666665,0.2692307692307692,0.19230769230769232,261.05521208251093,2.0941600450636715,False
bhs-cliftonbay,CLIFTON BAY,BHS,26,33.147949999999994,0.19230769230769232,0.0,693.8503822714342,1.2432832736431587,False
grc-grc-294,,GRC,26,22.26902777777778,0.6923076923076923,0.6923076923076923,27.160173811198185,1.063007603348848,False
grc-grc-265,,GRC,26,17.672777777777778,0.038461538461538464,0.23076923076923078,481.3575407459515,1.1441359932302229,False
tur-dortyol,DORTYOL,TUR,26,69.69347222222223,0.5,0.15384615384615385,453.6140359007171,2.9938158959897936,False
usa-usa-52,,USA,26,10.172638888888889,0.7692307692307693,0.038461538461538464,279.65743301553397,1.0479790984614146,False
chn-kemen,KEMEN,CHN,26,70.70069444444445,0.6153846153846154,0.0,722.9625367382154,2.153626918352717,False
sjm-sjm-11,SJM-11,SJM,26,38.664722222222224,0.8461538461538461,0.7692307692307693,5.441737087203933,1.0,False
deu-greifswald,GREIFSWALD,DEU,26,47.583194444444445,0.0,0.0,396.4051475507644,1.2275330894875935,False
idn-idn-157,IDN-157,IDN,26,23.469444444444445,0.8461538461538461,0.0,281.3233291213029,1.0148705166429255,False
mex-mex-114,MEX-114,MEX,26,50.00708333333333,0.0,0.0,818.7333227472872,1.0688258257588537,False
usa-kingston,,USA,26,15.969583333333333,1.0,0.9230769230769231,58.63142031930609,1.0205738823129968,False
phl-minglanilla,MINGLANILLA,PHL,26,189.20555555555555,0.34615384615384615,0.11538461538461539,704.0258783747161,1.108280626451505,False
syc-syc-8,SYC-8,SYC,26,27.37513888888889,0.038461538461538464,0.038461538461538464,972.8448441310512,1.0120830135608334,False
mys-mys-35,,MYS,26,42.64333333333333,0.4230769230769231,0.0,505.94566709645596,1.0829274205770245,False
irl-galway,GALWAY,IRL,26,50.01833333333333,0.19230769230769232,0.11538461538461539,569.7127781366121,1.3361140986320215,False
sau-rabigh,,SAU,26,43.8375,0.7307692307692307,0.7307692307692307,74.70510316456688,1.0147945751255252,False
nld-makkum,MAKKUM,NLD,26,2.037638888888889,1.0,1.0,11.532214013434992,1.0313109234055964,False
slb-muki,,SLB,26,92.18277777777777,0.9230769230769231,0.038461538461538464,241.79207693174587,6.701442826921469,False
ven-joseterminal,JOSE TERMINAL,VEN,26,68.74222222222222,0.9615384615384616,0.5,131.93610901365358,1.159832817909106,False
vir-stthomas,,VIR,26,15.947222222222223,0.0,0.038461538461538464,283.35168216106376,1.0197640851563592,False
cod-cod-6,COD-6,COD,26,40.22138888888889,0.46153846153846156,0.6153846153846154,63.88719200693068,1.0123908619455961,False
usa-vendovianchorage,VENDOVI ANCHORAGE,USA,25,31.82777777777778,1.0,0.96,12.899956205813712,1.000391140389039,True
ita-ita-360,ITA-360,ITA,25,62.145,0.76,0.76,8.952153767319084,1.036337460447723,False
ita-molfetta,MOLFETTA,ITA,25,155.98611111111111,0.4,0.12,400.4976169852895,2.398456800658155,False
rus-rus-218,,RUS,25,12.85777777777778,1.0,0.88,22.21113583058323,1.0112669724669765,False
grl-kangilinnguit,KANGILINNGUIT,GRL,25,2.066388888888889,1.0,0.92,62.89817013845257,1.0325617296804837,False
tha-tha-49,THA-49,THA,25,9.249722222222225,0.24,0.24,713.1213599136653,1.0703118202535193,False
swe-trelleborg,TRELLEBORG,SWE,25,16.288888888888888,0.44,0.28,140.01476147469177,1.5072751812560226,False
mtq-lemarin,,MTQ,25,36.92611111111111,0.0,0.0,3460.4346868942275,1.0732540824138501,False
can-churchill,CHURCHILL,CAN,25,64.29944444444445,0.76,0.0,1079.49933277378,6.460545485714686,False
hrv-hrv-178,HRV-178,HRV,25,120.09861111111113,0.04,0.0,572.7038332515555,1.3140028677690847,False
ita-laspezia,LA SPEZIA,ITA,25,29.844444444444445,0.36,0.32,575.2840429811889,1.1007836762576189,False
usa-usa-1201,,USA,25,185.74166666666667,0.96,0.4,169.27989421950056,1.0258146036241091,False
jpn-namikata,NAMIKATA,JPN,25,36.08583333333333,0.76,0.64,28.442854641879897,1.0370635764679954,False
swe-swe-493,,SWE,25,11.006388888888887,0.2,0.04,375.06489457929644,1.096690162737916,False
swe-solvesborg,SOLVESBORG,SWE,25,25.648055555555555,0.16,0.24,220.09996901614628,1.28442267309819,False
hrv-sutomiscica,SUTOMISCICA,HRV,25,28.30388888888889,0.08,0.08,491.61810334785696,1.1792289172114478,False
tur-tur-94,TUR-94,TUR,25,63.78277777777778,0.84,0.8,6.293434770918009,1.005985997081385,False
phl-espanola,,PHL,25,220.255,0.0,0.0,1572.562093254162,3.3024222728632,False
phl-iligan,,PHL,25,145.67361111111111,0.16,0.04,1029.2132971567855,1.030216679711367,False
can-can-359,CAN-359,CAN,25,95.76666666666668,1.0,0.24,116.18366519813246,1.0041968081135546,False
usa-usa-387,USA-387,USA,25,36.57611111111111,1.0,1.0,25.126255827887174,1.0080378045573133,False
rou-agigea,AGIGEA,ROU,25,84.1525,0.52,0.52,6.769934713323346,1.0290013112504648,False
usa-usa-1035,,USA,25,199.19694444444443,0.92,0.48,140.85880974322075,1.0278161162469177,False
sdn-sawakin,SAWAKIN,SDN,25,30.00611111111111,0.24,0.24,292.28172947832087,2.9326796628982352,False
rus-rus-443,RUS-443,RUS,24,31.732638888888886,1.0,0.125,119.88260872861724,1.0498650517892953,False
rus-rus-112,,RUS,24,22.429722222222225,1.0,0.25,119.88260872861724,1.0423638435360296,False
cck-cocos,COCOS,CCK,24,160.85222222222222,0.0,0.0,527.0309498048788,1.4965251688496848,False
ita-oristano,ORISTANO,ITA,24,57.559444444444445,0.25,0.08333333333333333,374.7920752925637,1.3299238352409566,False
prt-vianadocastelo,VIANA DO CASTELO,PRT,24,77.23694444444445,0.625,0.4166666666666667,182.19442256465604,1.044311424514178,False
jpn-ichikikushikino,ICHIKIKUSHIKINO,JPN,24,107.52763888888889,0.041666666666666664,0.041666666666666664,428.3339247134313,1.2040023711638344,False
nor-muruvik,MURUVIK,NOR,24,19.864166666666666,0.6666666666666666,0.20833333333333334,295.4911889062665,1.104017256004186,False
ita-ita-301,ITA-301,ITA,24,30.30152777777778,0.875,0.125,208.3306309620797,1.1151303579179115,False
nor-namsos,NAMSOS,NOR,24,27.955416666666665,0.875,0.2916666666666667,140.96393534616237,1.0372060532874858,False
ven-sucre,,VEN,24,153.5236111111111,0.5833333333333334,0.4583333333333333,155.97489035209634,1.0629760093906473,False
maf-stmartin,ST MARTIN,MAF,24,50.56,0.3333333333333333,1.0,57.645518266441506,1.0700720971305706,False
fji-fji-52,,FJI,24,98.61763888888888,0.08333333333333333,0.08333333333333333,3921.909808166623,27.376276510052342,False
jpn-mutsuogawara,,JPN,24,87.94361111111111,0.20833333333333334,0.08333333333333333,1044.6196321564626,1.2712749514715793,False
chn-changzhou,CHANGZHOU,CHN,24,71.66263888888889,0.75,0.5833333333333334,63.15210988692675,1.0222192657196605,False
dnk-stigsnaes,STIGSNAES,DNK,24,27.10333333333333,0.2916666666666667,0.3333333333333333,153.16951076209716,1.0254546822356039,False
nld-zaandam,ZAANDAM,NLD,24,49.348888888888894,0.041666666666666664,0.041666666666666664,4919.133480245263,4.68718533767691,False
nld-vlieland,VLIELAND,NLD,24,9.302222222222223,0.25,0.2916666666666667,157.36383577701974,1.0513231081855179,False
fra-portjerome,PORT JEROME,FRA,24,38.32680555555555,1.0,1.0,21.67139107912482,1.0113208671789038,False
fra-saintlouisdurhone,SAINT LOUIS DU RHONE,FRA,24,30.969305555555557,0.16666666666666666,0.16666666666666666,278.27779912193813,1.0919480361138292,False
mtq-lemarin,LE MARIN,MTQ,24,48.63930555555555,0.041666666666666664,0.041666666666666664,3039.8075925094354,1.134124893427928,False
rus-rus-232,,RUS,24,9.64361111111111,1.0,0.3333333333333333,128.1311378458405,1.1174759471245552,False
mne-hercegnovi,HERCEGNOVI,MNE,24,18.403888888888886,0.0,0.0,513.094360860965,1.1425168039435756,False
sau-abusafahfield,,SAU,24,0.685,0.875,0.9166666666666666,0.0,1.0,False
jpn-takehara,,JPN,24,107.22541666666666,0.7916666666666666,0.5,96.4085794387278,1.241131673153271,False
gbr-finnart,FINNART,GBR,24,33.69236111111111,0.6666666666666666,0.625,93.56222638021379,1.5228696617947697,False
tha-tha-27,THA-27,THA,24,16.840694444444445,0.0,0.0,1003.0282096742142,1.023363923364211,False
usa-usa-99,USA-99,USA,24,70.71513888888889,0.9583333333333334,0.3333333333333333,235.2264589536068,1.0230079417368565,False
ata-fildesbay,FILDES BAY,ATA,23,8.434166666666666,0.8260869565217391,0.8260869565217391,0.0,1.0,False
rus-rus-95,,RUS,23,53.24888888888889,1.0,0.08695652173913043,149.2195682510046,3.498926719234333,False
slb-lokiha,,SLB,23,124.0975,1.0,0.2608695652173913,111.1504757225392,3.054224370742911,False
arg-arg-31,,ARG,23,14.120833333333334,0.9130434782608695,0.8695652173913043,70.64481354141024,1.002097663654549,False
ita-ita-337,,ITA,23,50.95861111111111,0.34782608695652173,0.13043478260869565,766.3819143678745,3.3788281154242417,False
rus-svetlaya,SVETLAYA,RUS,23,108.48944444444444,0.782608695652174,0.391304347826087,137.65093879248124,1.0049905121044587,False
idn-kualaenok,KUALA ENOK,IDN,23,133.79305555555555,0.0,0.0,2595.184245146288,1.4094273732396327,False
irn-bandartaherioffshoreterminal,BANDAR TAHERI OFFSHORE TERMINAL,IRN,23,47.27988611111111,1.0,0.43478260869565216,201.8970148963656,1.0807122465102774,True
hrv-rabac,RABAC,HRV,23,103.8,0.0,0.0,1036.064876225678,1.2722468276219434,False
usa-usa-967,USA-967,USA,23,54.005,0.13043478260869565,0.17391304347826086,105.1221630379024,1.1463066833563222,False
jpn-jpn-175,,JPN,23,237.5052777777778,0.7391304347826086,0.5652173913043478,30.89740520523732,1.0,False
usa-craig,CRAIG,USA,23,150.93027777777775,0.043478260869565216,0.043478260869565216,4213.040823977517,1.0258820475603474,False
rus-rakushkaanchorage,RAKUSHKA ANCHORAGE,RUS,23,41.87416666666667,0.6956521739130435,0.2608695652173913,345.56615719428714,1.0045347600888503,True
usa-toledo,,USA,23,83.63666666666667,0.13043478260869565,0.13043478260869565,201.01649614513173,27.79418727728814,False
idn-idn-277,IDN-277,IDN,23,42.24722222222222,1.0,0.043478260869565216,352.11671163110185,18.83770345842473,False
nor-austnes,,NOR,23,24.58361111111111,1.0,0.9565217391304348,29.995073946327516,1.050636386766737,False
jpn-sendai,,JPN,23,5.678333333333334,1.0,0.0,263.3856829780884,1.0760711883041305,False
can-bedwellharbour,BEDWELL HARBOUR,CAN,23,262.3222222222222,0.9565217391304348,1.0,32.97348862522152,1.0537461983312653,False
bra-bra-245,BRA-245,BRA,23,50.79083333333333,0.9130434782608695,0.34782608695652173,238.44812403751834,1.0133593867725401,False
pri-pri-33,PRI-33,PRI,23,70.65277777777777,0.21739130434782608,0.21739130434782608,213.92311202238972,1.0451214314347317,False
irn-mahshahr,MAHSHAHR,IRN,23,60.56361111111111,0.7391304347826086,0.34782608695652173,126.19419900876073,1.78568826408153,False
chn-rongcheng,RONGCHENG,CHN,23,26.335,0.6956521739130435,0.08695652173913043,346.3558999502077,1.0804996725071907,False
nor-utgard,UTGARD,NOR,23,11.6125,0.782608695652174,0.6956521739130435,31.971590868707995,1.0170445035839888,False
mys-malacca,MALACCA,MYS,23,84.12194444444444,0.6086956521739131,0.17391304347826086,135.51926552425988,1.0522281990151476,False
idn-cirebon,,IDN,23,125.07805555555557,1.0,0.043478260869565216,161.89795693757006,32.37959138751401,False
idn-idn-na,,IDN,23,17.892222222222223,1.0,0.2608695652173913,244.49224667165655,1.4193798695478141,False
fin-fin-22,,FIN,23,28.299444444444443,0.6956521739130435,0.043478260869565216,106.07117881701053,6.8611596296991975,False
rus-rus-343,RUS-343,RUS,23,22.544166666666666,1.0,0.43478260869565216,649.901993881471,1.0,False
nor-nor-435,NOR-435,NOR,22,9.893194444444443,0.7272727272727273,0.2727272727272727,255.84685659300993,1.0758726049740606,False
ncl-ncl-40,NCL-40,NCL,22,13.057222222222222,0.045454545454545456,0.0,1053.7858803926538,1.0216269033573875,False
chl-mejillones,MEJILLONES,CHL,22,76.45625,0.6363636363636364,0.18181818181818182,634.9571646810062,6.454616987200112,False
idn-idn-292,,IDN,22,27.273477777777778,1.0,0.0,154.17114652817187,1.0494067701535288,False
nga-nga-7,,NGA,22,27.713749999999997,0.9545454545454546,0.6363636363636364,61.6773785520531,1.2872624933615022,False
jpn-wakkanai,WAKKANAI,JPN,22,175.24527777777777,0.13636363636363635,0.0,1030.5301359224634,5.217686093740184,False
chn-chn-2342,CHN-2342,CHN,22,59.00486111111111,0.7272727272727273,0.18181818181818182,489.0819427823517,1.4040793289865008,False
usa-graysharbor,GRAYS HARBOR,USA,22,59.63027777777778,0.5454545454545454,0.0,458.15379525702195,1.135177421421647,False
nor-granvin,GRANVIN,NOR,22,14.4575,1.0,0.7727272727272727,58.654034105223694,2.1391518124136053,False
rus-rus-437,,RUS,22,10.382222222222222,1.0,0.5,98.9262387125574,1.0077247991480305,False
can-can-119,CAN-119,CAN,22,24.568194444444444,0.045454545454545456,0.045454545454545456,2347.566005423407,1.458483691705691,False
fra-sete,SETE,FRA,22,60.7675,0.36363636363636365,0.36363636363636365,159.42615978631787,1.1038411114544995,False
ita-reggiocalabria,REGGIO CALABRIA,ITA,22,124.89500000000001,0.2727272727272727,0.13636363636363635,485.8311978067645,1.079038110487554,False
esp-isladearosa,ISLA DE AROSA,ESP,22,9.48625,0.6818181818181818,0.045454545454545456,259.24204132545685,1.065505008224632,False
usa-welcome,,USA,22,128.74305555555554,0.8636363636363636,0.7727272727272727,49.60028663147294,1.0095688165375023,False
can-can-190,CAN-190,CAN,22,69.33958333333334,0.8636363636363636,0.2727272727272727,338.27363259343844,1.0108757903374517,False
idn-biringkassi,BIRINGKASSI,IDN,22,136.2451388888889,0.09090909090909091,0.045454545454545456,1745.7754822561442,1.4749749372675867,False
nor-uthaug,,NOR,22,15.208055555555555,0.8636363636363636,0.13636363636363635,157.18569225455965,1.056137424063777,False
nor-nor-989,,NOR,22,15.741527777777778,0.18181818181818182,0.2727272727272727,331.11484934613304,1.1092509108489415,False
yem-nishtun,NISHTUN,YEM,22,51.74513888888889,0.2727272727272727,0.2727272727272727,605.664775420589,19.131991139989214,False
hrv-plomin,PLOMIN,HRV,22,121.73222222222222,0.045454545454545456,0.045454545454545456,1012.0448463629704,1.1418794159083536,False
rou-rou-89,ROU-89,ROU,22,22.61013888888889,0.5454545454545454,0.5454545454545454,35.81670710577702,1.0062625455073977,False
bes-gotooilterminal,GOTO OIL TERMINAL,BES,22,46.96819444444445,0.13636363636363635,0.22727272727272727,179.50473873779117,1.0701328959978595,False
jpn-nagasu,,JPN,22,143.91069444444446,0.5,0.45454545454545453,153.80249060756324,1.0000417159336754,False
rus-nizhnynovgorod,NIZHNY NOVGOROD,RUS,22,62.119305555555556,1.0,0.09090909090909091,189.26769499532492,1.028687683793541,False
rus-oktyabrsk,,RUS,22,6.519305555555556,1.0,0.6363636363636364,63.809763110586616,1.0426625247323882,False
grc-myrina,MYRINA,GRC,22,28.560694444444444,0.09090909090909091,0.3181818181818182,380.1763246117763,1.0482902456502505,False
usa-portsulphur,PORT SULPHUR,USA,22,91.1301388888889,0.6363636363636364,0.4090909090909091,261.9621078339509,1.0180157120462927,False
idn-dumai,,IDN,22,81.50583333333333,0.36363636363636365,0.13636363636363635,192.8225933924613,1.0832807330790741,False
tur-toros,TOROS,TUR,21,81.04527777777778,0.42857142857142855,0.23809523809523808,488.29592260278196,1.501699563285076,False
prk-nampo,NAMPO,PRK,21,216.94722222222225,0.7619047619047619,0.6190476190476191,15.487904418816518,1.0936231192501242,False
mex-sanjuandelacosta,SAN JUAN DE LA COSTA,MEX,21,56.75463611111111,1.0,0.0,613.9989036138468,50.0,False
swe-swe-68,SWE-68,SWE,21,38.53888888888889,0.2857142857142857,0.23809523809523808,263.6341602290717,1.2768570100313306,False
chn-chn-2231,CHN-2231,CHN,21,25.564166666666665,0.7619047619047619,0.23809523809523808,327.1402429914898,1.082329173462767,False
usa-sandusky,SANDUSKY,USA,21,24.370555555555555,0.0,0.0,176.44586882886264,24.80418426483305,False
phl-ormoc,ORMOC,PHL,21,35.35138888888889,0.9047619047619048,0.23809523809523808,150.27870440652012,1.1755446383363672,False
jpn-kashima,KASHIMA,JPN,21,102.02944444444444,0.5714285714285714,0.19047619047619047,408.22236619886144,1.039601950916467,False
usa-usa-821,USA-821,USA,21,128.30555555555554,0.42857142857142855,0.42857142857142855,506.90052585097015,1.0034855518702448,False
phl-iligantosurigao,,PHL,21,204.58388888888888,0.23809523809523808,0.23809523809523808,1219.8393509306534,2.654122049824032,False
ita-varazze,VARAZZE,ITA,21,25.300833333333333,1.0,1.0,21.45155294834259,1.0194836939848178,False
gbr-gbr-414,GBR-414,GBR,21,16.8625,0.047619047619047616,0.0,461.32633430703356,1.0258230595764986,False
irl-drogheda,DROGHEDA,IRL,21,72.63277777777778,0.09523809523809523,0.14285714285714285,641.9455530512565,1.1117206086261526,False
usa-desmoines,DES MOINES,USA,21,36.67055555555555,0.47619047619047616,0.09523809523809523,841.1444639901982,1.047476580095892,False
tur-dardanellesanchorage,DARDANELLES ANCHORAGE,TUR,21,17.398055555555555,0.3333333333333333,0.0,483.92666702025815,1.14954671749368,True
hti-laffiteau,,HTI,21,87.4186111111111,0.047619047619047616,0.047619047619047616,990.8464293260065,1.010480603185953,False
dnk-thyboron,THYBORON,DNK,21,10.08,0.23809523809523808,0.14285714285714285,173.9326579887686,1.2516610030972066,False
slb-slb-22,,SLB,21,121.43083333333334,1.0,0.8095238095238095,88.37899741677768,1.1811857499378184,False
usa-usa-1028,,USA,21,4.802777777777778,0.9523809523809523,0.9523809523809523,42.97522477523974,1.1213196161150754,False
usa-usa-388,,USA,21,3.7369444444444446,1.0,1.0,12.935806429853043,2.5377461229245895,False
nor-vestnes,VESTNES,NOR,21,7.001111111111111,1.0,0.8095238095238095,32.38597074077309,1.011606312784048,False
png-png-25,,PNG,21,241.6208333333333,0.38095238095238093,0.0,2569.574158455751,1.0058052379670759,False
chn-chn-1967,CHN-1967,CHN,21,30.76333333333333,0.047619047619047616,0.0,1589.8227772725304,2.753815768904449,False
nor-nor-733,,NOR,21,37.7575,0.38095238095238093,0.23809523809523808,1277.8748636023752,1.1415909938243602,False
idn-kotaagung,KOTA AGUNG,IDN,21,40.64611111111111,1.0,0.19047619047619047,231.9528168055805,2.3006697933484332,False
usa-pascagoula,PASCAGOULA,USA,21,104.35027777777778,0.23809523809523808,0.09523809523809523,987.2994380308585,1.1651978023889242,False
ukr-ukr-35,,UKR,21,24.83277777777778,0.0,0.047619047619047616,293.99620547508437,1.2299734704118723,False
mar-casablanca,CASABLANCA,MAR,21,73.15083333333334,0.38095238095238093,0.19047619047619047,258.8843440553136,1.015564283574346,False
ukr-nikotera,,UKR,21,67.84944444444444,0.7619047619047619,0.7619047619047619,7.514687447692886,1.0033444772778524,False
swe-swe-189,SWE-189,SWE,21,30.16777777777778,0.3333333333333333,0.09523809523809523,216.60945389363866,1.1348469263158472,False
swe-swe-198,SWE-198,SWE,21,66.16944444444445,0.19047619047619047,0.0,209.7935164203646,1.8644894846327205,False
rus-rus-308,RUS-308,RUS,20,44.93013888888889,0.35,0.35,541.7271221671483,1.5888116279376745,False
ukr-ukr-15,UKR-15,UKR,20,37.969861111111115,0.05,0.05,447.7694008452351,1.2100138807142533,False
nor-stjernoy,,NOR,20,25.931805555555556,0.15,0.15,1576.3068455120892,1.2230556660854606,False
nor-rorvik,RORVIK,NOR,20,5.525416666666667,0.8,0.25,143.47188806014287,1.005675891212972,False
rus-olga,OLGA,RUS,20,89.45930555555555,0.5,0.05,504.10627725460836,1.3569146062802884,False
rus-temryuk,TEMRYUK,RUS,20,97.18291666666667,0.7,0.7,26.96092607276458,1.8786199475857772,False
rus-voznesenyeanchorage,VOZNESENYE ANCHORAGE,RUS,20,10.197777777777777,1.0,0.6,71.11089978442652,1.0394321481991409,True
cmr-ebometerminal,EBOME TERMINAL,CMR,20,31.326527777777777,0.2,0.1,2964.1443714407383,1.446007750399576,False
rus-rus-208,,RUS,20,9.035,1.0,0.5,100.84881749150176,1.192471487345646,False
tur-datca,DATCA,TUR,20,46.271388888888886,0.25,0.05,341.4636902034881,1.039390962675419,False
arg-sanlorenzo,,ARG,20,25.049027777777777,0.7,0.55,68.57273849434048,1.03066986797708,False
png-sampalpa,,PNG,20,225.50291666666666,1.0,1.0,46.605334030937286,1.950977209331004,False
usa-davant,,USA,20,85.45680555555555,0.5,0.45,435.1660579263196,1.0776525044046212,False
usa-baltimore,BALTIMORE,USA,20,49.91763888888889,0.6,0.1,733.065235296166,1.0183794204716448,False
deu-buesum,BUESUM,DEU,20,4.463611111111112,0.5,0.55,60.56336686422185,1.2805392791072947,False
are-portrashid,PORT RASHID,ARE,20,33.53916666666667,0.85,0.85,17.06976218527283,1.7381576208797869,False
vgb-beefisland,,VGB,20,14.453750000000001,0.05,0.05,1068.7858104123784,1.0011807111602633,False
usa-atlanticcity,ATLANTIC CITY,USA,20,36.41861111111111,1.0,1.0,6.596663226646145,1.0,False
grl-grl-17,GRL-17,GRL,20,2.325277777777778,1.0,0.9,26.89497468293973,1.254757180843379,False
jpn-jpn-350,,JPN,20,4.869722222222222,0.25,0.05,494.5586137892458,1.1440480849952177,False
idn-lembar,LEMBAR,IDN,20,124.38430555555556,0.75,0.2,321.3023212679771,1.4976481415235017,False
slb-slb-15,,SLB,20,111.17569444444445,0.85,0.7,6.376413124353666,1.0,False
ita-licata,LICATA,ITA,20,51.507916666666674,0.9,0.2,315.1030582108054,3.0436861648254476,False
ita-portovenere,PORTOVENERE,ITA,20,27.128749999999997,0.9,0.9,51.03938694650377,1.0107283087093597,False
shn-jamestown,JAMESTOWN,SHN,20,6.5075,0.3,0.3,1784.0282813193367,1.0130424253984258,False
nor-nor-730,NOR-730,NOR,20,50.365833333333335,0.45,0.35,154.07948687270797,1.1817149236185212,False
gbr-houndpointterminal,HOUND POINT TERMINAL,GBR,20,25.754305555555554,0.85,0.85,21.74563201925507,1.020358779210829,False
kor-gunsan,GUNSAN,KOR,20,78.71986111111111,0.35,0.1,269.40687401553,1.1702886572181155,False
ven-puertolacruz,PUERTO LA CRUZ,VEN,20,89.27277777777778,0.9,0.3,202.65339649882534,2.349806090993961,False
grc-grc-371,GRC-371,GRC,20,25.919931944444443,1.0,0.5,106.42458881107211,1.4235742410549048,False
brn-brn-20,BRN-20,BRN,20,8.491944444444446,0.0,0.05,667.1573694808619,1.0133551295086107,False
png-png-27,,PNG,20,117.19708333333332,0.95,0.95,43.77264557439761,8.832934972228665,False
grc-gythio,GYTHIO,GRC,20,9.493472222222222,0.35,0.3,279.1457445934444,1.0300740810722138,False
usa-southport,SOUTHPORT,USA,20,15.55888888888889,0.5,0.0,951.542384344609,1.015980306679964,False
can-campbellriver,CAMPBELL RIVER,CAN,20,49.34041666666667,0.8,0.65,88.62516936551907,3.534417540812939,False
idn-idn-191,IDN-191,IDN,20,38.36736111111111,0.6,0.05,819.2620285265461,2.5119079634283947,False
jpn-shinmonji,,JPN,20,13.536666666666667,0.9,0.35,292.17205511664963,1.3158292104866438,False
lbn-jounieh,JOUNIEH,LBN,20,60.05375,0.85,0.85,13.802858918628717,1.0168778645130452,False
gbr-southendanchorage,,GBR,19,21.043055555555554,0.21052631578947367,0.3157894736842105,119.40188350093163,1.067604789184348,False
mys-mys-6,MYS-6,MYS,19,147.78694444444446,0.10526315789473684,0.05263157894736842,1894.9562017456844,1.1158400287921297,False
usa-newburgh,NEWBURGH,USA,19,6.422222222222223,0.8947368421052632,0.3684210526315789,184.05201208857915,1.006720785100649,False
usa-usa-53,USA-53,USA,19,26.392673554722226,1.0,0.10526315789473684,256.074737766065,1.9050285921967882,False
chn-luhuashananchorage,LUHUASHAN ANCHORAGE,CHN,19,50.41166666666667,0.6842105263157895,0.3684210526315789,374.1806427944989,1.0247769467859544,True
tur-akyarlar,AKYARLAR,TUR,19,37.73222222222222,0.631578947368421,0.10526315789473684,249.79284005514398,1.0884757296827414,False
pan-colon,COLON,PAN,19,44.793055555555554,0.05263157894736842,0.05263157894736842,1374.7875650618114,1.032513820328925,False
chn-chn-2372,CHN-2372,CHN,19,22.238055555555555,1.0,1.0,19.83097747999524,1.0391167531582526,False
usa-sewardanchorage,SEWARD ANCHORAGE,USA,19,84.19944444444444,0.3684210526315789,0.05263157894736842,1150.9109566496227,1.0116039228771814,True
prt-setubal,,PRT,19,216.52194444444444,0.7894736842105263,0.7894736842105263,8.954111192053796,1.0065000104804307,False
mys-mys-135,MYS-135,MYS,19,38.94444444444444,0.47368421052631576,0.05263157894736842,164.00476363340752,1.9715006395473336,False
usa-savannah,SAVANNAH,USA,19,18.73444444444445,0.631578947368421,0.3157894736842105,617.3755092621781,1.0313440885695877,False
swe-visby,VISBY,SWE,19,16.85861111111111,0.42105263157894735,0.2631578947368421,213.75718122947353,1.101642807404443,False
chn-taixing,TAI XING,CHN,19,48.69111111111111,0.7368421052631579,0.631578947368421,1.7056028886870698,1.0045451769898393,False
idn-idn-65,,IDN,19,217.5713888888889,0.2631578947368421,0.21052631578947367,1682.1978864693203,4.589580593977078,False
gbr-greenock,GREENOCK,GBR,19,25.479166666666668,1.0,1.0,16.14863070826155,1.02493715222494,False
fra-donges,DONGES,FRA,19,42.82361111111111,0.3157894736842105,0.2631578947368421,351.41898988479414,1.0063598533465685,False
usa-pensacola,PENSACOLA,USA,19,24.49194444444445,0.47368421052631576,0.10526315789473684,502.7418493671294,1.5149120057323677,False
jpn-jpn-479,,JPN,19,5.192777777777778,0.42105263157894735,0.05263157894736842,516.3360891726969,1.0081258851033181,False
col-col-44,COL-44,COL,19,3.2591666666666668,0.10526315789473684,0.10526315789473684,1472.6260334612634,1.0091321372349111,False
nor-myklebust,,NOR,19,10.966666666666669,1.0,0.6842105263157895,52.59302245460381,1.0171805685229311,False
col-col-40,COL-40,COL,19,20.574166666666667,1.0,0.9473684210526315,0.0,1.0,False
rus-rus-349,,RUS,19,8.065833333333334,0.9473684210526315,0.42105263157894735,129.46021740356397,1.0597385453429864,False
kor-kor-144,KOR-144,KOR,19,12.951944444444443,1.0,1.0,12.360095111322622,1.0343153466319563,False
ven-guayanacity,GUAYANA CITY,VEN,19,14.796666666666669,1.0,0.9473684210526315,11.794662278644854,1.0044066126291724,False
tto-tto-19,,TTO,19,28.821944444444444,0.3157894736842105,0.3157894736842105,1931.5663238757913,1.456327388913044,False
ita-portopino,PORTO PINO,ITA,19,49.84194444444445,0.5263157894736842,0.3684210526315789,325.013748880856,1.140529015185227,False
nor-nor-186,,NOR,19,4.65,0.8947368421052632,0.7894736842105263,44.0442071640827,1.0872102317787609,False
slb-korighole,,SLB,19,99.39777777777778,0.9473684210526315,0.3157894736842105,106.61437370085956,1.5236147267081825,False
nor-nor-720,NOR-720,NOR,19,15.121666666666666,0.9473684210526315,0.9473684210526315,17.181808537196513,1.0408928971294478,False
nor-nor-639,,NOR,19,4.908333333333333,0.7894736842105263,0.5789473684210527,94.23288588352492,1.0354616784691912,False
chn-chn-113,CHN-113,CHN,19,24.260555555555555,1.0,0.0,572.6215006385086,1.0221790668272506,False
chn-chn-2107,CHN-2107,CHN,19,48.57388888888889,0.8421052631578947,0.7368421052631579,28.771165380870496,1.0252107958224992,False
idn-waingapu,WAINGAPU,IDN,19,60.69694444444445,0.7894736842105263,0.0,471.6024885520698,1.0034406034033254,False
rou-rou-93,,ROU,19,90.71194444444444,0.3157894736842105,0.47368421052631576,171.3325508559793,1.1012737381036868,False
usa-searsport,SEARSPORT,USA,19,31.7625,0.7894736842105263,0.2631578947368421,155.5413342938891,1.0189444695873853,False
arg-arg-61,,ARG,19,10.248333333333331,0.3684210526315789,0.2631578947368421,134.4037378114931,1.024282112416014,False
gbr-campbeltown,CAMPBELTOWN,GBR,19,53.82972222222222,0.5263157894736842,0.2631578947368421,177.2809457896906,1.4897740135925914,False
swe-swe-509,SWE-509,SWE,18,20.60333333333333,0.1111111111111111,0.05555555555555555,414.319465812724,1.1146570986604347,False
png-muliama,,PNG,18,234.42708333333331,0.6666666666666666,0.2222222222222222,158.67881037623798,1.098638905456949,False
pan-amadorcruiseport,AMADOR CRUISE PORT,PAN,18,43.68388888888889,0.1111111111111111,0.1111111111111111,7671.724358214811,1.0047239627524338,False
tur-bodrum,,TUR,18,21.04375,0.2777777777777778,0.1111111111111111,363.9662231988632,1.0557908857476401,False
usa-usa-1152,,USA,18,43.710277777777776,0.3333333333333333,0.2222222222222222,1443.9934184832107,1.0706788158643818,False
fra-plougonvelin,PLOUGONVELIN,FRA,18,9.733472222222222,1.0,1.0,8.473168386160353,1.0112554439574548,False
jpn-oshimanagasaki,,JPN,18,176.6775,0.8333333333333334,0.8333333333333334,3.960145224561582,1.0,False
ind-ind-33,,IND,18,60.05972222222223,0.1111111111111111,0.05555555555555555,956.8761796191735,1.1207076451263989,False
esp-elpajar,EL PAJAR,ESP,18,74.06916666666666,0.9444444444444444,0.3888888888888889,748.5265362690254,3.926928616704931,False
idn-idn-16,,IDN,18,28.232638888888886,1.0,0.3888888888888889,154.16576833169404,1.0399362075413596,False
grl-kangerlusuaq,KANGERLUSUAQ,GRL,18,33.52125,0.6111111111111112,0.05555555555555555,168.60586634021448,1.072710122240828,False
chn-chn-2108,CHN-2108,CHN,18,122.57458333333332,0.9444444444444444,0.0,136.46628690203605,1.071997391358657,False
esp-sansebastian,SAN SEBASTIAN,ESP,18,11.907777777777778,0.8888888888888888,0.5,121.59840319697156,1.1833230238934953,False
idn-palopo,PALOPO,IDN,18,35.72986111111111,0.8888888888888888,0.2777777777777778,196.34228720122005,6.557160540108902,False
nor-osoyro,OSOYRO,NOR,18,11.65638888888889,1.0,0.2777777777777778,107.67659087057119,1.0023061752305409,False
gbr-lerwick,LERWICK,GBR,18,59.275000000000006,0.05555555555555555,0.0,558.7496701952947,2.324185801210714,False
fin-fin-60,,FIN,18,25.557083333333335,1.0,1.0,12.619306108402714,1.0270928801046786,False
esp-esp-344,ESP-344,ESP,18,29.69958333333333,0.0,0.2222222222222222,298.72989885773006,1.0058128251858212,False
chn-chn-1716,CHN-1716,CHN,18,22.273055555555555,0.7222222222222222,0.4444444444444444,267.3054974742827,1.1074812005689252,False
irn-irn-17,,IRN,18,28.323750000000004,0.2777777777777778,0.2222222222222222,1156.7761249862792,1.0826250363253727,False
chn-yushanisland,YUSHAN ISLAND,CHN,18,21.64263888888889,0.9444444444444444,0.4444444444444444,126.19269852387478,1.128617384979596,False
nor-laerdalsoyri,LAERDALSOYRI,NOR,18,65.83430555555555,0.9444444444444444,0.8888888888888888,10.687578296914701,1.0881475780201033,False
phl-palawan,,PHL,18,211.44097222222223,0.0,0.0,1713.3261093321591,5.805237099568965,False
jpn-yatsushiro,YATSUSHIRO,JPN,18,92.05333333333333,0.3888888888888889,0.16666666666666666,419.90101243911533,1.0870118189019238,False
rus-yaroslavl,YAROSLAVL,RUS,18,20.61861111111111,1.0,0.1111111111111111,217.34143347529923,2.2855887874024847,False
rus-rus-242,,RUS,18,22.125555555555557,1.0,0.9444444444444444,0.0,1.0,False
nor-sortland,,NOR,18,6.875694444444445,0.6666666666666666,0.16666666666666666,578.9985164430419,1.0397998904458516,False
arg-arroyoseco,,ARG,18,96.3386111111111,0.8888888888888888,0.16666666666666666,160.26457042678115,3.225043078572486,False
usa-diamond,,USA,18,81.60736111111112,0.7222222222222222,0.6111111111111112,63.18768779377143,1.0435464840427549,False
esp-burela,,ESP,18,47.67125,0.4444444444444444,0.05555555555555555,610.19929873477,1.4518162397791206,False
jpn-nagasaki,NAGASAKI,JPN,18,158.19166666666666,0.7222222222222222,0.6111111111111112,40.15745061003461,1.0108055319295524,False
jpn-jpn-7,JPN-7,JPN,18,10.97125,0.8888888888888888,0.5555555555555556,18.322980415027292,1.1054470945015007,False
usa-poughkeepsie,POUGHKEEPSIE,USA,18,27.392500000000002,0.8333333333333334,0.3888888888888889,151.47522719031454,1.0079025503072137,False
ita-golfoaranci,GOLFO ARANCI,ITA,18,104.13805555555555,0.3888888888888889,0.0,333.05248311744623,1.142410377301977,False
per-per-55,PER-55,PER,18,20.23763888888889,0.7777777777777778,0.0,214.884778106837,1.1240995656591442,False
can-pointtupper,POINT TUPPER,CAN,18,109.41583333333332,0.16666666666666666,0.05555555555555555,1475.941449533314,1.0093425722537477,False
jpn-jpn-224,,JPN,17,16.980555555555554,0.5882352941176471,0.35294117647058826,202.7423121676136,1.034450363216022,False
vnm-vnm-72,VNM-72,VNM,17,160.17555555555555,0.35294117647058826,0.29411764705882354,543.8299531052774,1.2008962009588273,False
can-cambridgebay,CAMBRIDGE BAY,CAN,17,52.83055555555556,1.0,0.17647058823529413,1655.8565256852244,20.17819505032574,False
nor-nor-222,,NOR,17,15.661944444444444,0.23529411764705882,0.23529411764705882,219.96365301026714,1.1681207558764168,False
nor-nor-69,,NOR,17,11.201944444444443,0.47058823529411764,0.23529411764705882,226.34743772163205,1.2172329044262218,False
sau-sau-198,,SAU,17,76.29861111111111,0.47058823529411764,0.4117647058823529,543.0365386347027,1.1667225209881393,False
irl-greencastle,GREENCASTLE,IRL,17,36.91611111111112,0.058823529411764705,0.17647058823529413,560.0410988510172,1.0062468311401531,False
ukr-yuzhny,,UKR,17,136.38805555555555,0.23529411764705882,0.35294117647058826,334.01773309373806,1.0671345598715174,False
nor-nor-936,,NOR,17,8.944722222222222,0.8235294117647058,0.6470588235294118,73.1433657039031,1.0396865946966256,False
ita-ita-235,ITA-235,ITA,17,49.38666666666666,0.8235294117647058,0.17647058823529413,298.6829965685196,1.337400424551533,False
ven-maracaibo,MARACAIBO,VEN,17,141.3177777777778,0.7647058823529411,0.6470588235294118,95.2267623630684,1.4716463120882899,False
ago-gimboa,,AGO,17,34.25083333333333,0.4117647058823529,0.4117647058823529,100.6711810138343,1.0,False
ita-ita-64,,ITA,17,47.632777777777775,0.23529411764705882,0.11764705882352941,385.51873956335373,1.9889729672280783,False
prt-funchal,FUNCHAL,PRT,17,26.91583333333333,0.5294117647058824,0.5294117647058824,10.920908692922984,1.0392820968940546,False
png-png-30,,PNG,17,276.44694444444445,1.0,1.0,67.5021116530435,13.5004223306087,False
swe-swe-481,SWE-481,SWE,17,73.4975,0.4117647058823529,0.29411764705882354,313.30379496445283,1.3032637809803365,False
rus-rus-8,,RUS,17,2.4027777777777777,1.0,0.11764705882352941,145.23806923987348,1.0506630258107523,False
mmr-kyaukpyu,,MMR,17,46.84527777777778,0.0,0.0,2075.599945141703,13.648606950384595,False
prt-leixoes,LEIXOES,PRT,17,26.944166666666668,0.7058823529411765,0.23529411764705882,151.8814571032567,1.0056790156718571,False
usa-sunshine,SUNSHINE,USA,17,91.27722222222222,0.4117647058823529,0.29411764705882354,1316.8327909720015,1.051046301397113,False
tur-tur-152,,TUR,17,35.02972222222222,0.058823529411764705,0.058823529411764705,417.6694215230476,1.2305896999131707,False
esp-esp-56,ESP-56,ESP,17,8.571111111111112,1.0,0.47058823529411764,182.2959439214119,1.0932800015952293,False
bra-santos,,BRA,17,143.22972222222222,0.5882352941176471,0.23529411764705882,189.880876773682,1.0296298721249577,False
est-est-26,EST-26,EST,17,28.50583333333333,0.0,0.0,477.94025967449335,50.0,False
nga-calabar,CALABAR,NGA,17,99.21916666666668,1.0,0.17647058823529413,303.13839504095824,50.0,False
usa-usa-1891,,USA,17,73.31666666666666,0.4117647058823529,0.4117647058823529,3249.9467733582705,1.0067934248507646,False
rus-voznesenye,VOZNESENYE,RUS,17,9.299444444444443,1.0,0.6470588235294118,68.25891385723375,1.070352667541899,False
dnk-vejle,VEJLE,DNK,17,15.93,0.11764705882352941,0.11764705882352941,190.81835973438388,1.676314027704308,False
cuw-caracasbay,CARACAS BAY,CUW,17,112.73638888888888,0.17647058823529413,0.23529411764705882,432.7698235682145,1.0489161774339097,False
fin-kaskinen,KASKINEN,FIN,17,44.059444444444445,0.5294117647058824,0.4117647058823529,107.07525660812728,1.1966477297601543,False
usa-yorktown,,USA,17,42.41166666666667,0.47058823529411764,0.058823529411764705,1325.2903126234987,1.0375344513315403,False
esp-esp-228,,ESP,17,33.35944444444444,0.4117647058823529,0.11764705882352941,204.63812344273538,1.0135125119582165,False
nld-enkhuizen,ENKHUIZEN,NLD,17,19.691666666666663,0.9411764705882353,0.9411764705882353,11.886558366916837,1.201716159220348,False
ton-neiafu,NEIAFU,TON,17,10.158333333333331,0.11764705882352941,0.0,403.17084351111566,1.338168849621866,False
est-virtsu,,EST,17,25.49944444444445,0.0,0.0,461.1892741777465,6.007124504618247,False
fin-fin-38,FIN-38,FIN,17,41.271388888888886,0.058823529411764705,0.17647058823529413,145.1527766739741,1.513371012017792,False
phl-libertad,LIBERTAD,PHL,17,31.134611111111116,0.47058823529411764,0.29411764705882354,392.13135891355716,1.026872907519192,False
mys-mys-1,,MYS,17,40.25083333333333,0.29411764705882354,0.11764705882352941,1974.9112988627114,1.4407688255481663,False
pan-cristobal,CRISTOBAL,PAN,17,84.03111111111112,0.17647058823529413,0.17647058823529413,1332.694523301467,1.0297169812964306,False
rus-kamyshin,KAMYSHIN,RUS,17,57.70111111111111,0.9411764705882353,0.4117647058823529,243.9553910756144,1.9355944522091528,False
jpn-kinwan,KINWAN,JPN,17,69.70666666666666,0.17647058823529413,0.058823529411764705,1661.9571726719792,1.0597535876410866,False
fin-hanko,,FIN,17,14.002222222222224,0.7058823529411765,0.6470588235294118,14.575432194659406,1.014958951459039,False
jpn-kuji,KUJI,JPN,17,118.93416666666668,0.8823529411764706,0.0,461.21228214910116,1.1147879776595069,False
jpn-misumi,MISUMI,JPN,17,47.79555555555555,0.5294117647058824,0.0,489.5069786168035,1.0090792380207017,False
nor-steinkjer,STEINKJER,NOR,17,53.33166666666666,0.29411764705882354,0.058823529411764705,857.5564999034028,1.1501830680806158,False
usa-porterie,PORT ERIE,USA,17,47.33027777777778,0.29411764705882354,0.8235294117647058,69.97751704826625,8.685321168958195,False
slb-maepu,,SLB,16,102.0411111111111,1.0,1.0,16.65704351490671,3.329089568895433,False
sgs-sgs-1,SGS-1,SGS,16,66.96194444444444,0.3125,0.3125,1093.3766997049195,1.788726629261189,False
tur-yalova,,TUR,16,116.01250000000002,0.875,0.8125,8.995395520101802,1.0003120705623672,False
jpn-yawatahama,YAWATAHAMA,JPN,16,105.56444444444443,0.625,0.5,98.77611209768781,1.0120831538634332,False
rus-rus-33,,RUS,16,5.485833333333334,1.0,0.0625,140.83748542480555,1.214785460168562,False
aus-bdong,,AUS,16,86.79333333333332,1.0,0.6875,10.202924375802107,1.2582839864466542,False
nga-oduduterminal,ODUDU TERMINAL,NGA,16,4.251388888888889,1.0,1.0,19.066209194188563,1.7664549814118025,False
jpn-jpn-497,JPN-497,JPN,16,75.09958333333333,0.5625,0.1875,274.3484645129728,1.0595904387496007,False
ukr-mariupol,,UKR,16,71.54722222222222,0.125,0.4375,101.95025050689742,1.181824104600309,False
nor-alvik,,NOR,16,81.58569444444444,0.875,0.5625,87.59962329553497,1.0303336586235141,False
nld-oudeschild,OUDESCHILD,NLD,16,20.57069444444444,1.0,1.0,20.529347149000213,1.891413523164685,False
nor-ulsteinvik,ULSTEINVIK,NOR,16,28.937222222222225,0.5625,0.375,285.6903453883841,1.030100741479353,False
nor-vannvag,VANNVAG,NOR,16,65.32444444444445,0.6875,0.625,53.65870507087707,1.0335270576666327,False
arg-campana,CAMPANA,ARG,16,13.46625,0.4375,0.375,830.791614737092,1.2007137481103358,False
chn-rushan,RUSHAN,CHN,16,45.47861111111111,0.8125,0.0625,270.52303631344256,1.3013204803144809,False
are-barakah,BARAKAH,ARE,16,31.545555555555556,0.8125,0.1875,173.9764860639459,1.397685367824744,False
bra-bra-74,BRA-74,BRA,16,41.31666666666666,0.5625,0.1875,218.35990232656732,1.0527027985881479,False
kna-kna-5,KNA-5,KNA,16,22.102916666666665,0.0625,0.6875,31.532487515054587,1.0376927515003476,False
ago-portoamboim,PORTO AMBOIM,AGO,16,34.35958333333333,0.9375,0.125,123.32795350973467,2.2412321244183033,False
nor-nor-490,NOR-490,NOR,16,9.55736111111111,0.875,0.5625,96.01647192926818,1.3239822339065697,False
ita-ita-141,ITA-141,ITA,16,42.424166666666665,0.0,0.0,795.2994370341501,1.0613478692751244,False
rus-rus-442,RUS-442,RUS,16,31.882083333333334,1.0,0.125,295.9159661775527,7.7464577023192085,False
chl-lirquen,LIRQUEN,CHL,16,37.11416666666667,0.8125,0.0625,195.89713998781264,1.1481958247120212,False
bmu-kingswharf,KINGS WHARF,BMU,16,21.345694444444444,0.125,0.125,856.9591389588904,1.2699586147546822,False
ind-vadinar,VADINAR,IND,16,58.88527777777778,0.4375,0.0,734.6919153397928,4.007003209328539,False
jpn-jpn-361,,JPN,16,32.483333333333334,0.75,0.5,99.27797530958298,1.0537453791523568,False
mex-mex-161,,MEX,16,45.16291666666667,0.9375,0.0,559.8669419619138,1.0102425432738786,False
qat-qat-12,QAT-12,QAT,16,27.35972222222222,0.875,0.875,8.93539244962828,1.0814830041706345,False
usa-sacramento,SACRAMENTO,USA,16,85.33958333333334,0.75,0.6875,53.79267912869045,1.7536043690807934,False
tur-derince,DERINCE,TUR,16,49.17375,0.5,0.25,362.2783659899268,1.2715386840019072,False
nld-stavoren,,NLD,16,21.367916666666666,1.0,1.0,10.91194785659787,1.2987400564069342,False
grc-grc-267,,GRC,16,9.244722222222222,0.375,0.3125,603.7662574966581,1.0028074715053954,False
grc-grc-342,GRC-342,GRC,16,42.99757638888889,0.1875,0.0625,513.9227151647523,1.0236938241119793,False
grc-grc-174,GRC-174,GRC,16,33.785,0.0625,0.0,434.5868910606257,1.025345012918192,False
svn-koper,KOPER,SVN,16,24.16402777777778,0.125,0.625,34.075365752161105,1.0404999860510478,False
fra-nice,NICE,FRA,16,27.083333333333332,0.0625,0.0625,406.1485125225197,1.1384770523349652,False
usa-geismar,GEISMAR,USA,16,58.70916666666667,1.0,0.8125,99.35897619415266,1.0546922343174867,False
nld-nld-489,,NLD,16,21.58611111111111,1.0,1.0,11.84488049778838,1.7082191997932359,False
idn-idn-262,,IDN,16,54.75472222222222,1.0,0.25,406.4056439470023,1.0930944141661536,False
esp-bermeo,BERMEO,ESP,16,42.911944444444444,0.5,0.3125,318.0125389781708,1.0068370466625682,False
usa-bellingham,BELLINGHAM,USA,16,111.53930555555556,0.8125,0.75,49.63024456303724,1.0389061029079354,False
jpn-mizushima,MIZUSHIMA,JPN,16,77.96055555555556,0.4375,0.25,397.1912916256773,1.0690901555007262,False
fro-fuglafjordur,FUGLAFJORDUR,FRO,16,5.236111111111111,0.0625,0.0625,1117.1904599072827,1.005217059660953,False
grc-koroni,KORONI,GRC,16,39.435833333333335,0.1875,0.125,617.7682599462705,1.110646648104445,False
cuw-fuikbaai,FUIK BAAI,CUW,16,38.47972222222222,0.0625,0.25,147.25832038588263,1.01821816738364,False
irn-foroozanfield,,IRN,16,9.263194444444444,0.8125,1.0,0.0,1.0,False
nor-lodingen,LODINGEN,NOR,15,40.38555555555556,0.4666666666666667,0.06666666666666667,469.97007621368033,1.1263857364235725,False
chn-nanpenglieisland,NANPENGLIE ISLAND,CHN,15,6.456111111111111,0.8666666666666667,0.0,265.6246027539178,1.0480569461939813,False
jpn-uwajima,UWAJIMA,JPN,15,99.9625,0.7333333333333333,0.6666666666666666,0.25442149817158716,1.0,False
nor-rognan,ROGNAN,NOR,15,131.08194444444445,0.3333333333333333,0.0,834.8850148023521,2.019714318764679,False
bra-bra-258,BRA-258,BRA,15,85.8775,0.2,0.06666666666666667,2617.9505161610596,1.0945824438594671,False
usa-fourchon,,USA,15,52.73027777777778,0.7333333333333333,0.13333333333333333,411.74593853042245,1.0413680402042875,False
bra-portoalegre,,BRA,15,3.2202777777777776,1.0,1.0,6.77515173665535,1.0022786859517856,False
sur-sur-7,,SUR,15,48.80916666666667,1.0,1.0,11.333361400933901,1.013122550549691,False
grc-grc-216,,GRC,15,56.16277777777778,0.0,0.0,1086.1581089480867,1.4757020124597457,False
rus-rus-156,,RUS,15,8.01361111111111,1.0,0.7333333333333333,75.86709566639745,1.0605485978548976,False
usa-valdez,,USA,15,22.105555555555554,0.9333333333333333,0.0,1958.9030514667404,11.010219201875396,False
tur-yarimca,YARIMCA,TUR,15,40.62472222222223,0.4666666666666667,0.26666666666666666,317.5064527283844,1.1413542234818235,False
rus-rus-250,RUS-250,RUS,15,13.383333333333333,1.0,0.2,136.25309013414662,1.00361590051681,False
rus-kuybyshevskiyzaton,KUYBYSHEVSKIY ZATON,RUS,15,9.03888888888889,1.0,0.2,121.2854718002588,1.169762385383611,False
rus-rus-438,RUS-438,RUS,15,41.74388888888889,0.4,0.2,247.19517823782857,1.1010746762636843,False
jpn-okayama,,JPN,15,59.06055555555555,0.6,0.06666666666666667,372.92048898932524,1.0122142275820698,False
gbr-milfordhaven,MILFORD HAVEN,GBR,15,35.125,0.6,0.5333333333333333,95.4024473178008,1.0734866183765643,False
idn-idn-334,IDN-334,IDN,15,9.864722222222222,1.0,0.0,443.76718060874333,1.5549486084507083,False
rus-rus-53,,RUS,15,10.00361111111111,1.0,0.9333333333333333,47.54917499089911,1.0216415141026816,False
rus-rybinsk,RYBINSK,RUS,15,11.450555555555557,1.0,0.26666666666666666,187.96989639941648,1.0693531262380624,False
pol-gdynia,,POL,15,41.1375,0.4,0.4,109.15089704396443,1.0609087627210965,False
rus-balakovo,,RUS,15,82.39083333333333,1.0,0.13333333333333333,227.37741517853104,4.705290294746818,False
can-can-165,CAN-165,CAN,15,45.16333333333333,0.7333333333333333,0.0,509.1827759171509,2.286183399877627,False
usa-stuartisland,,USA,15,133.98888888888888,0.0,0.8666666666666667,38.02688802281769,1.0132887960018468,False
ind-karwar,,IND,15,132.17055555555555,0.8,0.5333333333333333,0.13946439626152526,1.0,False
arg-puntaquilla,,ARG,15,84.82138888888889,0.5333333333333333,0.0,1044.528498182965,1.149269745234849,False
qat-qat-1,,QAT,15,27.16593888888889,0.4,0.6,95.52832648621482,1.0974422227009204,False
nor-sunde,,NOR,15,78.48055555555555,0.4666666666666667,0.3333333333333333,202.82750969505423,1.1791810158279339,False
nor-svelvik,SVELVIK,NOR,15,10.661111111111111,1.0,1.0,11.40481830404049,1.0562321337430964,False
nor-molde,MOLDE,NOR,15,2.8969444444444443,1.0,1.0,20.74355782923972,1.0630764310982803,False
ken-mombasa,,KEN,15,73.63583333333334,0.06666666666666667,0.06666666666666667,2013.8901242448544,3.6523058925954683,False
can-can-450,CAN-450,CAN,15,24.057222222222222,0.0,0.0,2742.1229202662703,1.0509905024016963,False
nor-nor-414,NOR-414,NOR,15,5.729444444444445,1.0,0.7333333333333333,51.266125925075805,1.0291694593261569,False
arg-arg-18,,ARG,14,153.12083333333334,1.0,0.5,105.72632817910464,1.011170839322793,False
sjm-barentsburg,BARENTSBURG,SJM,14,55.627222222222215,0.0,0.0,1551.163152843533,10.182853120617903,False
nor-nor-695,,NOR,14,17.87847222222222,0.0,0.14285714285714285,338.20554872773215,1.0028843332595758,False
ukr-kiliya,KILIYA,UKR,14,16.00208333333333,0.14285714285714285,1.0,5.417298944557651,1.0513664251340296,False
deu-glowe,GLOWE,DEU,14,0.7101388888888889,1.0,1.0,22.986238618066352,1.0139597129301439,False
bra-bra-49,BRA-49,BRA,14,29.52388888888889,1.0,0.6428571428571429,17.43135180717688,1.0465946238168273,False
grc-elefsis,ELEFSIS,GRC,14,69.92152777777778,0.5,0.5,191.43670808893245,1.0256126625126663,False
chn-changdao,CHANGDAO,CHN,14,54.34527777777778,0.8571428571428571,0.21428571428571427,336.6671213584868,1.2172701685844585,False
gbr-millport,MILLPORT,GBR,14,33.85557361111111,0.7857142857142857,0.7142857142857143,22.976371036688086,1.0115332588719559,False
arg-arg-11,,ARG,14,4.093333333333334,0.0,0.6428571428571429,43.011834789078094,1.0254692372181646,False
are-zakumfield,ZAKUM FIELD,ARE,14,52.83625,0.35714285714285715,0.42857142857142855,217.36702411915434,1.0985109461755762,False
idn-idn-432,,IDN,14,24.246944444444445,1.0,0.5,200.84721097009708,1.0075367114638425,False
ind-bhavnagarnewport,,IND,14,125.69069444444443,0.42857142857142855,0.14285714285714285,896.8977641420379,1.063877258604782,False
ven-bajogrande,BAJO GRANDE,VEN,14,37.69736111111111,1.0,0.8571428571428571,24.048445148719626,1.0736551896678352,False
ita-augusta,,ITA,14,63.56180555555555,0.5,0.14285714285714285,494.36224030555104,1.2333132281487993,False
esp-corcubion,CORCUBION,ESP,14,29.063333333333333,0.21428571428571427,0.14285714285714285,675.2862493204591,1.3812800922257573,False
usa-tarrytown,,USA,14,191.10527777777776,0.8571428571428571,0.35714285714285715,187.14434771584493,1.1036040223853254,False
rus-rus-351,,RUS,14,87.86569444444444,1.0,0.21428571428571427,2294.336674515928,1.0015240814682165,False
tur-haydarpasa,HAYDARPASA,TUR,14,26.844305555555557,0.35714285714285715,0.2857142857142857,372.09014866315755,1.0810997070160475,False
gab-oguendjoterminal,,GAB,14,50.88791666666667,0.07142857142857142,0.07142857142857142,5218.190186041159,1.0626117727638085,False
pol-pol-27,POL-27,POL,14,30.445,0.6428571428571429,0.6428571428571429,36.053908168220715,1.0721347489712751,False
mlt-mlt-23,MLT-23,MLT,14,9.695138888888888,0.0,0.0,1029.705071140948,1.0322228226393109,False
usa-alliance,,USA,14,118.81458333333333,0.6428571428571429,0.5714285714285714,36.39493345047714,1.048469892751175,False
fra-fra-186,FRA-186,FRA,14,17.72958333333333,0.07142857142857142,0.07142857142857142,323.72761850053064,1.0260432388497,False
fra-fra-192,,FRA,14,43.045277777777784,0.14285714285714285,0.0,422.4968412643334,1.105563679669327,False
aus-portkembla,PORT KEMBLA,AUS,14,40.68194444444444,0.7142857142857143,0.14285714285714285,403.2599236084675,1.0527458065003954,False
aus-melbourne,MELBOURNE,AUS,14,44.2025,0.5714285714285714,0.14285714285714285,760.570590393803,1.4299068431953657,False
usa-cluckanut,,USA,14,164.76,0.7142857142857143,0.7142857142857143,49.63024456303724,1.0140486877416492,False
per-tierracolorada,TIERRA COLORADA,PER,14,19.401805555555555,0.07142857142857142,0.0,841.7321050983122,1.5130078514673226,False
usa-geismar,,USA,14,104.00944444444445,0.5714285714285714,0.5714285714285714,99.35897619415266,1.079131392058343,False
usa-lakecharles,LAKE CHARLES,USA,14,64.31527777777778,0.5,0.42857142857142855,819.897361428827,1.0554382471707444,False
tha-tha-83,,THA,14,155.95999999999998,0.2857142857142857,0.21428571428571427,421.49158037393113,26.051365863659218,False
idn-celukanbawang,CELUKAN BAWANG,IDN,14,432.29291666666666,1.0,0.14285714285714285,152.1736714773863,1.062780663264737,False
slb-slb-16,SLB-16,SLB,14,98.27819444444444,1.0,0.7857142857142857,49.49542582723711,5.204134818244327,False
ncl-noumea,NOUMEA,NCL,14,13.799722222222222,0.14285714285714285,0.14285714285714285,678.1560338170062,1.0517179273597013,False
nor-skogn,SKOGN,NOR,14,14.620000000000001,0.7857142857142857,0.5714285714285714,19.09534419432038,1.1106395194984757,False
nor-roald,,NOR,14,14.824166666666667,1.0,0.5714285714285714,55.19771348494473,1.0737480199599696,False
ukr-sevastopol,,UKR,14,21.00472222222222,0.07142857142857142,0.0,237.24559634327449,1.3033265696882108,False
arg-arg-92,,ARG,14,9.651666666666667,0.2857142857142857,0.0,234.31503257977573,1.0484045591390356,False
fra-douarnenez,DOUARNENEZ,FRA,14,34.96055555555556,0.5714285714285714,0.42857142857142855,179.29603009966542,1.0294632598699731,False
nga-penningtonterminal,PENNINGTON TERMINAL,NGA,14,180.8913888888889,0.35714285714285715,0.35714285714285715,277.1048487824641,1.000186941441797,False
mys-tanjunglangsat,TANJUNG LANGSAT,MYS,14,37.196527777777774,0.42857142857142855,0.42857142857142855,346.42726752329753,1.1309122108923315,False
usa-portisabel,PORT ISABEL,USA,14,56.00486111111111,0.5714285714285714,0.0,457.1033458350594,1.0745017350284156,False
chn-chn-2040,CHN-2040,CHN,14,24.508333333333333,1.0,0.21428571428571427,134.8406220039289,1.072450978048681,False
grc-galaxidi,GALAXIDI,GRC,14,108.47347222222223,0.07142857142857142,0.07142857142857142,1149.0006172409362,1.3085427824934464,False
grc-mytilini,MYTILINI,GRC,14,24.616666666666667,0.14285714285714285,0.14285714285714285,306.1372131511839,1.0417434962479524,False
ven-ven-23,VEN-23,VEN,13,20.20611111111111,0.6923076923076923,0.07692307692307693,230.42911285794753,1.4398893730677387,False
nor-byrknes,,NOR,13,46.77027777777778,1.0,1.0,43.15632416077057,1.0063107669957272,False
nor-helgeroa,,NOR,13,10.465,0.7692307692307693,0.7692307692307693,37.07835886308033,1.4715793719781065,False
swe-swe-77,SWE-77,SWE,13,42.385,0.46153846153846156,0.6153846153846154,68.07579327247102,1.0719850050820439,False
jpn-yura,YURA,JPN,13,241.9988888888889,0.8461538461538461,0.38461538461538464,101.75618091361743,1.0347243239968267,False
kor-anjeong,ANJEONG,KOR,13,120.76527777777778,0.9230769230769231,0.9230769230769231,13.330397248387376,1.027372669554791,False
chn-chn-927,CHN-927,CHN,13,78.00111111111111,0.6153846153846154,0.46153846153846156,295.4360838787725,1.8696695350621682,False
can-lesmechins,LES MECHINS,CAN,13,181.98588333333333,1.0,0.38461538461538464,268.41681645332017,1.0119340321325438,False
jpn-jpn-330,,JPN,13,23.432222222222222,0.23076923076923078,0.07692307692307693,963.0916479500348,1.0225093626882555,False
swe-halmstad,HALMSTAD,SWE,13,21.196944444444444,0.07692307692307693,0.23076923076923078,202.43498175437773,1.4843042325632385,False
jpn-jpn-302,JPN-302,JPN,13,71.9413888888889,0.46153846153846156,0.07692307692307693,523.3928945263252,1.1540306562404012,False
rus-rus-31,,RUS,13,6.063888888888889,1.0,0.38461538461538464,172.16444500972565,1.0609343210121966,False
fro-leirvik,LEIRVIK,FRO,13,19.5275,0.38461538461538464,0.38461538461538464,614.4094543128685,1.9755583734398876,False
ind-okha,OKHA,IND,13,192.5313888888889,0.38461538461538464,0.3076923076923077,695.7148088319202,1.034230179056262,False
mex-acapulco,,MEX,13,40.95361111111111,1.0,0.0,273.07826486391434,1.0531838961892195,False
hrv-malilosinj,MALI LOSINJ,HRV,13,352.3797222222222,0.0,0.5384615384615384,94.68181123933289,1.182111914640375,False
lca-rodneybay,RODNEY BAY,LCA,13,11.35777777777778,0.0,0.8461538461538461,97.82298322794433,1.0764562785717593,False
usa-beaufort,BEAUFORT,USA,13,97.17416666666666,0.38461538461538464,0.0,1519.9848038525588,1.0964902515772608,False
mex-mex-202,,MEX,13,127.69277777777778,0.5384615384615384,0.15384615384615385,1012.2651622930966,1.0087753293639143,False
chn-chn-2217,CHN-2217,CHN,13,5.674166666666666,0.8461538461538461,0.07692307692307693,312.2551505102232,1.063967764599374,False
jpn-hakata,HAKATA,JPN,13,17.70277777777778,0.5384615384615384,0.3076923076923077,246.82512837300203,1.2251943105989453,False
gbr-gbr-403,,GBR,13,30.816666666666663,0.6923076923076923,0.15384615384615385,378.4308683323169,3.4357059588087857,False
pak-gadanianchorage,,PAK,13,161.8647222222222,0.8461538461538461,0.8461538461538461,0.9746033858456531,1.0000300291562325,False
esp-elferrol,EL FERROL,ESP,13,57.76305555555555,0.3076923076923077,0.15384615384615385,534.2920453660248,1.2804555718294717,False
gbr-gbr-308,GBR-308,GBR,13,38.68944444444445,0.23076923076923078,0.07692307692307693,519.6755683390725,1.6216604270991986,False
idn-idn-286,,IDN,13,29.512441666666664,1.0,0.0,1286.8608728972881,1.022680815157967,False
can-can-279,CAN-279,CAN,13,191.9988888888889,1.0,1.0,34.054149359838064,1.0118244819198472,False
can-can-275,CAN-275,CAN,13,55.50305555555556,0.9230769230769231,0.9230769230769231,23.511338232229892,1.0208185160820182,False
chn-chn-2193,CHN-2193,CHN,13,48.88166666666667,0.15384615384615385,0.0,456.9405918258561,1.788802247106517,False
fra-lapallice,LA PALLICE,FRA,13,48.79444444444445,0.23076923076923078,0.23076923076923078,724.3207732266302,1.13048872888667,False
fin-uusikaupunki,,FIN,13,11.438611111111111,0.6153846153846154,0.5384615384615384,39.1376580096065,1.117049696734696,False
grc-nafplion,NAFPLION,GRC,13,43.68194444444445,0.6153846153846154,0.46153846153846156,106.54228120701316,1.0758936089516302,False
usa-quartermaster,QUARTERMASTER,USA,13,35.666666666666664,0.6923076923076923,0.23076923076923078,807.3871489051552,1.2595628199915314,False
deu-wilhelmshaven,,DEU,13,92.93027777777776,0.46153846153846156,0.46153846153846156,165.83657611292693,1.024415831472637,False
aus-queenscliff,QUEENSCLIFF,AUS,13,51.76583333333333,0.5384615384615384,0.07692307692307693,1156.770596145617,1.0700784415941706,False
jpn-katakami,,JPN,13,63.926944444444445,0.07692307692307693,0.0,488.69993609902684,1.2577256120187914,False
usa-usa-712,USA-712,USA,13,3.5544444444444445,1.0,1.0,25.387186046378513,1.0319369161515295,False
deu-hooksiel,,DEU,13,25.460833333333333,0.46153846153846156,0.5384615384615384,45.70844845029085,1.1914571184819847,False
rus-rus-182,RUS-182,RUS,13,8.380555555555556,1.0,0.38461538461538464,140.64791705719904,1.094575120529508,False
rus-rus-139,RUS-139,RUS,13,17.24972222222222,0.3076923076923077,0.15384615384615385,391.8260367423242,1.1505245017447854,False
nor-nor-816,,NOR,13,74.66583333333334,0.0,0.0,1255.118849309385,5.071343922654807,False
ind-ind-100,,IND,12,116.36541666666668,0.6666666666666666,0.08333333333333333,656.8335697207835,1.102749865917978,False
jpn-fukura,FUKURA,JPN,12,148.7447222222222,0.6666666666666666,0.5,79.13589711966605,1.0012442513202695,False
kor-kor-1,,KOR,12,27.330833333333338,1.0,0.75,62.85117367796615,1.3051604746567764,False
ind-alanganchorage,,IND,12,20.215972222222224,0.25,0.0,920.4837685959901,1.0436233707863516,False
kor-daecheonhang,DAECHEONHANG,KOR,12,155.61180555555558,0.25,0.25,489.6627166220373,1.3973550306739984,False
usa-kingston,KINGSTON,USA,12,11.557916666666666,1.0,1.0,54.55678298739194,1.0148005051831492,False
usa-gramercy,GRAMERCY,USA,12,106.245,0.6666666666666666,0.5833333333333334,74.09144545809048,1.0692048565530696,False
nor-sorreisa,SORREISA,NOR,12,39.26444444444445,0.75,0.25,140.9453039585165,1.0015483908099474,False
grc-grc-103,,GRC,12,76.64819444444444,0.08333333333333333,0.08333333333333333,340.8609350142086,1.0784497084305231,False
png-png-34,,PNG,12,209.91833333333335,0.9166666666666666,0.9166666666666666,11.60878909119062,2.3217578182381238,False
esp-sanandres,SAN ANDRES,ESP,12,8.442916666666667,1.0,0.5833333333333334,48.169576067076676,1.0784415544052364,False
png-karu,,PNG,12,136.07666666666665,0.5833333333333334,0.16666666666666666,101.74308590640184,10.837759767997987,False
nor-nor-375,,NOR,12,5.267638888888889,0.9166666666666666,0.5833333333333334,68.0493973251614,1.0372712374497854,False
gbr-lochaline,LOCHALINE,GBR,12,30.808194444444446,0.25,0.0,428.5177416064073,7.035602609784248,False
nor-nor-602,NOR-602,NOR,12,55.98027777777778,0.6666666666666666,0.3333333333333333,204.03180423415753,1.0050591205040984,False
usa-ludington,LUDINGTON,USA,12,23.52361111111111,0.25,0.08333333333333333,320.2471223885239,4.383860262842907,False
can-can-224,CAN-224,CAN,12,129.56069444444444,0.6666666666666666,0.4166666666666667,213.93337310834997,1.0182345772729804,False
tur-tur-119,TUR-119,TUR,12,13.686666666666666,0.25,0.08333333333333333,570.6914148453357,1.1462232255142057,False
nld-maassluis,MAASSLUIS,NLD,12,78.29568333333333,0.0,0.08333333333333333,990.8645762549581,1.6991578687653133,False
usa-usa-1746,USA-1746,USA,12,18.26694444444444,1.0,0.9166666666666666,32.14220416304964,1.0354550840497976,False
swe-brofjorden,BROFJORDEN,SWE,12,32.92319444444445,0.3333333333333333,0.4166666666666667,357.6756855681542,1.0308595110766077,False
dom-caborojo,CABO ROJO,DOM,12,37.370000000000005,0.08333333333333333,0.08333333333333333,1172.5921536905335,1.0398416523655474,False
nor-hemnesberget,HEMNESBERGET,NOR,12,25.450694444444444,0.5833333333333334,0.5,78.19086113052663,1.054334168420087,False
slb-slb-21,,SLB,12,106.20972222222223,1.0,0.9166666666666666,27.87612646558132,2.747299120399636,False
omn-khasab,KHASAB,OMN,12,6.22625,0.3333333333333333,1.0,60.11073008606988,1.2567685401161581,False
rus-kirovsk,KIROVSK,RUS,12,17.609444444444442,1.0,0.5833333333333334,62.01477269001255,1.007820464547657,False
chn-chn-2284,CHN-2284,CHN,12,28.29152777777778,1.0,0.75,19.83097747999524,1.039944040861088,False
slb-slb-14,,SLB,12,122.36486111111111,1.0,1.0,13.5831907173897,3.1993873184379664,False
ita-piombino,PIOMBINO,ITA,12,93.92180555555555,0.5833333333333334,0.25,370.0402682958312,1.1590228175810509,False
dnk-roenne,ROENNE,DNK,12,42.79958333333333,0.16666666666666666,0.08333333333333333,160.42024471081774,2.420641738362688,False
chn-chn-132,CHN-132,CHN,12,13.819861111111111,0.6666666666666666,0.4166666666666667,364.46268611928383,1.1739344211451193,False
tur-hereke,HEREKE,TUR,12,39.33361111111111,0.25,0.16666666666666666,1298.6219668790081,1.5770736725434185,False
swe-vallvik,VALLVIK,SWE,12,57.913611111111116,0.25,0.0,295.5846668953126,1.139605892577686,False
grc-stylida,STYLIDA,GRC,12,96.74013888888888,0.08333333333333333,0.08333333333333333,573.3344493327904,1.2451886560652068,False
prt-prt-27,PRT-27,PRT,12,28.548055555555557,1.0,1.0,9.306953357240177,1.086559472610091,False
rus-glinnik,,RUS,12,15.187361111111112,1.0,0.8333333333333334,4.543979025432629,1.0169739482823628,False
gbr-southampton,SOUTHAMPTON,GBR,12,21.331111111111113,0.16666666666666666,0.16666666666666666,1297.6889838681768,1.0911566526506515,False
rus-rus-294,,RUS,12,51.86763888888889,0.25,0.25,1447.0488282823985,2.5108607691347187,False
gbr-gbr-251,GBR-251,GBR,12,14.229722222222223,0.08333333333333333,0.08333333333333333,447.14664839226816,1.1115969547391606,False
ind-sikkaanchorage,,IND,12,46.966944444444444,1.0,1.0,9.234374345824849,1.0299697567368227,False
per-sannicolas,,PER,12,272.9448611111111,0.4166666666666667,0.3333333333333333,1275.6254647267392,1.0374644378082882,False
jpn-tottori,,JPN,11,105.78444444444445,0.7272727272727273,0.2727272727272727,271.26763341807896,1.1554138890390138,False
ncl-ncl-17,,NCL,11,42.94277777777778,0.7272727272727273,0.45454545454545453,145.79117315587266,1.236649073873116,False
can-portmcneill,PORT MCNEILL,CAN,11,43.51055555555556,0.09090909090909091,0.0,791.3795810372321,6.339350439635483,False
usa-newhaven,NEW HAVEN,USA,11,52.66611111111112,0.9090909090909091,0.6363636363636364,69.77749401147086,1.039020542928417,False
ita-ita-248,ITA-248,ITA,11,192.1627777777778,0.36363636363636365,0.18181818181818182,815.0892504059184,1.0490296622304252,False
ind-ind-122,,IND,11,68.16083333333333,0.5454545454545454,0.18181818181818182,722.709057511918,1.1043601027248164,False
ukr-ukr-46,UKR-46,UKR,11,52.18222222222222,0.0,0.0,335.6400710618849,1.0014549916990987,False
tur-tur-171,TUR-171,TUR,11,36.321666666666665,0.45454545454545453,0.0,262.41238011343387,1.0367205166826463,False
can-can-300,CAN-300,CAN,11,115.54555555555557,0.2727272727272727,0.09090909090909091,599.4848867499223,1.9510696892556127,False
chn-chn-1151,CHN-1151,CHN,11,65.70333333333333,0.5454545454545454,0.0,651.7556023719515,1.2298500615287054,False
rus-rus-238,,RUS,11,6.705277777777778,1.0,0.0,178.38709017505425,1.1142514126242646,False
bra-bra-243,BRA-243,BRA,11,66.40916666666666,0.5454545454545454,0.0,1079.0663314779677,1.180411239001966,False
nld-nld-16,,NLD,11,29.07138888888889,0.5454545454545454,0.5454545454545454,34.96319433005502,1.086254454913169,False
prk-prk-19,,PRK,11,370.37,0.7272727272727273,0.0,282.4053595599835,50.0,False
kaz-aktau,AKTAU,KAZ,11,44.64222222222222,0.0,0.0,213.8914221227375,25.60088044260228,False
rus-rus-164,,RUS,11,9.706388888888888,1.0,0.2727272727272727,188.81110546075985,2.9554491950576947,False
grc-corfu,CORFU,GRC,11,11.976666666666668,0.18181818181818182,0.09090909090909091,423.25919700858884,1.1890577496011674,False
gin-dapilon,,GIN,11,115.43916666666668,0.5454545454545454,0.5454545454545454,23.423431457639197,5.4826055389265065,False
fra-fra-22,FRA-22,FRA,11,59.4125,0.9090909090909091,0.9090909090909091,23.574718293291433,1.098169387678073,False
phl-phl-125,,PHL,11,249.4525,0.0,0.0,1070.7923788245914,3.969523712914179,False
fin-pietarsaari,PIETARSAARI,FIN,11,72.67527777777778,0.18181818181818182,0.09090909090909091,339.8663510904109,1.3295115443281171,False
usa-lantana,LANTANA,USA,11,44.98777777777778,1.0,0.9090909090909091,8.788356970228724,1.757671394045745,False
nor-nor-540,,NOR,11,30.51305555555556,0.45454545454545453,0.45454545454545453,361.78370973131575,1.8795180125955517,False
can-stpierre,ST PIERRE,CAN,11,24.06833333333333,0.6363636363636364,0.2727272727272727,615.3260919267613,1.0621383158997604,False
nor-nor-766,NOR-766,NOR,11,22.258333333333333,0.6363636363636364,0.36363636363636365,136.49327956398778,1.6914454106000334,False
ukr-mariupol,MARIUPOL,UKR,11,63.57666666666667,0.0,0.5454545454545454,89.21772704068454,1.1961471259143073,False
ukr-ochakiv,OCHAKIV,UKR,11,21.67527777777778,0.7272727272727273,0.7272727272727273,44.48060730523423,1.1627420839644078,False
ind-ind-86,,IND,11,233.6761111111111,0.9090909090909091,0.0,741.880932430676,50.0,False
usa-usa-1811,,USA,11,70.28583333333333,0.7272727272727273,0.7272727272727273,44.46566996973957,9.309047345692866,False
fra-fra-401,FRA-401,FRA,11,65.40944444444445,0.18181818181818182,0.18181818181818182,970.5795553364119,1.102198263223811,False
usa-fortandrews,FORT ANDREWS,USA,11,24.44972222222222,0.7272727272727273,0.5454545454545454,60.54517536238455,1.0093789642348066,False
bra-santosanchorage,SANTOS ANCHORAGE,BRA,11,79.17694444444444,0.36363636363636365,0.09090909090909091,3396.548124235499,1.091388041945923,True
jpn-tsuneishi,,JPN,11,215.9388888888889,0.6363636363636364,0.45454545454545453,107.25793295562525,1.00009783649856,False
idn-tarjun,TARJUN,IDN,11,69.74142777777779,0.6363636363636364,0.0,717.4040256848057,8.989132165196702,False
usa-usa-1835,,USA,11,8.346666666666666,0.09090909090909091,0.0,1285.0047695072703,1.0093295406709575,False
rus-rus-291,RUS-291,RUS,11,48.03833333333333,0.8181818181818182,0.2727272727272727,699.4195767833926,1.1761044527583022,False
nor-nesna,NESNA,NOR,11,52.86888888888889,0.9090909090909091,0.9090909090909091,27.971081486112418,1.0129347073407182,False
ukr-ukr-108,,UKR,11,74.57972222222222,0.0,0.36363636363636365,235.17811372842388,1.0993573458752408,False
rus-saratov,,RUS,11,13.824722222222222,1.0,0.2727272727272727,167.6617970402047,1.0664000617307126,False
idn-idn-404,IDN-404,IDN,11,99.40138888888887,1.0,0.2727272727272727,455.79165379601295,6.1426240266521965,False
gbr-poole,,GBR,11,20.51083333333333,0.2727272727272727,0.09090909090909091,244.8922405647864,1.063215931789257,False
rou-tatanir,,ROU,11,15.97861111111111,0.5454545454545454,0.8181818181818182,16.76446575708118,1.0611762770621782,False
kor-masan,MASAN,KOR,11,19.954444444444444,0.8181818181818182,0.8181818181818182,14.972094590857145,1.0115573671704559,False
gbr-douglas,DOUGLAS,GBR,11,21.77777777777778,0.9090909090909091,0.9090909090909091,65.4726493837919,1.2986023692696527,False
nor-fedje,FEDJE,NOR,11,28.00111111111111,0.36363636363636365,0.18181818181818182,415.052849142838,1.9245611813637815,False
nor-eikefjord,,NOR,11,7.370833333333334,0.9090909090909091,0.5454545454545454,81.78087061245557,1.1010903923386164,False
usa-portsmouth,PORTSMOUTH,USA,11,46.520833333333336,0.7272727272727273,0.18181818181818182,289.7035783314751,1.0238928324820913,False
deu-deu-549,DEU-549,DEU,11,41.96194444444444,0.09090909090909091,0.09090909090909091,979.1670424726216,3.623657706911888,False
blm-ilefourchue,ILE FOURCHUE,BLM,11,10.45,0.0,0.45454545454545453,102.7281676712743,4.841814016362726,False
gbr-torquay,TORQUAY,GBR,11,36.46888888888889,0.2727272727272727,0.2727272727272727,304.55210635692873,1.1040343091049971,False
kor-okpo,,KOR,11,297.9005555555556,0.9090909090909091,0.9090909090909091,5.792396278803239,1.0000058380531844,False
prt-prt-55,PRT-55,PRT,11,24.17805555555556,0.9090909090909091,0.18181818181818182,510.25598845889937,1.3474730270080535,False
chn-chn-1186,CHN-1186,CHN,11,45.56055555555555,0.7272727272727273,0.18181818181818182,483.23968643453804,1.0631277032378648,False
nld-terneuzen,TERNEUZEN,NLD,11,52.80777777777778,0.18181818181818182,0.36363636363636365,273.77605771110217,1.051726743983442,False
nor-hammerfest,,NOR,11,11.891388888888889,0.8181818181818182,0.0,282.6779389085974,1.2487700803072805,False
jpn-kobe,KOBE,JPN,11,27.919166666666666,0.2727272727272727,0.18181818181818182,901.9214885274598,1.0133846972485865,False
nor-fonnes,FONNES,NOR,11,32.901944444444446,0.09090909090909091,0.0,520.2362876858489,2.7896200873818713,False
chn-chn-433,CHN-433,CHN,11,37.51277777777778,1.0,0.2727272727272727,243.49638304204916,1.0047603166209782,False
jpn-osaka,OSAKA,JPN,11,35.60722222222222,0.5454545454545454,0.18181818181818182,252.91245294641794,1.0162364350127306,False
jpn-kudamatsu,KUDAMATSU,JPN,11,51.28638888888889,0.7272727272727273,0.6363636363636364,53.373000238727634,1.0034050050290837,False
usa-welcome,WELCOME,USA,11,113.9738888888889,0.8181818181818182,0.7272727272727273,70.39389505166618,1.0182984106268533,False
aus-fremantle,,AUS,11,20.740277777777777,0.5454545454545454,0.0,1785.226395868935,1.1261457476798178,False
arg-puertomadryn,PUERTO MADRYN,ARG,11,171.80277777777778,0.6363636363636364,0.09090909090909091,578.0380366715823,1.6318281651903441,False
nor-raudeberg,,NOR,11,3.241111111111111,1.0,1.0,40.845366647461546,1.0497441291204788,False
sgp-tanahmerah,TANAH MERAH,SGP,11,84.41638888888889,0.09090909090909091,0.18181818181818182,750.8424148103635,1.0640570511595058,False
ita-palermo,PALERMO,ITA,11,26.85972222222222,0.7272727272727273,0.36363636363636365,120.48600465813621,1.2742250499260186,False
chn-chn-2364,CHN-2364,CHN,11,61.35944444444444,0.5454545454545454,0.09090909090909091,690.2972574475127,8.606595659941474,False
idn-idn-383,,IDN,11,192.85083333333333,0.2727272727272727,0.0,1534.0064700062062,1.6315176494403008,False
chn-dongguan,DONGGUAN,CHN,11,33.396388888888886,0.45454545454545453,0.2727272727272727,1019.2628887534185,1.0355189137089342,False
mar-tangier,TANGIER,MAR,11,4.9669444444444455,0.09090909090909091,0.36363636363636365,1029.3345489594105,1.0105270364206544,False
ita-calasetta,CALASETTA,ITA,10,39.10527777777778,0.9,0.8,7.616221189221493,1.029676575878863,False
are-sirabunuayr,SIR ABU NU AYR,ARE,10,15.3975,0.9,0.8,40.333295948316646,1.0636723389080096,False
arg-arg-33,,ARG,10,32.787083333333335,0.4,0.3,5169.703133370886,3.023281821780761,False
vir-greatstjamesisle,GREAT ST JAMES ISLE,VIR,10,39.65152777777777,0.6,0.9,39.70145414846474,1.1561988179015426,False
can-montreal,,CAN,10,12.534583333333332,0.4,0.3,2119.8372171274013,1.0023690908519023,False
usa-usa-1138,,USA,10,13.866111111111111,0.9,0.5,102.5505239275877,1.024007938703101,False
cod-block15,BLOCK 15,COD,10,19.270694444444445,0.3,0.5,95.08041495342681,1.1469143637304549,False
guf-guf-4,GUF-4,GUF,10,46.289027777777775,0.0,0.8,69.98525163200905,1.7401051080394554,False
gbr-gbr-134,GBR-134,GBR,10,30.934305555555554,0.4,0.1,452.2467193124734,3.294788467306416,False
cmr-cmr-4,CMR-4,CMR,10,41.414861111111115,0.1,0.1,697.7318899160155,1.1556349739469103,False
aus-aus-247,,AUS,10,30.22041666666667,0.9,0.8,14.551899095788695,1.0298719599845314,False
nld-amsterdam,,NLD,10,39.83819444444444,0.2,0.2,1851.6632793167582,2.2123247444727463,False
deu-eckernforde,ECKERNFORDE,DEU,10,14.462361111111111,0.9,0.9,0.0,1.0,False
dnk-horsens,HORSENS,DNK,10,63.95388888888889,0.3,0.3,137.82198440821514,1.0377014879627473,False
sgp-sembawang,SEMBAWANG,SGP,10,267.23,0.2,0.5,1572.3207449707202,1.0852984883446775,False
nor-kolvereid,KOLVEREID,NOR,10,5.268888888888888,0.9,0.2,146.3532029059004,1.0062210169086885,False
nor-rypefjord,RYPEFJORD,NOR,10,8.496527777777779,1.0,1.0,42.001672460531275,1.145301194875359,False
jpn-shiogama,SHIOGAMA,JPN,10,43.85791666666667,0.9,0.2,224.60506776237204,1.0152609451197137,False
idn-reo,REO,IDN,10,33.915838888888885,1.0,0.0,463.80037319616787,1.000017487520613,False
kor-aewol,AEWOL,KOR,10,14.408472222222223,1.0,0.9,78.85951928948472,1.613360185647268,False
tto-portofspain,PORT OF SPAIN,TTO,10,31.795416666666668,0.1,0.1,656.521588623146,1.13732895888137,False
fra-brest,BREST,FRA,10,33.85388888888889,0.4,0.2,364.8880240494376,1.3981410024393042,False
usa-usa-1824,USA-1824,USA,10,351.2627777777778,0.2,0.1,1936.4366045377822,1.0045086867559023,False
usa-goodhope,GOOD HOPE,USA,10,67.76805555555555,0.7,0.6,78.9245601236233,1.003059963004088,False
isr-telaviv-yafo,TEL AVIV-YAFO,ISR,10,6.369166666666667,0.7,0.7,48.83380538639515,1.140973066103175,False
jam-portesquivel,,JAM,10,87.6876388888889,0.2,0.2,753.5114620613845,2.556702942597451,False
guy-guy-8,GUY-8,GUY,10,26.090416666666666,0.1,0.1,343.80677886596663,1.3329748744626948,False
dnk-snekkersten,SNEKKERSTEN,DNK,10,37.28263888888889,0.1,0.1,390.490715776499,1.1517668509029617,False
chn-sanshaanchorage,SANSHA ANCHORAGE,CHN,10,10.320833333333333,0.3,0.1,645.4287153576297,1.0075449131989844,True
ven-cabimas,CABIMAS,VEN,10,116.07166666666666,1.0,0.5,63.303789805802666,1.5043446656136972,False
nor-sandnessjoen,SANDNESSJOEN,NOR,10,7.284759444444445,0.9,0.5,131.50251802086348,1.5014266207436768,False
rus-pamyatparizhskoy,PAMYAT PARIZHSKOY,RUS,10,6.942361111111111,1.0,0.3,102.36178431958879,1.0173589536710634,False
can-can-267,CAN-267,CAN,10,96.09722222222223,0.4,0.1,2173.916011968179,3.3727776236089664,False
bra-forno,FORNO,BRA,10,123.59041666666667,0.7,0.1,890.7417462156927,1.074976862020042,False
ury-ury-19,,URY,10,32.831944444444446,0.9,1.0,46.59962919497434,1.1016040569096253,False
grc-pythagoreio,PYTHAGOREIO,GRC,10,38.32722222222222,0.1,0.1,215.29552702993115,1.0565647122728792,False
egy-el-adabiyah,EL-ADABIYAH,EGY,10,227.36624999999998,0.3,0.3,618.736138534862,2.314722407766517,False
usa-barlowbay,,USA,10,56.58402777777778,0.9,0.4,394.11672381618814,1.0316787201125295,False
idn-kolaka,,IDN,10,21.318055555555556,1.0,0.2,104.41919420037176,1.0179356180516161,False
prt-setubal,SETUBAL,PRT,10,25.21472222222222,0.2,0.1,354.4136495165585,1.1722890770284846,False
idn-kumaianchorage,,IDN,10,38.05111111111111,1.0,0.0,257.9920797156841,49.81507256566666,False
mys-mys-109,,MYS,10,6.213055555555556,0.5,0.1,878.0215177590037,1.1996890624294387,False
grc-grc-193,GRC-193,GRC,10,147.57347222222222,0.6,0.4,211.8995802813543,1.5889134116977979,False
usa-porto'connor,PORT O'CONNOR,USA,10,20.593472222222225,0.9,0.6,24.29963869379911,1.05921238131722,False
irn-dayyer,DAYYER,IRN,10,33.223333333333336,0.6,0.6,53.42977904695172,1.0388313627982744,False
gbr-tees,TEES,GBR,10,36.74388888888889,0.0,0.0,278.7881049603935,1.1477873476355764,False
chn-jimiya,JIMIYA,CHN,10,21.967083333333335,0.8,0.5,126.37795111179025,1.0261997308866624,False
idn-belinyu,,IDN,9,30.80638888888889,0.3333333333333333,0.0,198.49533547067884,35.07772122796725,False
ita-torredelgreco,TORRE DEL GRECO,ITA,9,20.40861111111111,0.8888888888888888,0.8888888888888888,4.603992269663714,1.000116699947451,False
twn-kinmen,KINMEN,TWN,9,38.71138888888889,0.3333333333333333,0.4444444444444444,121.14602817500696,1.5374054937435144,False
grc-agioitheodoroi,AGIOI THEODOROI,GRC,9,56.621944444444445,0.3333333333333333,0.3333333333333333,185.17496585879744,1.1689258624635954,False
can-porthawkesbury,PORT HAWKESBURY,CAN,9,79.51166666666667,0.2222222222222222,0.0,1461.497697797783,1.125601272012697,False
chn-sansha,SANSHA,CHN,9,48.91138888888889,0.4444444444444444,0.3333333333333333,454.769754332071,1.014301363997261,False
grc-chalkissouthanchorage,CHALKIS SOUTH ANCHORAGE,GRC,9,222.53166666666667,0.7777777777777778,0.7777777777777778,3.0049279780275495,1.0000005734919035,True
fin-pargas,PARGAS,FIN,9,43.24888888888889,0.6666666666666666,0.4444444444444444,144.56454504906168,1.156921944962199,False
rus-rus-220,RUS-220,RUS,9,6.1,1.0,0.1111111111111111,116.1060184062992,1.017300149255832,False
fji-fji-45,,FJI,9,98.10111111111112,0.1111111111111111,0.1111111111111111,3921.909808166623,50.0,False
cyp-limassol,,CYP,9,7.825277777777778,0.5555555555555556,0.5555555555555556,5.48961577910926,1.031593907895409,False
fin-olkiluoto,,FIN,9,24.664444444444445,0.0,0.0,179.68383335350117,1.1176776081725526,False
gbr-gravesend,GRAVESEND,GBR,9,42.083333333333336,0.0,0.0,4943.8447719799515,5.219630786248809,False
kaz-kaz-13,,KAZ,9,109.06833333333331,1.0,1.0,19.007915912872345,3.8015831825744693,False
gbr-fowey,FOWEY,GBR,9,62.329166666666666,0.5555555555555556,0.4444444444444444,144.48122223328008,1.0563720075854879,False
grd-lesterrebay,LESTERRE BAY,GRD,9,19.2825,0.0,0.7777777777777778,35.606394117213256,1.0040047225191726,False
swe-swe-526,,SWE,9,23.24,0.4444444444444444,0.3333333333333333,436.43423357331824,1.2121598519625643,False
phl-spratlyislands,SPRATLY ISLANDS,PHL,9,79.55472222222222,0.0,0.0,682.8478087927369,1.2875391913152514,False
bra-bra-86,BRA-86,BRA,9,49.42638888888889,0.6666666666666666,0.4444444444444444,141.70510355621414,1.1201826496152425,False
grc-drepano,,GRC,9,64.66,0.6666666666666666,0.5555555555555556,60.21052893015508,1.0233970595587267,False
phl-jagna,JAGNA,PHL,9,39.00722222222223,0.7777777777777778,0.6666666666666666,3.9375935484909337,1.0,False
chn-chn-1726,CHN-1726,CHN,9,37.8375,0.4444444444444444,0.0,447.3535047093122,1.0273540380473967,False
irl-waterford,,IRL,9,35.90277777777778,0.2222222222222222,0.2222222222222222,406.72866419240927,1.1569894828846714,False
ita-ita-11,ITA-11,ITA,9,53.36861111111112,0.6666666666666666,0.0,354.8843354075387,1.3345049539062162,False
mys-sungailinggi,SUNGAI LINGGI,MYS,9,65.6025,0.2222222222222222,0.2222222222222222,1132.961742597077,1.0994722316759644,False
nga-escravosoilterminal,ESCRAVOS OIL TERMINAL,NGA,9,14.115277777777775,0.5555555555555556,0.4444444444444444,202.98450161514634,1.0263678072403786,False
can-montagueharbour,MONTAGUE HARBOUR,CAN,9,49.24972222222223,1.0,1.0,9.293307411370009,1.6221245193211518,False
deu-hamburg,,DEU,9,78.35194444444444,0.4444444444444444,0.4444444444444444,419.7942324846104,1.0775294694151503,False
guy-georgetown,,GUY,9,28.02833333333333,0.4444444444444444,0.4444444444444444,315.7155314905838,1.0184066557802873,False
sgp-tekong,TEKONG,SGP,9,120.81527777777778,0.1111111111111111,0.2222222222222222,751.045336093709,1.4792463915305667,False
jpn-moji,MOJI,JPN,9,7.56,0.8888888888888888,0.0,220.1966074878254,1.050365836284627,False
usa-wardcove,WARD COVE,USA,9,68.03527777777778,0.1111111111111111,0.4444444444444444,3464.3366000330793,1.0152382784210092,False
are-jumeirah,JUMEIRAH,ARE,9,34.956944444444446,0.8888888888888888,0.8888888888888888,2.851818574761226,1.0007271085114153,False
pol-szczecin,SZCZECIN,POL,9,27.17361111111111,0.5555555555555556,0.4444444444444444,160.00294272556715,1.0731922428206964,False
tur-tur-62,,TUR,9,61.72611111111111,0.5555555555555556,0.3333333333333333,138.38130399176788,1.017009706771072,False
chn-chn-2176,CHN-2176,CHN,9,21.431944444444444,0.7777777777777778,0.2222222222222222,428.00932860110754,1.039948236150522,False
pri-mayaguez,MAYAGUEZ,PRI,9,96.01583333333332,0.0,0.0,1676.220784172627,1.024540579625896,False
tha-sattahip,SATTAHIP,THA,9,32.99861111111111,0.1111111111111111,0.1111111111111111,955.1200295685038,1.130139991742238,False
tur-tur-110,TUR-110,TUR,9,50.297777777777775,1.0,1.0,11.711162873341141,1.0,False
gbr-ramsgate,RAMSGATE,GBR,9,4.227777777777778,0.3333333333333333,0.5555555555555556,81.01897341501977,1.1411113703722588,False
rus-zolotaya,ZOLOTAYA,RUS,9,35.541111111111114,1.0,0.5555555555555556,51.82911906613992,1.0026993709722072,False
usa-sunshine,,USA,9,96.90527777777778,0.2222222222222222,0.1111111111111111,3892.4517927235993,1.0437658055821297,False
swe-swe-454,,SWE,9,91.67194444444443,0.5555555555555556,0.4444444444444444,233.07641465132312,1.234753554191994,False
rus-volgograd,VOLGOGRAD,RUS,9,15.4675,1.0,0.6666666666666666,40.37396577169035,1.0351010364268949,False
usa-delawarecity,,USA,9,27.801666666666662,0.5555555555555556,0.1111111111111111,800.528080363404,1.0354123253846241,False
can-can-193,CAN-193,CAN,9,4.530277777777778,0.8888888888888888,0.6666666666666666,91.17462061700495,1.0017130962488856,False
jpn-tateyama,TATEYAMA,JPN,9,17.740555555555556,0.6666666666666666,0.3333333333333333,201.65632067877561,1.0721625750690722,False
nor-mongstad,MONGSTAD,NOR,9,36.469166666666666,0.5555555555555556,0.4444444444444444,178.33109128186112,1.0362156641920188,False
rus-rus-237,,RUS,9,9.52111111111111,1.0,0.2222222222222222,144.61444582332285,1.0224014093968585,False
idn-labuanbajo,LABUAN BAJO,IDN,9,4.849722222222222,1.0,0.1111111111111111,107.5983119394638,1.0000082942406534,False
rus-onega,,RUS,9,286.19944444444445,0.3333333333333333,0.0,1308.5810776601315,1.2269043088531573,False
aze-hovsan,HOVSAN,AZE,9,178.27805555555557,0.4444444444444444,0.4444444444444444,133.10792571817396,1.436626726361121,False
tha-bangpakong,,THA,9,44.1975,0.6666666666666666,0.6666666666666666,19.585779076712523,1.030435128078913,False
ukr-ukr-74,,UKR,9,30.246666666666663,0.0,0.7777777777777778,67.41630718255223,1.0227959366347261,False
chl-chl-38,CHL-38,CHL,9,10.805555555555555,1.0,0.6666666666666666,22.430133844698712,1.081823374954653,False
usa-skagway,SKAGWAY,USA,9,25.074444444444445,0.2222222222222222,0.2222222222222222,3244.598361665642,1.012571307161602,False
chn-chn-76,CHN-76,CHN,9,67.82611111111112,0.7777777777777778,0.4444444444444444,190.4960092889559,1.000207425037119,False
jpn-ishigaki,ISHIGAKI,JPN,9,12.232480555555556,0.2222222222222222,0.0,706.3790540198022,1.2868120582590663,False
aze-absheron,ABSHERON,AZE,9,51.24861111111111,0.4444444444444444,0.4444444444444444,142.7685319225103,1.0863343583700942,False
usa-usa-1211,USA-1211,USA,9,2.3777777777777778,1.0,1.0,6.596663226646145,1.319332645329229,False
bes-saba,SABA,BES,9,6.993055555555555,0.0,0.8888888888888888,85.13243334202018,1.2408392439765406,False
dnk-odense,ODENSE,DNK,9,22.23155277777777,0.1111111111111111,0.2222222222222222,329.18733019582106,1.3222516179098227,False
nld-schiedam,SCHIEDAM,NLD,9,23.36138888888889,0.2222222222222222,0.2222222222222222,1152.7434205491868,3.426367521481488,False
arg-arg-84,,ARG,8,7.938194444444444,0.125,0.0,232.35203048846537,1.0941903654163694,False
jpn-jpn-267,,JPN,8,135.70319444444442,0.125,0.125,123.03156053856807,1.0113540962032646,False
swe-evlingesmaabaatsham,,SWE,8,10.968055555555555,0.75,0.75,50.933373155848344,1.0758178675602654,False
chn-chn-1568,CHN-1568,CHN,8,10.917083333333334,1.0,0.125,563.7535125958386,1.6312811003821959,False
per-per-37,PER-37,PER,8,17.263611111111114,1.0,0.0,118.68272915154793,1.0155767219096967,False
rus-rus-447,,RUS,8,36.09930555555556,0.0,0.0,256.7832236280264,50.0,False
bra-bra-33,BRA-33,BRA,8,42.84152777777778,1.0,0.0,627.2247079272626,1.5547546952675069,False
chn-chn-166,CHN-166,CHN,8,14.357916666666668,0.625,0.5,232.48898773074018,1.1189002710576026,False
esp-sanfeliudeguixols,SAN FELIU DE GUIXOLS,ESP,8,72.27416666666667,0.75,0.625,52.11990222519103,1.1459049396437424,False
bra-bra-62,BRA-62,BRA,8,36.37083333333333,1.0,0.625,23.991206213517067,1.01998207033229,False
esp-esp-322,,ESP,8,8.104722222222222,1.0,1.0,84.84863195795322,4.279456824066214,False
idn-idn-308,,IDN,8,27.222916666666666,1.0,0.125,138.80677725699968,1.1834772641958036,False
esp-marin,MARIN,ESP,8,29.218194444444443,0.5,0.375,419.7285453126693,1.0469195743311883,False
ven-ven-3,,VEN,8,26.969444444444445,0.875,0.875,21.129144899893227,4.225828979978646,False
kor-kor-96,,KOR,8,12.596527777777778,0.375,0.375,237.7023355229535,1.1769175058184347,False
grc-grc-314,GRC-314,GRC,8,48.70445416666667,0.125,0.625,87.3648869843376,1.1577213643254203,False
chn-chn-2120,CHN-2120,CHN,8,57.39083333333333,1.0,1.0,44.9655672902138,1.0390993116049707,False
nld-walsoorden,,NLD,8,61.14527777777778,0.0,0.375,695.5064302883907,1.077913668077948,False
swe-karlshamn,KARLSHAMN,SWE,8,25.511944444444445,0.75,0.625,3.6648059061869507,1.0229301002495874,False
col-puertonuevo,,COL,8,50.482638888888886,0.0,0.0,428.9758527440534,1.1291813058410924,False
mex-mex-177,MEX-177,MEX,8,32.73861111111111,0.25,0.25,1151.0867432306686,7.589973824977363,False
esp-castro-urdiales,CASTRO-URDIALES,ESP,8,109.91777777777777,0.75,0.375,257.5239645388274,1.0764140694714492,False
ven-maracaibo,,VEN,8,136.08083333333335,0.75,0.625,95.39659046196562,13.528118118142054,False
idn-idn-10,,IDN,8,28.245972222222225,1.0,0.125,145.0785030375585,1.0552196350785992,False
can-can-252,CAN-252,CAN,8,121.62916666666666,0.375,0.0,4361.448267268339,1.0000582265510816,False
aze-qaradagh,QARADAGH,AZE,8,57.431666666666665,0.5,0.5,86.3199964439249,1.0696922214830444,False
usa-usa-1854,,USA,8,77.1848611111111,0.75,0.625,51.711885374366055,1.0231274788877354,False
gbr-newhaven,NEWHAVEN,GBR,8,175.18583333333333,0.0,0.25,922.2129581038694,1.0946282570231047,False
jpn-kisarazu,KISARAZU,JPN,8,48.90694444444445,0.25,0.0,2652.9193922550694,2.140063152972971,False
jpn-jpn-151,,JPN,8,36.797361111111115,0.875,0.0,538.6110706027971,1.0002487949667271,False
grc-grc-63,,GRC,8,46.088055555555556,0.125,0.25,187.57410325979816,1.5057982936249747,False
rus-rus-413,RUS-413,RUS,8,25.707638888888887,1.0,1.0,2.0870607303462827,1.0,False
grc-monemvasia,MONEMVASIA,GRC,8,21.678333333333335,0.25,0.125,306.9063873994554,1.1103288078476883,False
gbr-ayr,AYR,GBR,8,82.26930555555555,0.375,0.375,455.4467192395306,1.5817427429745574,False
kor-tongyeong,TONGYEONG,KOR,8,341.9641986111111,0.75,0.625,62.56276490611174,1.0146303163685002,False
grc-kypseli,KYPSELI,GRC,8,40.91486111111111,0.875,0.875,10.229924288998058,1.0334551642079632,False
idn-kolaka,KOLAKA,IDN,8,158.93694444444446,0.875,0.125,440.14604539319464,1.338096827454825,False
tur-demircikoy,DEMIRCIKOY,TUR,8,50.903194444444445,0.25,0.125,245.02396144364695,1.0621785900068652,False
mlt-mlt-26,MLT-26,MLT,8,9.787638888888887,0.125,0.125,519.6932323286196,1.0075431976010143,False
nor-kleppesto,KLEPPESTO,NOR,8,10.344634722222223,1.0,0.75,27.571411949757348,1.0035616831900225,False
esp-cangas,CANGAS,ESP,8,21.215138888888887,0.25,0.0,624.2573581750894,1.3303143219548401,False
nor-rovaer,,NOR,8,3.885694444444444,1.0,0.5,96.06427160993019,1.0022808344890626,False
gbr-portbury,PORTBURY,GBR,8,26.424722222222222,0.375,0.25,416.01244604057655,1.2301020658275281,False
nor-korshamn,,NOR,8,8.371666666666666,0.625,0.0,360.73492968536584,1.0146675963193408,False
nor-vikedal,,NOR,8,4.999583333333334,0.875,0.875,17.726252820706197,1.0109258881587473,False
mex-cozumel,COZUMEL,MEX,8,22.82347222222222,0.5,0.375,486.86578694428346,1.0,False
ind-ind-218,,IND,8,126.68741940916668,0.625,0.125,553.5376431316038,1.7217608032749658,False
chn-chn-2009,CHN-2009,CHN,8,72.15430555555555,1.0,0.0,1054.8761758348064,2.5012741870855675,False
usa-usa-1707,,USA,8,8.014583333333334,0.25,0.0,1192.954018157177,1.0001134716851352,False
esp-esp-53,ESP-53,ESP,8,13.738888888888889,0.25,0.0,439.128252716651,1.491677148622408,False
usa-haymarkterminal,HAYMARK TERMINAL,USA,8,47.12,0.25,0.25,661.0341623303312,1.6750744301233251,False
nor-nor-452,,NOR,8,4.944444444444445,1.0,0.5,133.30933240887435,1.0357225416159301,False
atg-bolands,BOLANDS,ATG,8,25.38222222222222,0.0,0.0,392.0441146909049,1.0573431519619192,False
ncl-ncl-42,NCL-42,NCL,8,14.482083333333332,0.25,0.125,976.5296805499113,1.0298735280237739,False
grc-grc-165,,GRC,8,19.64847222222222,1.0,0.125,128.6598760039214,1.441763775555731,False
chn-pishandao,PISHANDAO,CHN,8,33.838030555555555,0.75,0.375,159.98711814265505,1.0518719386083746,False
gbr-larne,LARNE,GBR,8,69.42611111111111,0.25,0.0,682.100456399706,1.3874104895473116,False
arg-rosario,ROSARIO,ARG,8,26.016666666666666,0.75,0.125,285.8449953490164,2.5679340157295107,False
gbr-kingslynn,,GBR,8,29.1225,0.875,0.875,35.7319590115359,1.116910266116361,False
gbr-gbr-541,,GBR,8,7.042638888888889,0.25,0.0,202.23350066950087,1.0168306626811514,False
ita-positano,POSITANO,ITA,8,15.21125,0.125,0.125,619.8357350333952,1.001557939370643,False
gbr-lamlash,LAMLASH,GBR,8,36.47013888888889,0.125,0.125,736.133993595131,1.0045605455710365,False
chn-chn-2348,CHN-2348,CHN,8,43.55583333333333,0.875,0.125,211.8885775842983,1.032907543134408,False
lva-salacgriva,SALACGRIVA,LVA,8,27.750416666666666,0.125,0.125,381.86559232964674,2.062100720178295,False
hti-gonaives,GONAIVES,HTI,8,14.946944444444446,0.125,0.125,556.0017923336052,1.0460814127837916,False
guy-guy-9,,GUY,7,15.554722222222225,1.0,1.0,50.152988315965395,1.0389176906463973,False
rus-bogatyr',BOGATYR',RUS,7,9.008611111111112,1.0,0.0,139.38831852561117,1.094377053867042,False
usa-usa-1032,USA-1032,USA,7,41.31722222222222,0.14285714285714285,0.0,1588.9878473917415,1.4759313835292203,False
idn-idn-376,IDN-376,IDN,7,14.822777777777778,1.0,0.0,297.0457680108485,1.0676690917624918,False
usa-usa-1305,USA-1305,USA,7,8.845277777777778,1.0,0.7142857142857143,14.669811989434454,1.0,False
usa-togiak,TOGIAK,USA,7,289.8797222222222,0.5714285714285714,0.0,365.229776747742,50.0,False
isl-hofn,HOFN,ISL,7,25.116666666666667,0.5714285714285714,0.2857142857142857,163.8313963737521,1.1011077224487367,False
jpn-anegasaki,,JPN,7,20.05472222222222,0.42857142857142855,0.14285714285714285,514.6501757020737,1.2490346727713793,False
ita-trieste,TRIESTE,ITA,7,39.18888888888889,0.5714285714285714,0.5714285714285714,86.13802888434681,2.525515262980759,False
nor-oslo,OSLO,NOR,7,2.4766666666666666,0.5714285714285714,0.5714285714285714,28.525720068341123,1.090085803578655,False
nor-nor-992,NOR-992,NOR,7,10.980555555555556,0.2857142857142857,0.0,247.41913897022297,1.0276632718424557,False
gbr-hull,HULL,GBR,7,106.71972222222222,0.14285714285714285,0.0,1353.9953316969263,16.287016897115404,False
twn-twn-17,,TWN,7,7.3275,0.2857142857142857,0.42857142857142855,143.47072047256367,1.04720212011203,False
can-sydney,SYDNEY,CAN,7,19.029722222222222,0.8571428571428571,0.14285714285714285,231.47268522341636,1.6561698075318185,False
tur-tur-84,TUR-84,TUR,7,72.49083333333333,0.7142857142857143,0.5714285714285714,31.011260915570848,1.1283080785875161,False
nor-odda,ODDA,NOR,7,89.71194444444444,0.42857142857142855,0.14285714285714285,257.958964169431,1.1712091091850856,False
nor-nor-539,,NOR,7,22.17888888888889,0.8571428571428571,0.8571428571428571,8.064676182669698,1.0434084644058241,False
sau-safaniyafield,,SAU,7,67.0825,0.2857142857142857,0.14285714285714285,129.26681779182863,1.2184076592670894,False
chn-southkudangdao,SOUTH KUDANGDAO,CHN,7,21.764722222222225,0.5714285714285714,0.42857142857142855,198.16449324336827,1.0226624347221995,False
kor-jinhae,JINHAE,KOR,7,81.32833333333333,0.5714285714285714,0.5714285714285714,8.324045001589836,1.0251639854436314,False
guy-guy-7,,GUY,7,28.26065277777778,0.42857142857142855,0.42857142857142855,295.51913364818256,1.0229947905823107,False
grc-portolagos,PORTO LAGOS,GRC,7,79.01166666666667,0.42857142857142855,0.0,741.1019703404179,1.2179714816215996,False
usa-delraybeach,DELRAY BEACH,USA,7,2.795,1.0,1.0,16.740275265986607,3.3480550531973217,False
fra-leverdonsurmer,LE VERDON SUR MER,FRA,7,7.4319444444444445,0.8571428571428571,0.7142857142857143,39.6282684379266,1.0423100980531714,False
fra-lorient,LORIENT,FRA,7,55.44361111111111,0.14285714285714285,0.14285714285714285,354.5868155650163,1.279515567263005,False
jpn-nichinan,NICHINAN,JPN,7,61.6375,0.5714285714285714,0.0,334.5655273015851,1.0197070062135136,False
flk-mareharbour,,FLK,7,189.1611111111111,0.14285714285714285,0.14285714285714285,2520.670329751326,2.7804902525842414,False
gbr-stornoway,STORNOWAY,GBR,7,52.88555555555556,0.42857142857142855,0.42857142857142855,234.5364812751183,1.0411641459734893,False
rus-rus-221,RUS-221,RUS,7,6.087777777777778,1.0,0.42857142857142855,174.11349400968206,1.1776653178371188,False
usa-usa-1803,USA-1803,USA,7,18.953055555555554,0.7142857142857143,0.5714285714285714,68.70804472787098,1.0150009556622528,False
nor-kristiansand,KRISTIANSAND,NOR,7,16.265,0.14285714285714285,0.14285714285714285,391.06469922373515,1.0096996920384214,False
rus-ust'-donetskiy,UST'-DONETSKIY,RUS,7,57.081944444444446,1.0,1.0,38.29581077589774,2.7615570858379366,False
tur-tur-5,TUR-5,TUR,7,1.5830555555555557,0.7142857142857143,0.5714285714285714,23.765364009510012,1.4524273803337895,False
idn-idn-8,,IDN,7,29.47833333333333,1.0,0.14285714285714285,154.41059558704106,1.0568820322482722,False
rus-anapa,ANAPA,RUS,7,17.35,0.2857142857142857,0.2857142857142857,421.5791937670973,1.0375108984847163,False
usa-cathlamet,CATHLAMET,USA,7,196.1858333333333,0.42857142857142855,0.2857142857142857,4116.549706202738,1.0018389073174143,False
tur-diliskelesi,,TUR,7,27.27888888888889,0.5714285714285714,0.5714285714285714,33.41258960268838,1.1454831225489468,False
tur-alanya,ALANYA,TUR,7,6.05,0.5714285714285714,0.42857142857142855,200.302908498167,1.154861944294588,False
mlt-comino,COMINO,MLT,7,10.191944444444443,0.14285714285714285,0.14285714285714285,1055.1071475271233,1.0956505607804747,False
rus-primorsk,PRIMORSK,RUS,7,5.121944444444445,1.0,1.0,1.8381563294093441,1.0000812689264365,False
mne-zelenika,ZELENIKA,MNE,7,29.114166666666662,0.0,0.0,291.21646600598126,1.9510504835676596,False
grc-pserimos,PSERIMOS,GRC,7,18.635555555555555,0.0,0.0,345.3385876361793,1.0578997368843353,False
usa-porttownsend,PORT TOWNSEND,USA,7,25.865,0.42857142857142855,0.2857142857142857,4942.983033931381,1.001373281463423,False
grc-itea,ITEA,GRC,7,96.46722222222222,0.0,0.0,842.729491919798,2.0341197118439225,False
nor-kaupanger,,NOR,7,6.129722222222222,1.0,0.5714285714285714,85.61701970113828,1.429682670399763,False
gbr-gbr-216,,GBR,7,45.25944444444445,0.7142857142857143,0.7142857142857143,37.21343334349979,1.1007282364149946,False
usa-aukebay,,USA,7,71.76444444444445,0.8571428571428571,0.8571428571428571,18.12137559368313,1.0073745845816102,False
can-can-310,CAN-310,CAN,7,37.734722222222224,0.8571428571428571,0.8571428571428571,4.994002937022251,1.0042657974721358,False
jpn-hibikinada,HIBIKINADA,JPN,7,42.65833333333333,0.42857142857142855,0.42857142857142855,464.76673667790453,1.0567581627134721,False
mys-kualabaram,,MYS,7,153.30666666666667,1.0,0.7142857142857143,7.65705448251834,1.0021977416471348,False
grc-milos,MILOS,GRC,7,102.66638888888887,0.0,0.0,162.6413432469815,1.0673061505069363,False
rus-rus-20,,RUS,7,21.878055555555555,1.0,0.0,197.52136588089866,1.2568831938379497,False
rus-rus-145,RUS-145,RUS,7,20.87472222222222,1.0,0.0,187.57455359871886,1.003296952049402,False
rus-rus-117,,RUS,7,8.74388888888889,1.0,0.7142857142857143,84.97609470841567,1.0065269041743663,False
mex-mex-160,,MEX,7,27.45388888888889,0.2857142857142857,0.2857142857142857,590.1543482168803,1.0483897185062703,False
grc-revithoussa,REVITHOUSSA,GRC,7,1.6833333333333331,0.5714285714285714,0.5714285714285714,7.906654627467771,1.182016038402874,False
deu-laboe,LABOE,DEU,7,2.337222222222222,0.0,0.14285714285714285,300.9895666043577,1.0023233230579522,False
nld-rotterdammaasvlakte,,NLD,7,41.570277777777775,1.0,1.0,6.89095554002644,1.0390506007373985,False
rus-rus-80,RUS-80,RUS,7,7.239166666666667,1.0,0.14285714285714285,212.69620482768218,1.0073072165920098,False
gbr-scrabster,SCRABSTER,GBR,7,66.61888888888889,0.42857142857142855,0.14285714285714285,454.3244158471257,1.2228224497411748,False
gbr-tobermory,TOBERMORY,GBR,7,34.0825,0.14285714285714285,0.0,465.590412376716,6.654608146336185,False
jpn-jpn-331,,JPN,7,18.10388888888889,0.8571428571428571,0.8571428571428571,28.872120709097853,1.003204832265879,False
qat-qat-19,,QAT,7,45.27027777777778,0.7142857142857143,0.7142857142857143,10.815946615662986,1.0063150772543923,False
dnk-soeby,,DNK,7,145.42527777777778,0.5714285714285714,0.8571428571428571,0.062316328802795834,1.0,False
dnk-kyndby,KYNDBY,DNK,7,26.788611111111116,0.7142857142857143,0.7142857142857143,68.58119764759182,6.450007190200449,False
dnk-dnk-161,DNK-161,DNK,7,7.685277777777777,0.42857142857142855,0.42857142857142855,319.4471052430787,1.0115933395299177,False
jpn-jpn-221,,JPN,7,79.61416666666666,0.7142857142857143,0.5714285714285714,6.449904699371637,1.0257159704206422,False
ven-guiria,GUIRIA,VEN,7,24.10305555555556,1.0,1.0,21.129144899893227,4.225828979978646,False
sgs-sgs-2,SGS-2,SGS,7,77.09083333333334,0.42857142857142855,0.42857142857142855,783.2738747202418,1.0,False
ita-ita-300,,ITA,7,2.3422222222222224,0.8571428571428571,0.8571428571428571,0.0,1.0,False
aus-geraldton,GERALDTON,AUS,7,84.7863888888889,0.5714285714285714,0.0,1010.9159099174814,1.0106522050099196,False
jpn-jpn-487,,JPN,7,75.19111111111111,0.42857142857142855,0.2857142857142857,379.6492133523174,1.1076332601907002,False
aus-dampier,DAMPIER,AUS,7,90.16361111111112,0.14285714285714285,0.0,2830.8527023829733,1.283340531751201,False
aus-audrw,,AUS,7,58.50972222222222,0.42857142857142855,0.42857142857142855,2200.023013754784,2.511722870578169,False
pan-puenteatlantico,PUENTE ATLANTICO,PAN,7,73.90916666666666,0.0,0.0,1150.307868659195,1.0075616844386788,False
per-marquez,MARQUEZ,PER,7,79.34583333333333,0.42857142857142855,0.0,1256.9699795797599,23.484511864552207,False
chn-chn-1469,CHN-1469,CHN,7,14.64611111111111,0.8571428571428571,0.8571428571428571,76.5170998784674,1.03969140902014,False
usa-usa-91,,USA,7,6.255277777777778,1.0,0.2857142857142857,118.59891348622608,1.1336830618722098,False
swe-gavle,GAVLE,SWE,7,25.00638888888889,0.5714285714285714,0.14285714285714285,295.8192342378012,1.0598988850750317,False
esp-roquetasdemar,ROQUETAS DE MAR,ESP,7,17.54,0.7142857142857143,0.5714285714285714,6.750241713960058,1.0,False
usa-ingleside,,USA,7,97.71472222222222,0.42857142857142855,0.2857142857142857,1456.1370736016042,1.2410309733030123,False
nld-nld-484,,NLD,7,2.7010138888888893,1.0,1.0,9.587456875972434,1.0235549497519203,False
usa-mayport,,USA,7,30.54833333333333,0.42857142857142855,0.14285714285714285,665.9617851936124,1.0884845905609821,False
nga-nga-75,NGA-75,NGA,7,262.99111111111114,0.42857142857142855,0.42857142857142855,148.86975639129125,1.1784660455120857,False
fra-fra-219,FRA-219,FRA,7,62.41583333333333,0.5714285714285714,0.5714285714285714,14.104614560585608,1.0625062495434152,False
fra-fra-345,,FRA,7,62.428333333333335,0.7142857142857143,0.7142857142857143,35.048045460272114,2.212754551660575,False
fra-fra-377,FRA-377,FRA,7,60.66611111111112,0.14285714285714285,0.0,350.9426753977129,1.1157748019183185,False
deu-deu-612,DEU-612,DEU,7,24.739722222222223,0.5714285714285714,0.5714285714285714,17.12308715321685,1.122344086341309,False
rus-rus-251,RUS-251,RUS,7,127.3013888888889,1.0,0.2857142857142857,311.7339923286768,2.142538824271359,False
rus-rus-269,,RUS,7,57.25833333333333,0.14285714285714285,0.14285714285714285,568.7895050565104,1.3433396423253825,False
bra-bra-63,BRA-63,BRA,7,47.13388888888889,0.8571428571428571,0.14285714285714285,310.76983633809755,1.0296908272750986,False
usa-kc875platform,KC875 PLATFORM,USA,7,7.510833333333333,0.14285714285714285,0.14285714285714285,4143.334402358416,1.0085077937972302,False
usa-usa-1132,,USA,7,18.404722222222222,0.14285714285714285,0.2857142857142857,426.4435989058678,1.0758272279494052,False
ukr-izmail,IZMAIL,UKR,7,117.02361111111112,0.2857142857142857,0.7142857142857143,5.855751299994699,1.0901109915059217,False
ven-puertoordaz,PUERTO ORDAZ,VEN,7,114.98916666666666,1.0,0.2857142857142857,111.87865818183003,6.516021791510542,False
zaf-coega,,ZAF,7,145.92638888888888,0.14285714285714285,0.0,4421.47774584717,1.4587503624936962,False
vir-vir-6,VIR-6,VIR,7,28.63083333333333,0.14285714285714285,0.8571428571428571,85.3328532814435,1.4241628974381195,False
vut-vut-16,VUT-16,VUT,7,22.058611111111112,0.14285714285714285,0.0,410.118894849977,1.1840093379535892,False
are-aljazirah,AL JAZIRAH,ARE,7,48.605555555555554,0.5714285714285714,0.5714285714285714,58.06142199234969,1.012868365659701,False
chn-haiyang,HAIYANG,CHN,6,70.31991111111111,0.6666666666666666,0.5,196.48771296090743,1.0153307730664727,False
ita-ita-62,,ITA,6,16.443055555555553,0.0,0.0,450.91333727890066,1.4912628195678064,False
sdn-sawakin,,SDN,6,29.686388888888892,0.5,0.5,92.26700282110701,1.2186907640622633,False
arg-sanpedro,,ARG,6,35.470416666666665,0.8333333333333334,0.6666666666666666,77.01057886910161,1.0057767064449434,False
jpn-jpn-227,,JPN,6,27.346944444444446,0.16666666666666666,0.16666666666666666,3601.8174249112176,26.289134418673424,False
gbr-gbr-81,GBR-81,GBR,6,20.75277777777778,0.5,0.16666666666666666,335.48158145248004,4.668947215337743,False
ita-alghero,ALGHERO,ITA,6,94.41541666666666,0.6666666666666666,0.5,149.8941348636369,1.040979919963827,False
isr-isr-21,ISR-21,ISR,6,96.76097222222222,1.0,1.0,1.522277369827357,1.0002029246339068,False
slb-hobaba,,SLB,6,109.98638888888888,1.0,0.3333333333333333,137.80231082516394,27.56046216503279,False
grc-grc-122,GRC-122,GRC,6,79.77708333333334,0.16666666666666666,0.16666666666666666,512.7870354272043,1.5956475798671494,False
kor-gohyeon,GOHYEON,KOR,6,126.68680555555558,0.5,0.5,1013.9302340678393,1.341231430490486,False
kor-anjeong,,KOR,6,39.66638888888889,0.5,0.3333333333333333,283.0716422786627,1.0955452290475067,False
tto-scarborough,SCARBOROUGH,TTO,6,27.700277777777778,0.3333333333333333,0.3333333333333333,302.6506267684159,1.255198824411018,False
can-can-56,CAN-56,CAN,6,39.759166666666665,1.0,1.0,16.396053128358627,1.013827572888705,False
can-portauxbasques,PORT AUX BASQUES,CAN,6,55.39472222222222,0.8333333333333334,0.0,491.61407437357735,11.220491900795828,False
can-dorval,DORVAL,CAN,6,2.310138888888889,1.0,1.0,14.777653122206585,1.1117623565794628,False
isl-porshofn,PORSHOFN,ISL,6,42.32305555555556,0.6666666666666666,0.3333333333333333,117.00145712252203,1.3073756518590156,False
usa-usa-1709,,USA,6,4.600833333333333,1.0,0.6666666666666666,90.17089353238491,1.0324913688891368,False
chn-chn-2426,CHN-2426,CHN,6,18.039305555555554,1.0,0.0,516.7158784189174,1.0322088332624753,False
esp-ares,,ESP,6,37.88361111111111,0.6666666666666666,0.6666666666666666,8.110479163297814,1.0118035218419572,False
usa-portneches,PORT NECHES,USA,6,62.800694444444446,0.6666666666666666,0.6666666666666666,32.64949698350795,1.015420807545344,False
grc-grc-278,GRC-278,GRC,6,10.478472222222223,0.0,0.6666666666666666,33.1131832010161,1.0734639082612745,False
rus-rus-213,RUS-213,RUS,6,200.37541666666664,0.0,0.0,630.8373541042929,1.2293391611555489,False
rus-rus-226,,RUS,6,58.842638888888885,0.5,0.3333333333333333,518.7346737560697,1.2617122129254814,False
usa-usa-1718,,USA,6,12.39,0.0,0.16666666666666666,171.55855688565111,1.0152670917467126,False
ncl-ncl-39,,NCL,6,127.79819469444445,1.0,0.6666666666666666,22.50221605083604,1.6163060121897277,False
usa-miami,MIAMI,USA,6,46.77486111111111,0.0,0.16666666666666666,837.0288828766837,2.236056099048091,False
est-est-46,EST-46,EST,6,39.463750000000005,0.0,0.0,414.33383732412136,1.160157358337051,False
rus-rus-329,RUS-329,RUS,6,16.71125,1.0,0.3333333333333333,130.85116599446755,1.0484621824442035,False
usa-martinez,MARTINEZ,USA,6,34.570277777777775,1.0,0.8333333333333334,6.351243070680938,1.0489789388405646,False
bra-bra-98,BRA-98,BRA,6,48.27861111111111,1.0,0.3333333333333333,150.24380905581813,17.09763889198976,False
nld-capelleaanijssel,CAPELLE AAN IJSSEL,NLD,6,21.94097222222222,0.0,0.0,5433.1878603849245,5.681624579789132,False
nld-nld-219,,NLD,6,10.699027777777777,1.0,1.0,19.75668296513775,1.8408624193269367,False
kor-kor-200,,KOR,6,5.688611111111111,0.8333333333333334,0.6666666666666666,92.88236110667012,10.740756100589378,False
png-png-38,,PNG,6,93.51472222222223,0.6666666666666666,0.6666666666666666,25.096560982025856,1.8234226047147037,False
chn-chn-2415,CHN-2415,CHN,6,9.261527777777777,1.0,0.0,208.0221782810329,1.0067729178426688,False
rus-rus-173,,RUS,6,97.43222222222222,1.0,0.0,193.98976872700814,11.699644241486068,False
swe-swe-399,,SWE,6,59.95930555555555,0.8333333333333334,0.3333333333333333,436.43423357331824,1.2112456206870976,False
ven-sucre,SUCRE,VEN,6,42.06375,0.3333333333333333,0.16666666666666666,750.4115520073183,2.6893855445482346,False
ita-mazaradelvallo,MAZARA DEL VALLO,ITA,6,29.65027777777778,0.3333333333333333,0.16666666666666666,518.4007594253469,1.4105974786712334,False
swe-swe-86,SWE-86,SWE,6,19.68888888888889,1.0,1.0,28.34742056313596,1.1689592472377726,False
nor-nor-947,,NOR,6,44.15847222222222,0.8333333333333334,0.8333333333333334,23.083878568656893,1.0054240082817778,False
can-can-329,CAN-329,CAN,6,22.039027777777775,1.0,0.16666666666666666,347.267539329003,1.4624305512052433,False
irq-basrah,BASRAH,IRQ,6,27.46319444444444,0.0,0.0,494.8342826131624,33.719352628075875,False
rou-rou-46,ROU-46,ROU,6,14.692777777777778,1.0,1.0,11.541836040745007,1.0404134840036474,False
gbr-corpach,CORPACH,GBR,6,37.63805555555556,0.0,0.0,876.6603582610768,21.02668812007448,False
nor-nor-97,,NOR,6,6.520277777777778,1.0,1.0,19.93814398946275,1.3548672209757928,False
sau-hasbahfield,,SAU,6,12.953194444444446,0.6666666666666666,0.6666666666666666,22.19542014485208,1.1044751709761167,False
ukr-ukr-87,UKR-87,UKR,6,43.00222222222222,0.3333333333333333,0.16666666666666666,130.50890408145514,1.0313525235796561,False
nor-hommersak,,NOR,6,12.93652777777778,1.0,1.0,22.52912768403443,1.0510914549944936,False
nor-husnes,HUSNES,NOR,6,42.94166666666666,0.6666666666666666,0.5,85.28834530272624,1.0572627486630182,False
sur-moengo,MOENGO,SUR,6,17.524305555555557,0.6666666666666666,0.6666666666666666,44.91631108018447,5.2366998685236075,False
nor-hjorungavaag,HJORUNGAVAAG,NOR,6,9.373333333333333,1.0,1.0,16.07837813269431,1.1011659834345542,False
bgr-ezerovo,EZEROVO,BGR,6,214.3359722222222,1.0,1.0,6.441333708043182,1.0091982877873618,False
bgr-povelyanovo,POVELYANOVO,BGR,6,43.999722222222225,0.16666666666666666,0.3333333333333333,130.81805888628205,1.4642214715482238,False
kor-seogwipo,SEOGWIPO,KOR,6,17.01375,1.0,1.0,88.34511732940092,17.764875583693488,False
deu-stade,STADE,DEU,6,72.39055555555557,0.0,0.0,386.23361310873145,1.0627679081479926,False
dom-bocachica,BOCA CHICA,DOM,6,28.233333333333334,0.16666666666666666,0.16666666666666666,3364.6378278065677,1.0059143889468063,False
gbr-gbr-124,GBR-124,GBR,6,56.422222222222224,0.5,0.5,91.00624077552084,1.8127540544302818,False
brb-speightstown,SPEIGHTSTOWN,BRB,6,187.25805555555556,0.3333333333333333,0.3333333333333333,291.9412355929156,1.0235222062923808,False
brb-brb-6,BRB-6,BRB,6,72.71833333333333,0.8333333333333334,0.8333333333333334,8.946232563295546,1.0497789415643513,False
irn-fereydoonkenar,FEREYDOONKENAR,IRN,6,70.35916666666667,0.0,0.0,550.4440998743936,8.407552183204324,False
chn-zhongshan,ZHONGSHAN,CHN,6,251.8127777777778,0.8333333333333334,0.8333333333333334,6.300051014965154,1.0,False
jpn-omaezaki,OMAEZAKI,JPN,6,11.928194444444443,0.8333333333333334,0.5,123.74423775288152,1.0707133297157978,False
nor-hestvika,,NOR,6,4.097916666666666,1.0,0.0,276.90156401940186,1.0296188677989169,False
swe-vasteras,,SWE,6,18.269444444444446,0.6666666666666666,0.6666666666666666,42.15226967641617,7.179274476063155,False
bhr-minasalman,MINA SALMAN,BHR,6,36.496805555555554,0.16666666666666666,0.16666666666666666,1846.8171776923477,1.7972099634250862,False
usa-sandiego,SAN DIEGO,USA,6,46.12111111111111,0.16666666666666666,0.0,2978.6413874202117,5.067013437561917,False
prt-prt-29,,PRT,6,30.813055555555554,1.0,0.0,847.8166985603211,1.1791198570932702,False
chn-chn-130,CHN-130,CHN,6,7.456031944444444,1.0,0.16666666666666666,303.00569254850825,1.0721999157238584,False
pan-rodman,RODMAN,PAN,6,148.41569444444445,0.0,0.0,3182.787636562879,1.6739380833687947,False
rus-rus-51,RUS-51,RUS,6,6.155138888888889,1.0,0.3333333333333333,161.25151929582927,1.0211969298153432,False
pan-limonbayanchorage,LIMON BAY ANCHORAGE,PAN,6,27.01347222222222,0.16666666666666666,0.16666666666666666,1849.4392963909795,1.1451697238687868,True
pry-pry-16,,PRY,6,6.561250000000001,1.0,1.0,23.21424906203449,1.0002616190049665,False
mmr-mmr-na,MMR-NA,MMR,6,27.85194444444444,0.0,0.0,774.3417314450312,5.1080319556319225,False
mex-tuxpan,TUXPAN,MEX,6,144.78055555555557,0.3333333333333333,0.0,518.435858759688,17.18905022628932,False
tur-babakale,BABAKALE,TUR,6,4.6338888888888885,0.6666666666666666,0.16666666666666666,157.99884387616163,1.2343108888421432,False
tur-fatsa,FATSA,TUR,6,54.877916666666664,0.3333333333333333,0.0,301.56102033754644,13.339017472481167,False
bra-portodoacu,,BRA,6,127.51930555555555,0.6666666666666666,0.3333333333333333,227.6294514742372,1.1771395488466383,False
usa-darrow,DARROW,USA,6,107.1875,1.0,1.0,51.64398415076998,1.0624010023481467,False
fra-lepalais,LE PALAIS,FRA,6,34.230000000000004,0.3333333333333333,0.16666666666666666,325.5564635594058,1.2498709074276784,False
gbr-gbr-550,GBR-550,GBR,6,47.429027777777776,0.0,0.0,355.8095784064874,2.2652704540794644,False
usa-usa-130,,USA,6,8.72111111111111,1.0,0.3333333333333333,203.77883417122194,1.0589208646347132,False
dnk-hvidesande,HVIDE SANDE,DNK,6,18.56888888888889,0.0,0.0,472.03074273521634,1.3970008552395703,False
tza-tanga,TANGA,TZA,6,57.63861111111112,0.0,0.3333333333333333,1444.1103710845596,1.0283108360448292,False
grc-agiosnikolaos,AGIOS NIKOLAOS,GRC,5,30.32888888888889,0.4,0.2,732.2328760676063,1.0000280174809129,False
phl-ipil,IPIL,PHL,5,32.909166666666664,1.0,0.0,150.27870440652012,1.8713471865559206,False
usa-usa-1687,,USA,5,52.69361111111111,0.8,0.0,247.2871950097171,1.0113064402623815,False
usa-usa-1560,USA-1560,USA,5,97.38388888888888,0.8,0.2,380.44381651529307,1.2929454861752827,False
nld-breskens,BRESKENS,NLD,5,7.3372222222222225,0.0,0.4,1159.3151774263167,1.0935952129033344,False
usa-mearsgreatoak,,USA,5,20.33194444444445,1.0,0.8,59.160929662661836,1.0104415319380267,False
nld-nld-402,NLD-402,NLD,5,21.9725,1.0,1.0,4.728247956911095,1.1840994681239845,False
bra-bra-311,BRA-311,BRA,5,125.76222222222222,0.6,0.2,206.73360153414015,1.045891769460083,False
idn-sorong,,IDN,5,8.035,1.0,0.2,247.88763036199563,1.000269587546128,False
deu-deu-348,DEU-348,DEU,5,25.4075,0.2,0.2,343.0880866621947,1.3133700009748062,False
rus-rus-441,,RUS,5,17.748333333333335,1.0,1.0,7.43569371895592,1.004381863802481,False
nld-nld-34,,NLD,5,8.5825,0.0,0.0,630.0626138172096,1.0019297255279649,False
nld-nld-464,NLD-464,NLD,5,46.91361111111111,0.0,0.4,630.5970927413363,1.042252255624263,False
deu-deu-608,DEU-608,DEU,5,26.666666666666668,0.6,0.4,125.75409509018503,1.580821889284804,False
idn-tegal,TEGAL,IDN,5,71.52333333333333,1.0,0.6,74.88584644867737,1.0,False
kor-kor-103,KOR-103,KOR,5,30.060277777777777,0.0,0.0,233.73117326619447,1.2468020178572041,False
deu-freesendorf,FREESENDORF,DEU,5,63.333333333333336,0.2,0.0,620.953155897489,1.1128217246113332,False
isl-reydarfjordur,REYDARFJORDUR,ISL,5,6.732777777777778,1.0,0.8,5.652775408702408,1.0012673884833208,False
chn-chn-2011,CHN-2011,CHN,5,21.911666666666665,0.6,0.4,303.58297009156894,1.0284870622445061,False
ncl-ncl-32,,NCL,5,452.1325,0.0,0.0,4005.2502709835553,26.21742951609441,False
esp-pasitoblanco,,ESP,5,60.28416666666666,1.0,0.4,942.3046770146747,3.9802193505014536,False
esp-santauxiaribeira,SANTA UXIA RIBEIRA,ESP,5,327.10027777777776,0.2,0.2,788.5246823149657,1.1019653892703787,False
nga-nga-53,NGA-53,NGA,5,82.09305555555555,1.0,1.0,0.0,1.0,False
esp-villagarciaanchorage,VILLAGARCIA ANCHORAGE,ESP,5,19.20833333333333,1.0,0.4,258.3888585472572,1.0583396281419923,True
gbr-workington,,GBR,5,75.31472222222222,0.0,0.0,493.58116621292316,1.1820402607414535,False
bra-bra-41,BRA-41,BRA,5,38.85611111111111,1.0,0.2,341.43592183288433,1.3354334928824425,False
nga-nga-22,,NGA,5,126.93666666666668,0.2,0.2,2405.866698734947,1.4613304870861266,False
fra-fra-155,,FRA,5,33.11222222222222,0.0,0.0,374.7231012819324,1.1917205714056096,False
isl-straumsvik,STRAUMSVIK,ISL,5,69.3861111111111,0.0,0.0,1087.5779466310298,50.0,False
twn-twn-42,,TWN,5,12.725,0.8,0.8,88.78406151264348,1.055464967461022,False
can-can-446,CAN-446,CAN,5,5.589722222222222,1.0,0.0,670.3545634159652,1.6127073828449017,False
kor-geoje,,KOR,5,26.06833333333333,1.0,0.6,62.26080834383103,1.3375413977885677,False
ita-sciacca,SCIACCA,ITA,5,15.467222222222222,0.2,0.2,297.57758990480596,1.1372137082770357,False
chn-ganyu,GANYU,CHN,5,45.40416666666667,0.4,0.2,2197.889951134077,1.0003313403241774,False
nor-papper,PAPPER,NOR,5,13.871944444444445,0.6,0.4,110.08759099223836,1.1605373639343268,False
ita-pozzuoli,POZZUOLI,ITA,5,17.171388888888888,0.8,0.8,6.136604174883141,1.0069994623627923,False
wlf-wlf-2,,WLF,5,48.85388888888889,0.4,0.4,427.752793435664,2.126401644841635,False
gbr-gbr-535,,GBR,5,21.88583333333333,0.4,0.0,641.3664572574303,1.0390188144661126,False
chn-maanshan,MAANSHAN,CHN,5,38.74611111111111,1.0,0.4,285.61343887807755,1.0002325244939458,False
atg-stjohns,ST JOHNS,ATG,5,12.093055555555557,0.0,0.0,165.3966459585942,1.0541640378508657,False
kor-kor-132,KOR-132,KOR,5,127.75805555555556,0.6,0.6,2.7847351406048153,1.0021926872306939,False
idn-palabuhanratu,PALABUHAN RATU,IDN,5,38.056666666666665,1.0,0.0,116.41988045930317,23.11823000918742,False
swe-swe-208,,SWE,5,31.40388888888889,0.4,0.0,188.26635006770547,1.2234782591559894,False
swe-storugns,STORUGNS,SWE,5,54.619166666666665,0.0,0.0,379.9241426741901,1.1076535104753116,False
swe-koping,KOPING,SWE,5,81.13722222222222,0.4,0.4,340.99447779565685,10.214551778497391,False
nld-vlieland,,NLD,5,22.32777777777778,1.0,1.0,7.898834089625333,1.2712275937066122,False
nld-velsen,VELSEN,NLD,5,4.363888888888889,0.0,0.2,4530.150928865729,5.0802731290713385,False
nld-workum,WORKUM,NLD,5,20.50027777777778,1.0,1.0,10.220035153154312,1.1469745780059675,False
gbr-thamesport,THAMESPORT,GBR,5,51.60194444444444,0.4,0.4,2757.8638900406586,1.001782071189849,False
tur-hereke,,TUR,5,23.289722222222224,0.6,0.6,16.674247692236147,1.000133964708849,False
usa-camden,CAMDEN,USA,5,25.969444444444445,0.6,0.2,188.21599475119922,1.0138446557901464,False
grc-grc-349,GRC-349,GRC,5,33.42638888888889,0.2,0.2,292.26359456502934,1.0349440606028442,False
pry-pry-15,,PRY,5,2.391111111111111,1.0,0.2,109.30539159079204,1.0069836959678382,False
chn-chn-2133,CHN-2133,CHN,5,47.99583333333333,1.0,0.2,474.17737184367496,1.0455229703541395,False
fra-lilerousse,LILE ROUSSE,FRA,5,48.04333333333334,0.4,0.2,471.1954122426484,1.1700677322839044,False
grc-aspropyrgos,ASPROPYRGOS,GRC,5,21.856666666666666,0.8,0.8,3.8404902422249525,1.0,False
jpn-shimonoseki,SHIMONOSEKI,JPN,5,126.52888888888889,0.6,0.0,556.2197308235394,1.0517855678101538,False
jpn-nanao,,JPN,5,99.84277777777778,0.2,0.2,405.3536451821708,1.1008296006716538,False
swe-sandarne,SANDARNE,SWE,5,23.351111111111116,0.2,0.0,316.1387546315969,1.016099065831785,False
jpn-sasebo,SASEBO,JPN,5,116.91444444444444,0.8,0.6,4.9284053820332385,1.0,False
aus-gladstone,GLADSTONE,AUS,5,33.94972222222222,0.0,0.0,4035.5755229688025,27.483375677951134,False
usa-usa-668,,USA,5,18.933888888888887,0.4,0.0,1453.309079773468,1.0094673488874077,False
aus-bunbury,BUNBURY,AUS,5,151.72305555555556,0.2,0.0,4175.953937403431,1.3692805262693186,False
fro-vagur,VAGUR,FRO,5,14.189444444444444,0.2,0.2,669.9549750335451,1.0085439252634936,False
gbr-methil,METHIL,GBR,5,171.99583333333334,0.2,0.2,1213.067232466274,1.4255199381528392,False
usa-usa-284,,USA,5,233.07416666666663,1.0,0.4,143.7697785118243,1.0,False
irl-greystones,GREYSTONES,IRL,5,28.233888888888888,0.6,0.8,9.800078393325627,1.0042577867414169,False
aus-wollongong,WOLLONGONG,AUS,5,17.29388888888889,1.0,0.2,366.2272476545713,1.0527458065003954,False
swe-swe-558,,SWE,5,65.88111111111111,0.6,0.2,426.8230598482286,1.5113470329846017,False
usa-usa-1548,USA-1548,USA,5,27.023611111111112,0.4,0.2,105.278959272809,1.0449596106268506,False
deu-husum,HUSUM,DEU,5,396.445,0.2,0.2,259.5550836123871,2.464653809329775,False
grc-sitia,SITIA,GRC,5,31.16722222222222,0.2,0.2,298.81641182213474,1.0746679757173698,False
hrv-hrv-22,HRV-22,HRV,5,20.125,0.2,0.2,254.24523235723376,1.2947436497872908,False
bhs-bhs-29,BHS-29,BHS,5,2.0694444444444446,0.4,0.4,398.6536863227302,1.0032024427336907,False
usa-usa-67,,USA,5,67.27888888888889,1.0,1.0,1.4924329066295687,1.004820860797559,False
jpn-nago,,JPN,5,62.60944444444444,0.8,0.6,26.122384835450475,1.0041039703271952,False
bel-antwerp,,BEL,5,6.825277777777778,0.2,0.2,469.545537929153,1.4520631425361787,False
aze-aze-31,AZE-31,AZE,5,30.95583333333333,0.8,0.8,7.4666112783814205,1.5640801374581372,False
aze-guneshli,GUNESHLI,AZE,5,24.829722222222223,1.0,1.0,30.82957372182252,6.165914744364504,False
phl-bauan,BAUAN,PHL,5,29.04833333333333,0.4,0.4,630.9838054843709,1.0393902219840063,False
gbr-sheerness,SHEERNESS,GBR,5,22.01972222222222,0.4,0.6,91.59333507519516,1.0004753442382568,False
gbr-sharpness,SHARPNESS,GBR,5,125.0,0.4,0.2,425.4653678310902,4.092107247646003,False
fra-bastia,BASTIA,FRA,5,5.161944444444444,0.4,0.0,152.9010342877442,1.7088625954441823,False
chn-chn-2165,CHN-2165,CHN,5,42.425330555555554,0.8,0.4,276.302584810039,1.0484947660155437,False
mtq-mtq-16,MTQ-16,MTQ,5,40.4225,0.0,0.2,497.602534109238,1.0031797879942916,False
dnk-dnk-149,DNK-149,DNK,5,1.2438888888888888,0.2,0.2,383.6658518514519,1.0792679524604583,False
kwt-minaalzour,MINA AL ZOUR,KWT,5,29.62152222222222,0.0,0.0,250.9016951609767,49.200361453543096,False
rus-moskalvo,MOSKALVO,RUS,5,142.94416666666666,0.6,0.0,417.1541267916854,20.89457343828747,False
usa-usa-133,,USA,5,5.090833333333333,0.8,0.8,79.12894142494271,1.0,False
swe-hoganas,HOGANAS,SWE,5,14.514722222222222,0.4,0.2,119.14101507819824,1.033553077715398,False
nzl-waikawa,WAIKAWA,NZL,5,63.06555555555556,0.2,0.0,5391.708195066185,1.0102540034864063,False
nor-filtvet,FILTVET,NOR,5,17.829722222222223,0.8,1.0,18.492601995450816,1.1499050240181385,False
gbr-gbr-162,GBR-162,GBR,5,1.765,0.4,0.4,295.4201271094421,1.0,False
ury-fraybentos,,URY,5,9.786388888888888,0.2,1.0,37.86919275534522,1.0189606014672263,False
nor-midsund,MIDSUND,NOR,5,12.865277777777775,1.0,1.0,29.995073946327516,1.0265504266149428,False
chn-chn-1149,CHN-1149,CHN,5,6.486111111111111,0.0,0.2,1046.2394477714943,1.0036372161262592,False
cog-offshore,,COG,5,15.9175,0.0,0.0,2574.0789755255,1.056382736044407,False
chn-chn-109,CHN-109,CHN,5,7.391944444444444,1.0,0.2,185.32359635043466,1.0866761625227643,False
jpn-hirara,HIRARA,JPN,5,74.58361111111111,0.2,0.0,660.9204606820582,1.2637461969269557,False
jpn-jpn-314,JPN-314,JPN,5,73.24861111111112,0.0,0.0,316.73795272656884,1.6463036506323543,False
qat-qat-13,,QAT,5,32.39527777777778,0.8,0.8,15.669790986991076,1.0114528358402197,False
qat-qat-5,,QAT,5,26.5775,0.0,0.0,3684.8292898414825,2.863273958093134,False
usa-usa-1116,,USA,5,3.326111111111111,1.0,1.0,11.248580394937962,1.015577962307592,False
pry-pry-7,,PRY,5,95.26472222222222,0.6,0.6,78.01977011217778,11.113807341940625,False
chn-wuhu,WUHU,CHN,5,32.092777777777776,0.8,0.2,360.35154474725886,1.0083600136363733,False
tur-tur-176,,TUR,5,84.93555555555555,0.2,0.2,324.887086233092,1.121515583663091,False
tur-tur-169,TUR-169,TUR,5,70.3013888888889,0.4,0.2,258.9846090709038,1.300388024485823,False
jpn-kagoshima,,JPN,5,9.306666666666668,0.0,0.0,720.0008200527225,1.00777263723789,False
tza-mjimwematerminal,MJIMWEMA TERMINAL,TZA,5,223.5,0.2,0.2,463.65996301721754,1.1067565343557249,False
ukr-sevastopol,SEVASTOPOL,UKR,5,42.32388888888889,0.0,0.2,282.0129815968932,1.8254067612458693,False
twn-tamsuifishwharf,TAMSUI FISH WHARF,TWN,5,33.08861111111111,0.8,0.6,58.380655666563264,1.0471586608573284,False
nor-nor-692,,NOR,5,35.46890277777778,0.4,0.4,439.3625121991141,1.0443323386150747,False
nor-nor-973,NOR-973,NOR,5,24.426944444444445,0.6,0.2,177.9594360063097,1.0224025437025523,False
nor-nor-130,,NOR,5,11.5875,1.0,0.8,21.339429571046754,1.10875034883507,False
arg-barranqueras,,ARG,5,3.6625,0.2,0.2,469.9535623228906,1.0308614739829691,False
ukr-feodosiya,FEODOSIYA,UKR,5,23.66111111111111,0.0,0.2,359.347331709054,1.0722913074067397,False
idn-idn-331,IDN-331,IDN,5,23.25861111111111,1.0,0.8,4.4249020033376665,1.0,False
gbr-kilkeel,KILKEEL,GBR,5,29.857777777777777,1.0,0.8,43.48608339190853,1.0276329886786677,False
jam-portesquivel,PORT ESQUIVEL,JAM,5,154.74166666666667,0.2,0.2,1153.0551042151224,3.1852159763704497,False
guy-guy-11,,GUY,5,28.323055555555555,1.0,1.0,33.207334541071916,1.2730616497098894,False
yem-saleef,,YEM,5,277.3652777777778,0.0,0.0,1026.4130689984588,1.062500431627133,False
are-nasrfield,NASR FIELD,ARE,5,49.68861111111111,0.0,0.0,3737.448978902805,1.345235890289126,False
are-fatair,FATAIR,ARE,5,10.114166666666666,0.2,0.0,428.4048349670312,1.26490662051047,False
ita-ita-41,ITA-41,ITA,5,66.57,0.2,0.0,250.18744271136325,1.003259596616674,False
aia-westendvillage,WEST END VILLAGE,AIA,4,41.93805555555555,0.75,0.75,2.227423809525787,1.000137061636017,False
gbr-gbr-273,GBR-273,GBR,4,47.320277777777775,0.5,0.25,352.18231877360694,1.154657514616663,False
ukr-reni,RENI,UKR,4,124.99111111111111,0.0,0.5,134.10181715549388,1.0578428013265635,False
ukr-balaklavskyi,BALAKLAVSKYI,UKR,4,16.604444444444443,0.0,0.0,266.7357448865506,1.4595038312276012,False
nor-inner-vikna,INNER-VIKNA,NOR,4,3.7981944444444444,1.0,1.0,77.17112464386963,1.0006888329761903,False
nor-nor-155,,NOR,4,14.766073611111114,0.5,0.5,171.79519690654755,1.701443121621359,False
chn-xinhui,XINHUI,CHN,4,232.55763888888887,0.75,0.0,1041.9148704730424,1.0744264270843746,False
chn-xiangshan,XIANGSHAN,CHN,4,75.31166666666667,1.0,0.25,583.9078051147962,21.19280381863495,False
rus-ulyanovsk,,RUS,4,113.51111111111112,1.0,0.5,100.19413455881502,1.5302271654982782,False
tur-toros,,TUR,4,158.08576666666667,0.25,0.25,1982.0557207514425,2.776114056864864,False
nzl-rakinoisland,RAKINO ISLAND,NZL,4,33.45583333333334,0.0,0.0,1468.698008028938,1.0158807469632158,False
cog-pnr,,COG,4,8.894444444444446,0.25,0.25,655.6794476607306,1.000006989888318,False
dnk-dnk-129,DNK-129,DNK,4,30.424583333333334,0.75,0.5,108.90942271985627,1.462653587565927,False
mlt-mlt-28,MLT-28,MLT,4,8.411372222222221,0.0,0.0,1348.185774838676,1.141308232209198,False
grl-uummannaq,UUMMANNAQ,GRL,4,24.87222222222222,1.0,0.25,390.8673886250526,9.861554378514835,False
idn-bintan,,IDN,4,108.15013888888889,0.75,0.5,488.531837731183,1.0508995816582711,False
lby-lby-na,LBY-NA,LBY,4,18.6925,0.25,0.0,365.1585478895099,1.2922370023371925,False
idn-idn-418,,IDN,4,168.56055555555554,0.75,0.0,113.76959717212517,1.901142233452259,False
dnk-helsingor,HELSINGOR,DNK,4,13.217638888888889,0.0,0.0,428.2197341530323,1.1683874161531589,False
dnk-strandby,STRANDBY,DNK,4,23.169305555555557,0.0,0.0,4101.80240928391,5.607047154734125,False
dnk-lynaes,LYNAES,DNK,4,39.307361111111106,0.75,0.75,5.18900293675347,1.0157501426651088,False
bel-zeebrugge,,BEL,4,32.532916666666665,0.25,0.25,2600.83744913689,25.55791830754383,False
bel-zelzate,ZELZATE,BEL,4,137.63791666666665,0.0,0.25,284.6849200391837,1.0832983870581647,False
usa-usa-127,USA-127,USA,4,7.479861111111111,1.0,0.0,215.85537490805086,1.0803434396009925,False
dnk-hornbaek,HORNBAEK,DNK,4,4.5593055555555555,0.5,0.25,330.97603021195283,1.0018403056174008,False
usa-anacortes,ANACORTES,USA,4,9.65611111111111,1.0,0.75,16.89693631215804,1.0019699019779558,False
can-can-261,CAN-261,CAN,4,35.63944444444445,1.0,0.25,679.2946135728187,1.0744790048372286,False
nor-tomrefjord,TOMREFJORD,NOR,4,4.373472222222222,0.5,0.5,234.20658871920804,1.0141988787676341,False
usa-usa-na,USA-NA,USA,4,8.568888888888889,0.0,0.0,1320.750264042658,6.374467550188074,False
jpn-kawasaki,KAWASAKI,JPN,4,103.85249999999999,0.5,0.0,364.7595371465187,1.125985033520034,False
jpn-kanda,KANDA,JPN,4,7.605277777777777,0.75,0.0,304.7347547548097,15.966955512917803,False
col-col-20,COL-20,COL,4,15.967777777777776,1.0,1.0,91.80503111920947,18.361006223841894,False
aus-mackay,MACKAY,AUS,4,29.168888888888887,0.25,0.25,1956.6108792868117,1.0069846052905898,False
usa-usa-601,,USA,4,7.345277777777778,1.0,1.0,11.045739375222706,2.445042740950929,False
jpn-miyazaki,,JPN,4,116.07027777777779,0.0,0.0,553.430842260331,1.099357897176947,False
isl-akranes,AKRANES,ISL,4,22.607222222222223,0.5,0.0,474.0032752357065,1.139854191612379,False
usa-willspoint,,USA,4,63.065,0.5,0.25,2095.898865225925,1.012049908431379,False
omn-almudayq,,OMN,4,5.6475,0.25,0.25,153.23204759389716,1.7810422096659346,False
egy-egy-38,EGY-38,EGY,4,17.67330972222222,1.0,1.0,62.17325966264023,1.0398057051159642,False
egy-hurghada,HURGHADA,EGY,4,20.479490277777774,0.0,0.0,1569.9763779238733,1.091369016128823,False
usa-seattleportmadison,SEATTLE PORT MADISON,USA,4,48.5425,1.0,1.0,13.136660946353217,1.0052179152719785,False
chn-chn-2532,CHN-2532,CHN,4,45.715555555555554,1.0,0.25,445.577535668369,1.018976339458294,False
rus-rudnayapristan,RUDNAYA PRISTAN,RUS,4,71.18680555555557,1.0,0.25,166.93859738312307,1.0122536283447985,False
grc-kyllini,KYLLINI,GRC,4,30.158472222222223,0.0,0.0,553.7703109394191,1.113308074839053,False
kor-kor-66,,KOR,4,8.341268055555556,0.75,0.0,187.07154605798493,1.3489431786055268,False
swe-swe-282,,SWE,4,35.876666666666665,0.75,0.25,199.93830190657414,1.1365690622168918,False
hnd-hnd-9,HND-9,HND,4,55.83541666666667,0.25,0.25,865.0013134699875,1.112423955996993,False
hrv-hrv-150,HRV-150,HRV,4,37.72577638888889,0.0,0.75,64.59873367556173,4.706743634740451,False
prt-prt-44,PRT-44,PRT,4,29.415694444444444,0.25,0.25,1361.772966831581,1.031173180266462,False
swe-swe-70,,SWE,4,24.54361111111111,1.0,1.0,25.567482112487625,1.0448498001741267,False
deu-wewelsfleth,WEWELSFLETH,DEU,4,34.57611111111111,0.0,0.0,319.0150087124482,1.1669204372419237,False
aus-mayfield,MAYFIELD,AUS,4,61.78041666666667,0.0,0.0,4161.379758461697,32.70316501175246,False
nor-eidshaug,,NOR,4,5.1775,1.0,1.0,63.050223609791416,1.0281870644070936,False
nor-holmsbu,HOLMSBU,NOR,4,4.7820833333333335,0.25,0.25,119.92492423479752,1.2319606716840699,False
nor-honningsvag,,NOR,4,52.72083333333333,0.0,0.0,1329.0579763001283,50.0,False
nor-hyen,,NOR,4,30.27777777777778,0.0,0.0,1393.7107512700468,1.2544241850150826,False
gbr-portsmouth,PORTSMOUTH,GBR,4,31.43902777777778,0.0,0.0,4991.833181219185,3.06587230984227,False
nor-hasselvika,,NOR,4,20.82236111111111,0.5,0.25,475.222760077394,1.0132848962575705,False
jpn-nagoya,,JPN,4,31.655138888888892,0.25,0.25,748.5026525328675,1.0073335871499962,False
usa-usa-880,,USA,4,38.63652777777778,1.0,0.25,117.54759335557506,1.071769650537318,False
nor-grimstad,GRIMSTAD,NOR,4,23.40625,0.5,0.25,2372.5870180271345,1.010870148080666,False
jpn-moji,,JPN,4,12.76236111111111,0.5,0.25,286.0888454017726,1.03046702390635,False
jpn-otake,OTAKE,JPN,4,6.598888888888889,1.0,1.0,10.172194985099352,1.1843080025933421,False
irl-bereisland,BERE ISLAND,IRL,4,25.850138888888893,0.75,0.75,58.08880774520604,1.0010302008812295,False
irn-irn-70,,IRN,4,59.7225,0.0,0.5,102.04296060318444,1.4553372190885852,False
usa-usa-499,USA-499,USA,4,58.157361111111115,1.0,1.0,65.4241596005407,1.023991133791436,False
tur-kas,KAS,TUR,4,21.875416666666666,0.25,0.0,291.08626422948794,1.0610104206032154,False
usa-longview,LONGVIEW,USA,4,256.3668055555556,0.0,0.0,4197.746791167094,1.0450145763108898,False
usa-paulina,,USA,4,266.3773611111111,0.75,0.75,78.34251724511725,1.0334005879525332,False
chn-chn-2400,CHN-2400,CHN,4,42.884027777777774,0.5,0.25,543.9891436755966,1.0328764543798243,False
swe-swe-105,,SWE,4,8.501666666666667,0.25,0.25,232.65762834281293,1.065065231561655,False
swe-swe-117,,SWE,4,30.824166666666667,0.0,0.0,314.94482841241484,2.620486768300444,False
swe-skutskar,SKUTSKAR,SWE,4,28.10055555555556,0.25,0.0,271.57691701652766,25.57255400417011,False
rus-rus-193,RUS-193,RUS,4,5.861944444444444,1.0,0.0,177.1090710669321,1.2493771173385864,False
rus-rus-145,,RUS,4,8.614583333333334,1.0,0.5,88.27764210244958,1.0045304197848854,False
bra-bra-301,BRA-301,BRA,4,23.36513888888889,1.0,0.25,156.6142444092326,1.184450970780326,False
eri-assab,ASSAB,ERI,4,56.84736111111111,0.0,0.0,1073.0879584026889,1.583086720809026,False
rus-rus-122,RUS-122,RUS,4,6.844166666666666,1.0,0.0,118.29183102868582,1.0303058711902118,False
chn-chn-247,CHN-247,CHN,4,20.679583333333333,1.0,0.25,287.4493860406724,1.0283479597472716,False
grc-grc-356,GRC-356,GRC,4,27.09611111111111,0.0,0.25,419.1848424283543,1.0189347852472528,False
grc-grc-319,,GRC,4,42.61263888888889,0.0,0.0,439.54144140220774,1.0716989203205536,False
grc-grc-330,GRC-330,GRC,4,10.401250000000003,0.25,0.25,663.9602008982883,1.0093093774680182,False
tur-bandirma,BANDIRMA,TUR,4,174.8127777777778,0.5,0.5,259.9183377796925,3.08831862219905,False
brn-championfield,CHAMPION FIELD,BRN,4,8.774166666666666,0.0,0.25,665.9454521686083,1.011983520090795,False
usa-batonrouge,BATON ROUGE,USA,4,139.8375,0.75,0.75,52.11427523000894,1.0712056883155159,False
nor-hagavik,,NOR,4,16.573055555555555,1.0,0.5,60.86182862026169,1.0109811547897856,False
irn-bahregan,BAHREGAN,IRN,4,55.598055555555554,0.75,0.75,30.907198506029868,1.2944557673452057,False
nor-alesund,ALESUND,NOR,4,16.546388888888888,1.0,0.75,33.69643089960809,1.3320628458568398,False
jpn-takehara,TAKEHARA,JPN,4,15.695694444444445,0.25,0.25,182.94458836383808,1.0594415589950752,False
jpn-shimotsu,SHIMOTSU,JPN,4,40.71791666666667,0.5,0.25,264.2324141081413,1.080690215582885,False
ind-ind-53,,IND,4,6.4625,0.75,0.5,293.89942661450493,1.0141963792145523,False
fra-letreport,LE TREPORT,FRA,4,84.11694444444444,0.0,0.0,675.7654491002269,1.3375376788448974,False
fra-letreport,,FRA,4,76.08666666666667,0.25,0.25,133.92451308529883,1.0029976124795363,False
fji-fji-32,,FJI,4,42.740972222222226,0.25,0.25,835.1652128044027,1.082635632621654,False
nld-dordrecht,DORDRECHT,NLD,4,27.497916666666665,0.25,0.25,1689.733479850654,1.8561855170311075,False
deu-deu-384,DEU-384,DEU,4,7.8308333333333335,1.0,1.0,21.782048907974158,2.412774158053101,False
cyp-cyp-11,CYP-11,CYP,4,33.84930555555555,0.5,0.5,73.78985562016067,1.0212236047188403,False
nld-nld-176,NLD-176,NLD,4,39.126725,0.75,1.0,27.64928199902183,1.1986349042777569,False
usa-clayton,CLAYTON,USA,4,3.0172222222222222,0.0,0.25,149.7981945022127,1.0122748294188113,False
usa-usa-1795,,USA,4,5.075302777777779,0.0,0.0,5077.166936367867,1.0118549409424777,False
jpn-ube,UBE,JPN,4,72.8763888888889,0.75,0.0,266.72075580049267,1.0472993956918035,False
nga-quaiboeterminal,QUA IBOE TERMINAL,NGA,4,88.95430555555556,0.0,0.0,2791.7439201231105,3.9755398935079937,False
nld-nld-5,NLD-5,NLD,4,23.91419722222222,1.0,1.0,17.088149376819935,1.0486820210149164,False
nld-moerdijk,MOERDIJK,NLD,4,55.11125,0.0,0.25,854.1405413968762,1.3666146242930997,False
chn-chn-1638,CHN-1638,CHN,4,109.66885694444446,1.0,0.25,362.62909354909783,1.2857285865259978,False
chn-chn-1651,CHN-1651,CHN,4,6.180833333333334,1.0,0.0,283.33934421764263,1.0557991284364752,False
chn-chn-1693,CHN-1693,CHN,4,46.209583333333335,1.0,0.5,350.93866046395067,1.151895252950041,False
phl-santaritaaplaya,SANTA RITA APLAYA,PHL,4,60.979305555555555,0.25,0.0,1239.4822746898171,25.540413344028416,False
grc-corfuanchorage,,GRC,4,26.46194444444444,0.0,0.0,435.16173433137544,1.0709628422406023,False
mys-sungaiudang,,MYS,4,137.29444444444445,0.25,0.0,455.58628746019303,16.25386478242106,False
bra-bra-320,BRA-320,BRA,4,32.513333333333335,1.0,0.25,499.410119567333,1.0931223146758602,False
usa-galveston,GALVESTON,USA,4,53.30444444444444,0.5,0.5,752.1347125944931,1.0513572463746605,False
deu-gluckstadt,GLUCKSTADT,DEU,4,21.211805555555557,0.0,0.0,773.2513572719644,1.1726409652128007,False
rus-rus-347,,RUS,4,171.49333333333334,1.0,0.0,2412.1793800065034,5.6632607868764815,False
bra-bra-65,BRA-65,BRA,4,45.35263888888889,1.0,0.25,444.0142729140799,1.843274065566328,False
bra-bra-69,BRA-69,BRA,4,1.115138888888889,1.0,0.75,13.008022212436178,1.0040586131082647,False
chn-chn-204,CHN-204,CHN,4,14.07125,0.75,0.5,91.51271204900326,1.0427443169735233,False
chn-chn-206,CHN-206,CHN,4,6.374444444444444,1.0,0.25,856.7453270607624,1.047188967132254,False
kor-gohyeon,,KOR,4,29.038194444444443,1.0,1.0,6.138768874718399,1.000005693719794,False
usa-newlondon,NEW LONDON,USA,4,66.76402777777778,1.0,0.25,179.9671259104961,1.0006985148283507,False
esp-esp-282,ESP-282,ESP,4,7.866250000000001,1.0,1.0,75.21744861177356,1.9058450430537388,False
chn-jintang,JINTANG,CHN,4,62.18416666666667,1.0,0.5,211.92201829077953,1.2213151005445537,False
chn-jiaxing,JIAXING,CHN,4,33.236111111111114,1.0,0.25,402.4512912770269,1.0211940391801946,False
ven-ven-30,,VEN,4,261.81888888888886,0.0,0.0,895.2521252784259,1.0447305931067774,False
arg-diamante,DIAMANTE,ARG,4,1.2184722222222222,0.75,0.5,165.68253311099267,1.2307697087748144,False
jpn-jpn-237,,JPN,4,8.890555555555554,0.75,0.0,192.43701004522237,1.645485295074641,False
chn-songmen,SONGMEN,CHN,4,19.470548611111113,1.0,0.25,600.0374940569235,1.0675805775046983,False
sau-berrifield,,SAU,4,47.5875,0.25,0.25,2135.909293002564,1.0273665496233506,False
nor-omastranda,,NOR,4,7.313984722222222,0.75,0.0,181.3577836411601,1.0014988712308175,False
nor-nor-328,,NOR,4,21.637777777777778,0.75,0.0,247.00968719003365,1.2072240978100943,False
swe-swe-464,SWE-464,SWE,4,44.991527777777776,0.5,0.25,377.0909071249341,25.692295097618857,False
swe-swe-413,,SWE,4,15.809583333333332,0.75,0.75,16.28127549754639,1.0192675803928786,False
swe-swe-414,,SWE,4,31.29222222222222,0.0,0.0,199.32384643733656,10.080940795405658,False
isl-vopnafjordur,VOPNAFJORDUR,ISL,4,25.325277777777774,0.5,0.5,165.8707450301141,1.0597233873062644,False
ita-rosignanosolvay,ROSIGNANO SOLVAY,ITA,4,29.154861111111117,0.0,0.0,541.7687850122378,1.6753325256633778,False
jpn-aioi,,JPN,4,249.5123611111111,0.25,0.25,791.4737931966606,1.0788107827684112,False
can-frasierriver,FRASIER RIVER,CAN,4,28.932916666666667,0.0,0.0,673.8402352307294,1.022897116545789,False
gbr-gbr-459,GBR-459,GBR,4,71.64833333333334,0.0,0.25,169.95723976534492,1.4055775983609273,False
gbr-gbr-503,,GBR,4,26.57,0.5,0.0,306.5856553160684,17.798727997805088,False
nor-nor-919,,NOR,4,18.880694444444444,0.25,0.25,603.2882113232971,1.079136196658062,False
nor-nor-483,,NOR,4,8.603194444444444,1.0,1.0,9.607146957186984,1.3717059540475502,False
ita-ponza,PONZA,ITA,4,18.78763888888889,1.0,0.25,237.76722420023884,1.062809508115043,False
ita-porticellos.flavia,PORTICELLO S. FLAVIA,ITA,4,23.609444444444446,0.5,0.25,406.09593789588894,1.2909324558462347,False
ita-marzamemi,MARZAMEMI,ITA,4,42.75388888888889,0.0,0.0,620.0525336297833,1.0055309417758238,False
are-rasal-khaimah,RAS AL-KHAIMAH,ARE,3,73.6138888888889,1.0,1.0,67.63345365965408,1.1574150826026879,False
are-rashidfield,RASHID FIELD,ARE,3,50.891666666666666,0.3333333333333333,0.0,471.96699646965834,1.1694485214434123,False
ita-portopalo,PORTOPALO,ITA,3,13.83361111111111,0.3333333333333333,0.3333333333333333,663.2255724691495,1.129135031616319,False
nor-nor-563,NOR-563,NOR,3,74.43333333333334,1.0,1.0,31.868054852898606,2.9262501849421656,False
can-can-78,CAN-78,CAN,3,32.05555555555556,0.3333333333333333,0.0,1066.1676209191346,1.0220587198949906,False
twn-twn-57,TWN-57,TWN,3,56.61111111111112,1.0,1.0,0.0,1.0,False
can-can-426,CAN-426,CAN,3,68.49583333333334,1.0,0.6666666666666666,31.52550173557716,1.001067711695054,False
gbr-gbr-469,GBR-469,GBR,3,13.3875,0.0,0.6666666666666666,94.06377206778761,1.000083533389792,False
ita-capri,CAPRI,ITA,3,24.62833333333333,0.3333333333333333,0.0,569.218677005599,1.0237330913205744,False
jpn-chiba,CHIBA,JPN,3,44.88444444444445,1.0,0.3333333333333333,230.5271238146435,1.1730313165858728,False
ita-scilla,SCILLA,ITA,3,23.174444444444443,0.3333333333333333,0.3333333333333333,623.5857561237234,1.101281349508376,False
ita-ita-65,,ITA,3,37.88722222222222,0.6666666666666666,0.0,205.94740052514206,1.0875602124765529,False
chn-ganjiang,GANJIANG,CHN,3,26.17333333333333,0.6666666666666666,0.6666666666666666,31.724698959433574,1.0911825476405204,False
maf-maf-2,MAF-2,MAF,3,32.45861111111111,0.0,0.3333333333333333,166.8190263348568,1.4668964972966514,False
swe-swe-460,,SWE,3,18.96,1.0,1.0,8.656345886892803,1.0355994387933296,False
chn-chn-2363,CHN-2363,CHN,3,11.2825,0.6666666666666666,0.3333333333333333,324.7869021260634,1.0488662222669975,False
dnk-dnk-47,DNK-47,DNK,3,587.0144444444444,1.0,1.0,42.592270060643784,1.0290792978207166,False
dnk-dnk-77,DNK-77,DNK,3,41.09305555555556,0.0,0.0,484.5104803420343,1.0153295105284157,False
can-saintlawrence,SAINT LAWRENCE,CAN,3,110.12166666666668,0.0,0.0,1723.2122366396045,1.9064011848401479,False
nor-stjordal,STJORDAL,NOR,3,27.212777777777777,0.6666666666666666,0.3333333333333333,295.4911889062665,2.6986474846951283,False
nor-soloavagen,SOLOAVAGEN,NOR,3,4.846111111111111,1.0,1.0,12.600856246908384,1.4732843608931478,False
nor-sortland,SORTLAND,NOR,3,46.41305555555556,0.0,0.0,902.4970847369328,1.1095143864274561,False
nor-nor-510,,NOR,3,17.676666666666666,0.0,0.0,702.3165635086153,1.0799916359566164,False
nor-nor-251,,NOR,3,1.2544444444444445,1.0,0.6666666666666666,46.848772536006535,1.2311050470962734,False
nor-nor-308,,NOR,3,3.211388888888889,1.0,1.0,26.204829229926155,1.0845877838276856,False
gbr-gbr-451,GBR-451,GBR,3,40.02055555555555,0.3333333333333333,0.3333333333333333,180.3180887851764,1.0012942832683602,False
nor-nor-791,NOR-791,NOR,3,14.0625,1.0,0.0,158.78629442516817,1.0013405570400906,False
nor-nor-801,NOR-801,NOR,3,97.622125,1.0,0.3333333333333333,246.8345024323252,1.0261337690874919,False
nor-porsgrunn,PORSGRUNN,NOR,3,8.567777777777778,0.3333333333333333,0.3333333333333333,2973.502598500954,1.0130556284660126,False
nor-nor-957,NOR-957,NOR,3,28.26861111111111,1.0,1.0,58.414228568018515,1.1639350735578091,False
gbr-gbr-508,GBR-508,GBR,3,35.61555555555555,0.0,0.0,612.2761370483319,1.9853132002811833,False
gbr-gbr-529,GBR-529,GBR,3,77.82916666666667,0.3333333333333333,0.3333333333333333,829.8053340949012,1.0206627902710483,False
arg-docksud,,ARG,3,24.9975,0.0,0.0,10486.26940214632,4.164615419900913,False
arg-puebloesther,,ARG,3,42.6425,0.3333333333333333,0.3333333333333333,9890.787385807174,1.0065043266885279,False
ata-deceptionisland,,ATA,3,38.93694444444444,0.6666666666666666,0.6666666666666666,38.419401885551416,1.0,False
vct-vct-10,VCT-10,VCT,3,13.029722222222222,0.0,1.0,54.96518422549063,1.5131999707993637,False
sgp-sgp-7,SGP-7,SGP,3,22.96305555555556,0.0,0.0,1386.5513993711565,1.024048754227392,False
chn-huaian,HUAIAN,CHN,3,29.41555555555556,0.0,0.0,2104.3873824399925,1.0026708849810835,False
chn-chn-918,CHN-918,CHN,3,27.000555555555557,0.3333333333333333,0.3333333333333333,123.02494622567721,2.1698564242511442,False
are-are-191,ARE-191,ARE,3,21.899722222222223,1.0,1.0,50.970097066019896,3.354780473617182,False
arg-arg-22,,ARG,3,1.42,0.3333333333333333,0.0,301.4666347116614,1.2138148174813705,False
usa-norfolk,NORFOLK,USA,3,145.8325,0.6666666666666666,0.3333333333333333,240.2348093099519,1.1100357804437444,False
usa-oakland,OAKLAND,USA,3,25.525277777777777,0.3333333333333333,0.3333333333333333,5745.63348915777,1.0008346485831678,False
usa-naknek,NAKNEK,USA,3,32.66722222222222,1.0,0.0,414.54323150132524,50.0,False
grc-grc-168,,GRC,3,9.426944444444445,0.0,0.0,540.1973118509526,1.2485837461366407,False
grc-grc-171,GRC-171,GRC,3,88.6763888888889,0.3333333333333333,0.3333333333333333,300.30630810301284,1.0647865831204217,False
ncl-ncl-37,,NCL,3,12.672222222222222,0.0,0.0,784.8740173637068,1.7527938504424856,False
grc-grc-259,GRC-259,GRC,3,30.43611111111111,0.3333333333333333,0.3333333333333333,161.82195531182865,1.0761457404712793,False
kor-gijang,GIJANG,KOR,3,1.8961111111111109,1.0,1.0,14.547826352216452,2.714868114025082,False
jpn-tokyo,TOKYO,JPN,3,38.27222222222223,0.3333333333333333,0.3333333333333333,941.494583359779,1.1500308997128903,False
kaz-bautino,BAUTINO,KAZ,3,30.151666666666667,0.0,0.0,131.80260684782112,2.752666899403878,False
deu-eemshaven,EEMSHAVEN,DEU,3,58.84,0.0,0.0,3345.623678904736,1.0727774050652386,False
rus-rus-241,RUS-241,RUS,3,36.62277777777778,0.6666666666666666,0.6666666666666666,63.40747041144294,1.0121755321817312,False
rus-rus-274,,RUS,3,13.681111111111113,1.0,1.0,10.313284181165145,1.0009849600358895,False
bra-bra-45,BRA-45,BRA,3,21.326666666666668,1.0,0.3333333333333333,251.06121513947951,1.0,False
gha-tenfield,,GHA,3,32.51916666666666,0.3333333333333333,0.3333333333333333,2856.8484070889913,1.0007303243278336,False
gin-gin-9,,GIN,3,6.171666666666667,0.0,0.0,7060.605258270354,6.946236909340288,False
png-png-15,PNG-15,PNG,3,265.1091666666667,0.0,0.0,1407.3413182796705,1.1366084631022215,False
esp-esp-327,ESP-327,ESP,3,43.6925,0.6666666666666666,0.6666666666666666,65.46595875499668,1.2936204217187883,False
mys-mys-79,MYS-79,MYS,3,37.03777777777778,0.3333333333333333,0.0,2332.201797669357,1.0008688378247745,False
nld-haarlem,,NLD,3,127.30277777777778,0.0,0.0,3298.588320031161,4.317618442283443,False
nld-hoorn,HOORN,NLD,3,92.99222222222222,1.0,1.0,6.709100762077485,1.0342460798821222,False
chn-chn-1822,CHN-1822,CHN,3,22.578611111111112,1.0,0.6666666666666666,26.753326390396598,1.015210145150166,False
chn-chn-1766,CHN-1766,CHN,3,113.36138888888888,1.0,0.0,355.3067188373067,2.1719022522744784,False
phl-subicbayvicinity,,PHL,3,84.70027777777777,0.6666666666666666,0.6666666666666666,0.22348775542556187,1.0,False
bra-bra-51,BRA-51,BRA,3,50.78944444444444,1.0,0.3333333333333333,506.8120671237998,1.0197305760336217,False
nld-edam,EDAM,NLD,3,21.68861111111111,1.0,1.0,6.709100762077485,1.4278495843833063,False
nld-nld-30,,NLD,3,6.745555555555556,0.0,0.0,145.43815307640372,1.0087710387611213,False
nld-leiden,LEIDEN,NLD,3,49.716388888888886,0.0,0.0,4892.088499101526,7.87276576955485,False
esp-villagarcia,VILLAGARCIA,ESP,3,10.371944444444445,0.6666666666666666,0.3333333333333333,233.0367181555591,1.0584036196727817,False
grc-argostoli,ARGOSTOLI,GRC,3,5.6194444444444445,0.0,0.0,416.235140980015,1.2116550863864748,False
bra-bra-309,BRA-309,BRA,3,52.28083333333333,0.3333333333333333,0.0,4203.7448643834705,1.0427915303639852,False
ind-ind-171,,IND,3,50.21210277777778,1.0,0.0,249.7000048276814,49.930724222947546,False
usa-usa-1604,USA-1604,USA,3,115.60944444444443,0.6666666666666666,0.0,998.3076693416166,1.35149361057906,False
jpn-uraga,URAGA,JPN,3,18.02694444444445,1.0,0.6666666666666666,68.8631243388414,1.0956906057433182,False
deu-bremen,,DEU,3,2.937777777777778,0.6666666666666666,0.6666666666666666,38.884932332021684,1.0341068356467347,False
deu-deu-143,DEU-143,DEU,3,57.984722222222224,0.0,0.0,4830.0142353077845,7.4000019868516285,False
usa-clarkspoint,CLARKS POINT,USA,3,545.9630555555556,0.3333333333333333,0.0,1349.6994617418322,1.0838230501351354,False
gbr-southendanchorage,SOUTHEND ANCHORAGE,GBR,3,19.74888888888889,0.0,0.3333333333333333,466.2566397833219,1.2643269195372697,True
gbr-southwold,SOUTHWOLD,GBR,3,23.43070833333333,0.3333333333333333,0.3333333333333333,485.0171175905361,1.0,False
fra-letrait,LE TRAIT,FRA,3,95.53333333333332,0.0,0.0,230.8352159208373,1.0589245066231676,False
irl-arklow,ARKLOW,IRL,3,36.355555555555554,0.0,0.0,138.56339505855402,1.0918849519096818,False
jpn-tadotsu,TADOTSU,JPN,3,125.07527777777776,1.0,0.6666666666666666,0.3502596420481201,1.0,False
ind-ind-76,IND-76,IND,3,127.3638888888889,0.0,0.0,2738.7743047218314,2.3258199434608424,False
ind-ind-224,,IND,3,9.999444444444444,1.0,0.6666666666666666,0.0,1.0,False
deu-bremen,BREMEN,DEU,3,41.785555555555554,0.6666666666666666,0.6666666666666666,88.57039792887906,1.0150259904119272,False
swe-lulea,,SWE,3,23.523055555555555,0.3333333333333333,0.3333333333333333,566.4910462103657,3.443070543904917,False
swe-norvik,,SWE,3,31.43138888888889,0.0,0.0,338.6346478999022,7.845723420104437,False
swe-sandhamn,SANDHAMN,SWE,3,14.877222222222224,0.0,0.0,374.253287028112,1.0313179087305042,False
rus-rus-52,RUS-52,RUS,3,130.2086111111111,1.0,0.0,121.84498207648916,1.5589133327673692,False
fra-sainttropez,,FRA,3,30.864166666666662,0.3333333333333333,0.3333333333333333,172.30068686363165,1.0164282639071789,False
nld-stellendam,,NLD,3,11.479444444444445,0.0,0.0,4403.9913903873485,12.051924656038407,False
nor-bolga,,NOR,3,21.905555555555555,0.3333333333333333,0.0,756.7064858046522,1.184361236829416,False
nld-zaandam,,NLD,3,24.7425,0.0,0.0,704.8245396184949,1.5061638935995776,False
gbr-warrenpoint,WARRENPOINT,GBR,3,69.47,0.0,0.0,646.0723211586222,1.6432900842965543,False
nld-willemstad,,NLD,3,25.815277777777776,0.0,0.0,4278.580715722289,6.914667298644904,False
tur-fethiye,FETHIYE,TUR,3,30.72361111111111,0.0,0.0,369.0552553002467,1.0110856437136264,False
tur-bodrum,BODRUM,TUR,3,44.780277777777776,0.0,0.0,363.73553017230756,1.2023147649722128,False
grc-grc-297,,GRC,3,13.47861111111111,1.0,1.0,9.179224357745998,1.0175237474542627,False
usa-providence,PROVIDENCE,USA,3,36.98083333333334,0.3333333333333333,0.3333333333333333,307.5097055315199,1.2809424313898046,False
bra-bra-304,BRA-304,BRA,3,71.98027777777777,0.6666666666666666,0.3333333333333333,304.03341746764954,1.0565209670448383,False
bra-bra-282,BRA-282,BRA,3,64.085,0.6666666666666666,0.3333333333333333,750.937269828782,1.0010882168067015,False
bra-bra-29,BRA-29,BRA,3,56.36972222222222,1.0,0.3333333333333333,306.32458413387167,1.029088742792193,False
prk-wonsan,WONSAN,PRK,3,180.50722222222225,0.6666666666666666,0.0,109.43611765790331,4.634220924305927,False
prk-haeju,HAEJU,PRK,3,183.33333333333331,0.3333333333333333,0.0,429.4089240229148,1.4208326122915835,False
chn-chn-2427,CHN-2427,CHN,3,7.177222222222222,1.0,0.0,304.4064940730333,1.008108559816767,False
chn-chn-2447,CHN-2447,CHN,3,88.68694444444445,0.3333333333333333,0.3333333333333333,195.68466481399815,1.0234535753194407,False
swe-swe-106,SWE-106,SWE,3,110.89972222222222,1.0,0.0,219.36136210816582,1.3374809679364568,False
rus-rus-176,,RUS,3,12.001388888888888,1.0,0.0,600.4894803007624,1.2755122587656063,False
jpn-wakayama,WAKAYAMA,JPN,3,229.5263888888889,0.0,0.0,4137.003211697708,1.448840993060739,False
kor-kor-204,KOR-204,KOR,3,12.644444444444444,1.0,1.0,5.6666185758461065,1.0057492189315427,False
kor-kor-154,KOR-154,KOR,3,119.37638888888888,0.0,0.0,1059.6867703346595,50.0,False
grc-grc-210,GRC-210,GRC,3,79.4186111111111,1.0,0.6666666666666666,97.79695930035281,1.4335931597218872,False
grc-grc-249,GRC-249,GRC,3,40.58805555555556,0.0,0.0,517.2846037203515,1.0103393085452328,False
usa-paulina,PAULINA,USA,3,198.43722222222223,1.0,1.0,80.52482556354047,1.0225033626561115,False
gbr-lowestoft,LOWESTOFT,GBR,3,20.11277777777778,0.0,0.0,4755.989738398253,1.6811175092816129,False
gbr-mevagissey,MEVAGISSEY,GBR,3,30.462222222222223,0.0,0.0,418.01833643504557,1.426254243693706,False
nor-garten,,NOR,3,5.425,1.0,1.0,26.204829229926155,1.0845877838276856,False
tur-sile,SILE,TUR,3,17.733888888888888,0.3333333333333333,0.3333333333333333,319.815070774131,1.05288857480916,False
chn-chn-1605,CHN-1605,CHN,3,10.213055555555556,1.0,0.6666666666666666,0.0,1.0,False
chn-chn-1273,CHN-1273,CHN,3,13.05,1.0,0.3333333333333333,687.2427490766481,1.097156871108095,False
per-eten,ETEN,PER,3,104.985,1.0,0.3333333333333333,339.74979597024077,2.597178363573505,False
jpn-maizuru,,JPN,3,19.398888888888887,1.0,1.0,3.0826222594957335,1.0,False
irn-irn-81,,IRN,3,108.48666666666666,0.0,0.0,186.0690625357455,1.200626257000046,False
irn-irn-6,,IRN,3,34.10055555555556,0.3333333333333333,0.3333333333333333,257.94902362802003,2.9118588229322353,False
usa-usa-1869,,USA,3,59.458888888888886,1.0,0.0,314.3034104120833,50.0,False
chn-chn-473,CHN-473,CHN,3,24.6175,1.0,1.0,62.04930393089211,1.093275370660056,False
sur-sur-na,SUR-NA,SUR,3,149.04861111111111,0.0,0.6666666666666666,87.45434739858466,1.5882945680837757,False
usa-usa-69,,USA,3,6.320277777777778,0.6666666666666666,0.0,313.6390270880416,1.0283831793512592,False
nor-brattvag,BRATTVAG,NOR,3,7.421388888888889,1.0,1.0,46.71144874567049,1.0024362112943421,False
nor-hommelvik,HOMMELVIK,NOR,3,87.69083333333333,0.3333333333333333,0.0,589.7542401826665,1.7103030103140633,False
nor-havoysund,HAVOYSUND,NOR,3,101.80833333333334,0.0,0.0,1022.7141319007798,1.0621657909276974,False
swe-ystad,YSTAD,SWE,3,83.96555555555555,0.0,0.3333333333333333,387.95856740848814,1.7570501627502773,False
dnk-abelo,ABELO,DNK,3,37.1675,0.3333333333333333,0.3333333333333333,131.321456756196,1.4714201424495428,False
aus-wynnum,WYNNUM,AUS,3,20.27027777777778,0.6666666666666666,0.3333333333333333,603.191344511903,1.0392585005350643,False
aze-baku-southbay,BAKU-SOUTH BAY,AZE,3,255.8461111111111,0.3333333333333333,0.3333333333333333,204.86013673470472,1.7766063478128193,False
usa-usa-136,,USA,3,6.268611111111111,0.6666666666666666,0.3333333333333333,538.8546766215156,1.0039763182545842,False
aus-townsville,TOWNSVILLE,AUS,3,28.172777777777775,0.6666666666666666,0.3333333333333333,151.7637292395907,1.0314822116742584,False
kor-mukho,MUKHO,KOR,3,78.86027777777778,0.6666666666666666,0.3333333333333333,133.27632672398656,1.5818425441407264,False
swe-swe-229,SWE-229,SWE,3,25.16555555555556,0.6666666666666666,0.6666666666666666,38.45457369486508,1.0123564685072295,False
chn-chn-413,CHN-413,CHN,3,23.253888888888888,1.0,1.0,0.0,1.0,False
chn-chn-2607,CHN-2607,CHN,3,25.55666666666667,1.0,0.0,1015.0275571159158,3.5255005796878676,False
deu-deu-45,DEU-45,DEU,3,24.68638888888889,0.0,0.3333333333333333,4192.671494883097,1.0002304474653099,False
mlt-cirkewwa,CIRKEWWA,MLT,3,57.65361111111111,0.0,0.0,5398.58162779719,5.221631751802648,False
mlt-mgarr,MGARR,MLT,3,97.15916666666666,0.0,0.0,5325.348608538372,1.2136694857707262,False
grc-grc-365,,GRC,3,8.94,0.0,0.0,221.2320455944933,1.1581267298221891,False
chn-chn-2137,CHN-2137,CHN,3,306.7535833333333,0.6666666666666666,0.3333333333333333,403.2882521417283,1.0705581661691967,False
egy-egy-26,EGY-26,EGY,3,33.94667777777778,1.0,1.0,61.394037164761734,1.0283248716618034,False
grc-skiathos,SKIATHOS,GRC,3,19.11694444444445,1.0,1.0,90.3134080026282,1.034346844182894,False
grc-grc-378,GRC-378,GRC,3,38.61263611111111,0.6666666666666666,1.0,7.978003648149385,1.0662074231934418,False
gbr-gbr-410,,GBR,3,10.805277777777778,0.6666666666666666,0.6666666666666666,12.16937670262254,1.0699673320879504,False
gbr-gbr-413,,GBR,3,173.62944444444443,0.0,0.0,836.0333600775574,1.3693405959834057,False
gbr-gbr-343,GBR-343,GBR,3,47.38,0.6666666666666666,0.6666666666666666,19.109090074637766,1.0193196872790717,False
gbr-gbr-402,,GBR,3,51.897777777777776,0.3333333333333333,0.3333333333333333,790.1169180883544,1.018423643032027,False
gbr-braefoot,BRAEFOOT,GBR,3,26.251666666666665,0.3333333333333333,0.0,362.051801084049,1.773030813815998,False
pak-pak-17,PAK-17,PAK,3,0.3261111111111111,1.0,1.0,6.83484135154425,1.36696827030885,False
gbr-aberdourbayanchorage,ABERDOUR BAY ANCHORAGE,GBR,3,16.921666666666667,0.6666666666666666,0.6666666666666666,18.379760584962064,1.0245371516787383,True
gbr-aberdourbayanchorage,,GBR,3,22.61694444444445,1.0,1.0,18.021329107496456,1.0037261376444993,False
usa-usa-82,,USA,3,6.725,0.6666666666666666,0.0,260.0261499934924,1.028529646063961,False
aus-kwinana,KWINANA,AUS,3,103.53944444444444,0.3333333333333333,0.0,2113.009156061202,1.0148754424795388,False
aus-coogee,,AUS,3,34.00611111111111,1.0,1.0,0.0,1.0,False
jpn-kesennuma,KESENNUMA,JPN,3,103.7238888888889,0.0,0.0,1051.2566970579162,1.0800167581688076,False
jpn-kinuura,KINUURA,JPN,3,81.1625,0.0,0.0,2712.157171799901,1.2158802565291311,False
nor-vaeroy,VAEROY,NOR,3,75.92277777777778,0.6666666666666666,0.0,180.5309800251549,1.0157878347174085,False
usa-alexandriabay,ALEXANDRIA BAY,USA,3,1.5699999999999998,0.0,0.3333333333333333,111.45557907386268,1.0069002891020422,False
ukr-ukr-na,,UKR,3,48.29222222222222,0.0,0.3333333333333333,141.168334545285,10.689744466263223,False
can-can-250,CAN-250,CAN,3,51.102777777777774,0.0,0.0,4450.897194291291,1.0001974580864899,False
nor-mefjord,MEFJORD,NOR,3,38.41638888888889,0.6666666666666666,0.3333333333333333,152.60947492488216,1.4952134645694648,False
chn-chn-1157,CHN-1157,CHN,3,21.0575,1.0,1.0,45.257765045238415,1.0,False
usa-usa-1319,,USA,3,1.9172222222222224,0.3333333333333333,0.3333333333333333,1141.937756892691,1.0034111294604153,False
swe-swe-527,,SWE,3,40.98333333333333,1.0,0.6666666666666666,11.982883706496336,1.0302895585821423,False
usa-usa-113,,USA,3,4.595,1.0,0.6666666666666666,83.76124093914204,1.022407286250773,False
usa-usa-1054,,USA,3,8.525555555555556,1.0,1.0,67.87816725854991,1.0224012740694541,False
usa-sunnypoint,,USA,3,21.076944444444443,1.0,0.6666666666666666,25.343559619818844,1.008061196550998,False
qat-qat-10,,QAT,3,34.665277777777774,0.0,0.0,3689.445564082589,1.0018650592531153,False
qat-qat-21,,QAT,3,46.665,0.3333333333333333,0.3333333333333333,100.29782879657643,1.001018032964928,False
qat-doha,DOHA,QAT,3,124.28666666666666,0.6666666666666666,0.6666666666666666,9.179507191823758,1.0007537096627397,False
qat-halul,HALUL,QAT,3,26.18861111111111,0.3333333333333333,0.6666666666666666,49.70979981551445,1.0152642427746283,False
bel-zelzate,,BEL,3,171.37583333333333,0.0,0.0,3364.0916217844892,1.0055835087837337,False
lbn-dbaiyeh,,LBN,3,6.331388888888889,1.0,1.0,3.3600752981550857,1.001530112864131,False
kwt-kwt-7,KWT-7,KWT,3,87.75111111111111,0.0,0.0,855.319388981441,1.0221244992685286,False
idn-idn-390,,IDN,3,7.189166666666667,1.0,0.3333333333333333,435.44272420793465,1.814272197173852,False
dnk-dnk-206,DNK-206,DNK,3,52.312777777777775,0.3333333333333333,0.3333333333333333,140.72063619609884,1.0230038477007142,False
rou-tulcea,TULCEA,ROU,3,205.11055555555555,0.0,0.0,236.63156919060395,1.243467065378175,False
bhs-bhs-25,BHS-25,BHS,3,167.15277777777777,0.0,0.0,729.106549941449,1.1619791276657738,False
grc-lindos,,GRC,3,65.44805555555556,0.3333333333333333,0.0,303.06951704775196,1.1412975235234741,False
grl-qeqertarsuaq,QEQERTARSUAQ,GRL,3,1.045,1.0,0.0,308.0589125750675,1.3057165694489328,False
grl-upernavik,UPERNAVIK,GRL,3,4.143888888888889,1.0,0.0,526.4259426941383,2.843366976365452,False
nzl-nzl-39,,NZL,3,95.66833333333334,0.0,0.0,5471.65235329367,1.010596321219528,False
cog-cog-1,COG-1,COG,3,21.1025,0.6666666666666666,0.6666666666666666,6.4343451656409005,1.0050632857636783,False
jpn-jpn-387,JPN-387,JPN,3,76.83666666666667,0.0,0.0,4166.749075785435,50.0,False
jpn-jpn-340,JPN-340,JPN,3,146.22305555555556,0.0,0.0,1661.9571726719792,1.0059402910593211,False
jpn-jpn-346,,JPN,3,121.59138888888889,0.3333333333333333,0.3333333333333333,512.0956219443885,1.370744629671214,False
isl-faskrudsfjordur,FASKRUDSFJORDUR,ISL,3,16.185833333333335,1.0,0.6666666666666666,54.26105018216591,1.08461881783966,False
chn-youcaihua,YOUCAIHUA,CHN,3,49.56972222222223,1.0,1.0,51.481391532702695,1.026433029525441,False
chn-wuhan,WUHAN,CHN,3,19.83805555555556,1.0,0.6666666666666666,8.077096674068983,1.0072238814628685,False
rus-tenishevo,TENISHEVO,RUS,3,8.420277777777779,1.0,0.3333333333333333,107.16595388884907,1.1125374478096162,False
rus-ulyanovsk,ULYANOVSK,RUS,3,9.334444444444443,0.6666666666666666,0.3333333333333333,114.17450254934201,1.1417667250409165,False
nor-larsnes,LARSNES,NOR,3,13.8475,1.0,0.3333333333333333,470.7711321748514,1.232583153174796,False
nor-larvik,LARVIK,NOR,3,8.482222222222223,0.0,0.3333333333333333,468.10101436984206,1.028701429633048,False
nor-langevag,,NOR,3,18.86916666666667,0.3333333333333333,0.3333333333333333,203.2570252056703,2.668531610913036,False
nor-nor-1006,,NOR,3,22.58805555555556,0.0,0.0,409.1785054641568,1.084481721978352,False
nor-nor-1017,,NOR,3,122.20666666666666,0.3333333333333333,0.3333333333333333,566.561004643731,1.0464597689136474,False
nor-nor-115,,NOR,3,7.0119444444444445,0.3333333333333333,0.0,395.2151164330405,1.0165557951060888,False
tur-tur-51,TUR-51,TUR,3,136.0836111111111,1.0,0.3333333333333333,157.41446909184137,1.2669176592233813,False
tur-tur-60,TUR-60,TUR,3,348.85,0.6666666666666666,0.6666666666666666,50.98962877779706,1.0696538989357343,False
can-tadoussac,TADOUSSAC,CAN,3,47.06138888888889,1.0,1.0,67.27343361481822,1.0039801902280068,False
chl-chacao,CHACAO,CHL,3,45.50222222222222,1.0,0.0,309.05093351676584,50.0,False
twn-liuqiu,LIUQIU,TWN,3,53.69472222222223,0.6666666666666666,0.6666666666666666,12.082416106012467,2.013978798636609,False
are-buhaseerfield,BU HASEER FIELD,ARE,3,25.565555555555555,1.0,1.0,48.66407127493258,9.732814254986517,False
are-are-105,ARE-105,ARE,3,20.52555555555556,0.0,0.0,3257.00047362892,5.073784411421543,False
are-abkfield,ABK FIELD,ARE,3,20.25777777777778,0.3333333333333333,0.0,3273.7062935305776,1.0425902218572594,False
arg-arg-82,,ARG,3,2.756388888888889,0.6666666666666666,0.6666666666666666,55.36226589274255,1.0283640486853725,False
hnd-frenchharbor,FRENCH HARBOR,HND,2,18.469027777777775,0.5,0.5,445.49487851474083,25.5,False
idn-idn-249,IDN-249,IDN,2,263.8227777777778,0.5,0.0,929.1263358912835,29.772944411446524,False
idn-idn-306,,IDN,2,31.34638888888889,1.0,0.0,751.9979055767357,1.5299242265324446,False
fro-runavik,RUNAVIK,FRO,2,14.29875,0.5,0.5,139.3909850137858,1.0096230868134417,False
fro-fro-18,FRO-18,FRO,2,21.40555555555555,1.0,1.0,16.454875213928936,3.2909750427857873,False
fra-toulon,TOULON,FRA,2,59.185138888888886,0.5,0.5,340.62151888499517,4.404045889323007,False
idn-idn-33,,IDN,2,8.275416666666667,1.0,1.0,3.3619339710615908,1.0,False
pan-colon2000,COLON 2000,PAN,2,100.7625,0.0,0.0,433.29673625586327,1.2690379052081617,False
pan-balboaanchorage,BALBOA ANCHORAGE,PAN,2,51.48166666666667,0.0,0.0,5665.355546300263,20.52974233887292,True
bgr-bgr-23,BGR-23,BGR,2,181.36458333333334,0.5,0.5,72.14085859754245,1.1464597805609242,False
bhr-askar,ASKAR,BHR,2,37.24111111111112,1.0,1.0,4.72440100538886,1.4448802010777722,False
tur-gerze,GERZE,TUR,2,39.18638888888889,0.0,0.0,204.2664974301441,1.1315660531782674,False
syc-syc-3,SYC-3,SYC,2,21.37166666666667,0.5,0.5,1224.4890249352216,1.0007226585717155,False
tur-erdek,ERDEK,TUR,2,31.235833333333332,1.0,0.5,81.61814505363625,1.0121118208284212,False
tur-antalya,,TUR,2,28.34583333333333,1.0,0.5,109.03955110170823,8.696867850216956,False
chn-chn-1867,CHN-1867,CHN,2,18.984444444444446,1.0,0.5,458.76011211429494,1.5137640729247672,False
fra-carry-le-rouet,CARRY-LE-ROUET,FRA,2,9.405277777777778,1.0,1.0,13.534139563265962,1.0048197559754577,False
phl-calapan,CALAPAN,PHL,2,19.00263888888889,1.0,1.0,21.803451001289066,1.088373297173816,False
fra-laciotat,LA CIOTAT,FRA,2,47.946666666666665,0.5,0.5,2096.7506071918474,1.0277717453067776,False
fra-fra-457,FRA-457,FRA,2,191.58249999999995,1.0,1.0,12.282766744041597,1.0231984713469093,False
fra-fra-453,FRA-453,FRA,2,3.7686111111111114,1.0,1.0,47.70660396939692,1.5898454694894437,False
usa-usa-1260,USA-1260,USA,2,81.41277777777779,1.0,1.0,40.08964208667308,3.2348349031371404,False
usa-usa-1311,,USA,2,14.254583333333333,1.0,1.0,6.467903214926522,1.7688730614622947,False
idn-idn-354,IDN-354,IDN,2,99.51219305555556,0.5,0.0,427.6052615089326,20.34044098302041,False
idn-idn-396,IDN-396,IDN,2,203.66500000000002,1.0,1.0,10.673072346910674,1.0,False
idn-idn-43,,IDN,2,16.689166666666665,1.0,0.0,590.1946256584615,1.0314077692807675,False
tur-esenkoy,ESENKOY,TUR,2,17.827361111111113,1.0,0.5,159.63845907898653,1.1305452583049909,False
tur-tur-181,TUR-181,TUR,2,40.70413333333333,1.0,0.0,270.86833351314135,1.1250522433100167,False
bhs-portroyal,PORT ROYAL,BHS,2,12.055833333333334,0.5,0.5,1889.5572485235407,1.2233295500801786,False
gbr-gbr-284,GBR-284,GBR,2,16.438888888888886,0.0,1.0,44.7308186230937,2.332051987618346,False
gbr-gbr-184,GBR-184,GBR,2,30.3375,0.0,0.0,2959.014944577103,25.538986214175612,False
nzl-gisborne,GISBORNE,NZL,2,53.465555555555554,1.0,0.0,113.25815839951065,1.0439553479927535,False
nor-sunndalsora,,NOR,2,10.475694444444445,1.0,0.5,108.09032646072966,1.0099434024413387,False
tur-tur-134,TUR-134,TUR,2,85.00777777777779,0.0,0.0,296.64693106002255,1.1556339329823273,False
chl-puertowilliams,PUERTO WILLIAMS,CHL,2,49.128194444444446,0.0,0.0,1260.6789981179415,2.6473110692180146,False
grc-tilos,TILOS,GRC,2,13.802083333333332,0.5,0.5,177.26827827962714,1.4721996535394306,False
hrv-bobovisca,BOBOVISCA,HRV,2,5.124305555555555,0.5,0.5,3375.1395518614813,2.06610967469255,False
chn-binzhou,BINZHOU,CHN,2,71.80902777777777,1.0,0.5,534.1634808560542,1.3373125589548422,False
gbr-christchurch,CHRISTCHURCH,GBR,2,199.47958333333332,0.5,0.5,276.3963188360922,1.0004033164019452,False
mex-cabosanlucas,CABO SAN LUCAS,MEX,2,16.447222222222223,0.0,0.0,5977.50201879722,1.0543662427436722,False
guy-newamsterdam,NEW AMSTERDAM,GUY,2,37.94708333333334,0.0,0.0,615.6525144761843,1.233332243499357,False
usa-sturgeonbay,STURGEON BAY,USA,2,90.41652777777779,1.0,0.0,177.37699861106526,1.5500742664940057,False
usa-texascity,TEXAS CITY,USA,2,55.55166666666667,1.0,0.5,81.34495520702532,16.72091524111652,False
gbr-gbr-324,,GBR,2,29.476527777777775,0.0,0.0,604.5561695990262,1.2311134786650835,False
gbr-gbr-323,GBR-323,GBR,2,43.125972222222224,0.5,0.5,138.6871626888096,1.015186816556409,False
omn-shinas,SHINAS,OMN,2,45.79972222222222,0.0,0.5,3680.51345378705,1.0648324529824347,False
gbr-avonmouth,AVONMOUTH,GBR,2,111.31333333333333,1.0,0.5,84.25007561680252,1.3048546680699138,False
gbr-eastham,EASTHAM,GBR,2,4.438194444444445,1.0,1.0,12.116785240861844,1.0054294981975505,False
gbr-cromarty,CROMARTY,GBR,2,60.69708333333334,0.0,0.0,449.9697603861699,25.569724595781917,False
hrv-muline,MULINE,HRV,2,35.23958333333333,0.0,0.0,333.04966069195433,25.510114081542707,False
hrv-njivice,NJIVICE,HRV,2,51.66777777777778,0.0,0.0,3407.724993087819,26.081812683429703,False
tur-kusadasi,KUSADASI,TUR,2,17.389722222222222,1.0,0.0,214.4038486642865,1.1119677220039628,False
tur-kemer,KEMER,TUR,2,35.45708333333333,0.5,0.0,436.0928916772533,1.1600747627125538,False
mda-giurgiulesti,GIURGIULESTI,MDA,2,242.35375000000002,0.0,0.5,383.59900662509324,1.087164743190682,False
nzl-nzl-76,NZL-76,NZL,2,112.20708333333333,0.0,0.0,5385.286883407331,1.038915403888115,False
esp-esp-230,ESP-230,ESP,2,42.850833333333334,0.5,0.0,399.9312947551034,1.2997159114995334,False
ind-ind-116,,IND,2,202.1584722222222,1.0,1.0,5.2982732538631,1.0106259536640723,False
jpn-toyohashi,TOYOHASHI,JPN,2,32.26291666666667,0.5,0.5,194.13867937585584,1.048939132148142,False
jpn-uchinomi,,JPN,2,27.314027777777778,1.0,1.0,29.97968042516164,1.1281970745684755,False
usa-usa-1575,,USA,2,40.46125,1.0,0.0,215.0309366506118,1.045728528963327,False
png-png-29,,PNG,2,60.094166666666666,1.0,0.0,119.49563039362977,1.07890739738193,False
usa-usa-1637,,USA,2,45.211527777777775,1.0,0.5,62.96001398877217,1.0137260896081641,False
esp-alcanar,ALCANAR,ESP,2,103.33166666666666,0.5,0.0,526.6557088284804,1.2853844808563748,False
pri-pri-23,,PRI,2,14.29888888888889,1.0,1.0,15.133380525850816,1.0113933417669145,False
usa-usa-1692,,USA,2,33.55763888888889,1.0,0.5,95.09167538202713,1.0172050772840229,False
usa-usa-1700,,USA,2,27.202083333333334,0.5,0.0,2703.4342432407725,1.0062503820116022,False
pol-pol-23,,POL,2,32.22944444444444,1.0,1.0,7.027460857150577,1.010804250375334,False
usa-usa-1714,,USA,2,13.743472222222223,0.0,0.0,4001.98949121421,1.0113830274396118,False
fra-duclair,DUCLAIR,FRA,2,1.1833333333333331,1.0,1.0,7.026683304346479,1.3701221757349686,False
tha-samutsakhon,SAMUT SAKHON,THA,2,255.8163152777778,1.0,1.0,28.725628294908766,4.591879896625634,False
tha-phuketanchorage,,THA,2,60.85305555555556,0.0,0.0,1994.610463934518,1.1125826986385123,False
usa-usa-18,,USA,2,5.986111111111111,0.0,0.0,3094.9437425303286,1.0683527614739186,False
chn-chn-2168,CHN-2168,CHN,2,8.539861111111112,1.0,1.0,42.0540392243825,1.0991316544032839,False
usa-usa-1833,,USA,2,97.0134625,0.0,0.0,4800.342127519457,3.075403108518354,False
chn-chn-2150,CHN-2150,CHN,2,52.32125,1.0,0.5,335.73391833377383,13.810916022749476,False
ind-ind-173,IND-173,IND,2,12.237638888888888,0.0,0.0,1121.782466223883,1.0317880596633724,False
chn-chn-2130,CHN-2130,CHN,2,122.88138888888889,1.0,0.5,142.43695660261838,25.509476975195515,False
jpn-shimoda,SHIMODA,JPN,2,36.31708333333333,1.0,0.0,182.22243935978202,1.0591678769098216,False
jpn-shiriyamazaki,,JPN,2,17.405694444444443,1.0,1.0,55.0418173521324,5.533468209076546,False
prt-viladoporto,VILA DO PORTO,PRT,2,28.25722222222222,1.0,0.0,448.1566500986109,1.0759639132601846,False
jpn-saijo,SAIJO,JPN,2,227.0751388888889,1.0,1.0,2.198297157596883,1.0,False
jpn-saizaki,SAIZAKI,JPN,2,102.82152777777777,1.0,1.0,4.60135340812385,1.2585472696991946,False
tha-tha-14,THA-14,THA,2,30.607083333333332,0.0,0.0,721.3807885186957,25.500306727308004,False
phl-portcapiz,PORT CAPIZ,PHL,2,17.341023611111112,1.0,0.0,134.26217143451674,1.8985818578705498,False
fin-fin-52,,FIN,2,149.58666666666664,1.0,0.0,269.51325573028174,27.34066745770222,False
kor-kor-232,KOR-232,KOR,2,37.15083333333333,0.5,0.5,252.85750825863028,1.1331983933412504,False
kor-kor-58,KOR-58,KOR,2,15.898194444444446,0.0,0.0,1106.1446388392214,1.4060046582665733,False
chn-chn-1738,CHN-1738,CHN,2,96.43263888888889,1.0,0.0,931.2246273124379,1.0642697056412151,False
chn-chn-1733,CHN-1733,CHN,2,25.718194444444446,1.0,0.5,177.31249092374816,1.288598994191413,False
chn-chn-1680,CHN-1680,CHN,2,198.23472222222222,1.0,0.5,423.3054714066633,1.0768445175147348,False
tun-kelibia,KELIBIA,TUN,2,9.095,0.5,0.5,453.33160642255876,1.1113258064422427,False
esp-tabarca,TABARCA,ESP,2,46.35819444444444,0.0,0.0,764.2743030729043,17.961910268503658,False
esp-rota,ROTA,ESP,2,109.97638888888889,0.5,0.0,923.166548242066,1.4307281866134067,False
usa-usa-1419,USA-1419,USA,2,77.40347222222222,0.0,0.0,1109.0053676039947,1.00476777475175,False
aus-westernport,,AUS,2,20.569444444444446,0.5,0.0,1253.1810221717076,25.72078364965472,False
est-kunda,KUNDA,EST,2,37.41138888888889,0.0,0.5,198.17091937610172,6.159006572234292,False
kna-whitehousebayanchorage,,KNA,2,5.619583333333334,0.5,1.0,28.0488143656653,1.0031525640481087,False
png-lorengau,,PNG,2,319.99041666666665,1.0,0.0,268.1858836003397,1.273313233400571,False
esp-lagomera,LA GOMERA,ESP,2,94.15154305555555,1.0,1.0,72.71522883462707,1.066610002079032,False
usa-usa-1468,USA-1468,USA,2,30.81930555555555,0.0,0.0,330.33399420792745,1.0729581778179464,False
esp-esp-288,ESP-288,ESP,2,24.57875,0.5,0.0,176.2229917303079,1.0399836959892041,False
kor-kor-102,,KOR,2,30.82409722222222,1.0,0.5,133.41479596204277,26.691460352773806,False
chn-chn-2062,CHN-2062,CHN,2,25.285972222222224,0.0,0.0,575.8563772050077,1.4138051977791153,False
kor-kor-119,KOR-119,KOR,2,123.37777777777778,0.5,0.5,151.0271073328476,25.50259971562756,False
chn-chn-2007,CHN-2007,CHN,2,286.22111111111116,1.0,0.5,321.2949794607417,1.899682669144144,False
kor-kor-156,,KOR,2,50.77291666666667,1.0,0.5,95.37100595546137,1.0011825979218743,False
kor-kor-231,,KOR,2,10.2775,1.0,1.0,6.554574063110158,1.7627458491178072,False
chn-chn-1925,CHN-1925,CHN,2,7.023055555555556,0.5,0.5,986.3350065560791,1.152847232605688,False
chn-chn-1902,CHN-1902,CHN,2,0.0,0.0,0.0,2532.0985661131162,2.0736605933385452,False
png-png-46,,PNG,2,408.9465277777778,1.0,1.0,45.35710070551138,9.071420141102276,False
est-kelnaseleppneeme,,EST,2,28.395995833333338,0.0,0.5,109.85488414836081,1.0539938858312847,False
grc-dokos,DOKOS,GRC,2,20.914250000000003,0.0,0.0,597.6470515874375,1.0820804436899958,False
usa-carteret,CARTERET,USA,2,40.41847222222222,0.5,0.5,2431.621099219908,25.500284998643664,False
usa-benecia,BENECIA,USA,2,42.39694444444444,0.5,0.5,344.74015978155506,2.011990538882997,False
can-can-146,CAN-146,CAN,2,122.21236111111111,0.5,0.0,1707.0153624651123,1.0646777848071929,False
nga-nga-19,,NGA,2,37.92819444444445,0.5,0.0,355.0398548949878,25.531615800549645,False
gbr-macduff,MACDUFF,GBR,2,3.3365277777777775,0.0,0.0,552.139800450768,1.0005639024562119,False
nor-foresvik,FORESVIK,NOR,2,8.419722222222223,1.0,0.5,99.91577828535905,1.0224885834444186,False
nor-fauske,FAUSKE,NOR,2,123.05347222222221,1.0,1.0,8.154823852683727,1.0230843491220125,False
nor-fagerstrand,FAGERSTRAND,NOR,2,0.7419444444444445,1.0,1.0,9.490551525277775,1.0387024899433546,False
nor-drag,DRAG,NOR,2,115.25458333333333,0.0,0.0,901.5908028051338,2.252912800722536,False
nor-hervik,,NOR,2,44.098194444444445,0.5,0.5,2793.4979053562697,1.0359768488679753,False
bra-bra-99,BRA-99,BRA,2,41.944583333333334,1.0,0.5,158.8688437033045,1.5425359554753402,False
tur-tur-212,TUR-212,TUR,2,373.5002777777778,0.0,0.0,3161.1187046576447,2.4755450107019676,False
grc-grc-178,GRC-178,GRC,2,36.91597222222222,1.0,0.0,179.1364298834125,1.214107747500139,False
gbr-oban,OBAN,GBR,2,29.121666666666663,1.0,0.5,103.10919089508805,1.0027043225821888,False
gbr-montrose,MONTROSE,GBR,2,71.27236111111111,0.0,0.0,812.4679680234713,1.327593306303572,False
can-can-374,CAN-374,CAN,2,151.6822222222222,0.5,0.5,340.54530849241866,1.0866155395913932,False
can-can-268,CAN-268,CAN,2,87.35104305555556,0.5,0.5,2760.359551478657,25.501505964120287,False
can-can-244,CAN-244,CAN,2,66.44611111111112,1.0,0.0,205.85219625543124,1.0011433937785,False
nor-lysoysund,LYSOYSUND,NOR,2,5.877638888888889,1.0,1.0,19.95379268559831,1.0146134656007,False
nor-lillesand,LILLESAND,NOR,2,29.513194444444444,1.0,0.5,108.06350085987427,1.0091152486625266,False
grc-grc-203,,GRC,2,225.80875,0.5,0.5,72.93453593057215,1.0209648396923594,False
grc-grc-215,GRC-215,GRC,2,107.50625,0.0,0.0,363.30431223421533,1.2143532281077096,False
nor-nor-172,NOR-172,NOR,2,26.31847222222222,0.0,0.0,621.7417215987556,1.916584640474272,False
nor-nor-146,,NOR,2,17.36625,0.5,0.5,164.1584547506785,1.0052414707001445,False
gbr-ipswich,IPSWICH,GBR,2,35.44277777777778,0.0,0.0,3001.6665630535194,28.640301093329274,False
usa-manitowoc,MANITOWOC,USA,2,54.40291666666667,1.0,0.0,198.53311816200238,1.5830359441611797,False
nld-nld-469,NLD-469,NLD,2,33.43055555555556,1.0,1.0,12.364328179807735,3.1538363591640417,False
nld-nld-458,NLD-458,NLD,2,28.356944444444444,0.0,0.0,771.5425835018475,25.533174781964593,False
nga-nga-78,,NGA,2,53.04486111111112,0.0,0.0,3378.23418284198,1.887420481785319,False
nld-bruinisse,BRUINISSE,NLD,2,23.888472222222223,0.0,0.0,3050.4816915613546,2.7730782458545127,False
nld-nld-201,NLD-201,NLD,2,2.457638888888889,1.0,1.0,14.728524301865464,1.184832971885039,False
nld-neeltjejans,,NLD,2,89.66083333333333,0.5,0.5,630.5646140528238,17.08926225712542,False
nld-lemmer,LEMMER,NLD,2,204.08666666666667,1.0,1.0,14.574042921920116,1.5293890012232452,False
usa-elsegundoanchorage,EL SEGUNDO ANCHORAGE,USA,2,39.72513888888889,0.5,0.5,2968.159375847313,10.06502922177095,True
nld-denoever,DEN OEVER,NLD,2,12.265277777777778,1.0,1.0,14.912688776550166,1.6427012260543008,False
nld-hellevoetsluis,HELLEVOETSLUIS,NLD,2,20.731944444444444,0.0,0.0,1586.302913092414,1.0298079660394572,False
bra-macae,MACAE,BRA,2,27.563055555555554,1.0,0.0,363.45486257679227,13.28231888082553,False
nld-lauwersoog,,NLD,2,56.914722222222224,0.0,0.0,6090.151976629715,2.4501246685512337,False
usa-gc512platform,,USA,2,26.576666666666668,0.5,0.0,3575.341061791985,25.52926973636599,False
grc-chalkis,CHALKIS,GRC,2,54.79625,0.5,0.5,776.3933388703035,1.0,False
usa-gc640platform,,USA,2,5.989305555555555,0.5,0.0,447.15545720998324,1.0032591876611567,False
gbr-saintmawes,SAINT MAWES,GBR,2,6.914861111111112,0.0,0.0,361.6562350876245,1.5024090760791553,False
nld-vlissingen,,NLD,2,8.529027777777777,0.0,0.5,171.6008206381244,1.244824235002012,False
usa-jacksonville,JACKSONVILLE,USA,2,172.15597222222223,0.5,0.5,1951.9496148456055,9.18533523922974,False
bra-bra-305,BRA-305,BRA,2,39.45666666666666,1.0,0.5,364.684871901479,25.501978841294957,False
nld-oudbeijerland,OUD BEIJERLAND,NLD,2,113.92500000000001,0.0,0.0,5294.288414240977,5.387943265290961,False
nld-nld-78,,NLD,2,58.17444444444444,0.0,0.5,521.2638413490939,2.1072377484353706,False
bra-bra-308,BRA-308,BRA,2,59.00069444444445,1.0,0.0,138.17687040190634,14.704617180759163,False
bra-bra-319,BRA-319,BRA,2,14.786527777777781,0.0,0.0,5872.727521247169,1.0047467238235253,False
nor-aurdal,AURDAL,NOR,2,126.19805555555557,0.0,0.0,588.3161555902057,2.3573053715555257,False
nor-andalsnes,ANDALSNES,NOR,2,6.845277777777778,1.0,0.5,85.40013150485646,1.0174558561481146,False
nor-aardal,,NOR,2,22.90416666666667,0.5,0.5,245.38841836997142,3.491927175075685,False
nld-workum,,NLD,2,19.076805555555556,1.0,1.0,13.700978840312544,1.3180623124120694,False
bra-portobelo,PORTO BELO,BRA,2,35.82125,0.5,0.5,329.72126104044503,1.0,False
can-hamilton,HAMILTON,CAN,2,199.09069444444444,1.0,1.0,25.234264073340654,1.2052700360649435,False
twn-twn-56,TWN-56,TWN,2,81.98194444444444,0.0,0.0,760.140139375578,1.060414730281636,False
nor-nor-875,,NOR,2,67.80361111111111,0.0,0.0,926.0333586767877,22.401309252850368,False
grc-karpathos,KARPATHOS,GRC,2,15.093888888888888,1.0,0.0,175.25302406700496,1.9592391764872388,False
grc-kefalos,KEFALOS,GRC,2,15.548333333333332,0.0,0.0,372.5377284473635,1.072113138712694,False
nor-nor-806,,NOR,2,35.88375,1.0,1.0,23.960145051745997,1.034060694206454,False
mys-baganpanchor,,MYS,2,43.041666666666664,0.0,0.0,931.2981891052561,1.5531744943107344,False
bra-bra-233,BRA-233,BRA,2,97.69027777777778,1.0,0.5,302.1645062820326,1.1575166288320067,False
bra-bra-303,BRA-303,BRA,2,121.23972222222224,0.5,0.0,543.3316369582435,1.0524662051096898,False
twn-twn-16,,TWN,2,48.265,1.0,1.0,13.67367147118896,1.288022898418268,False
twn-magong,MAGONG,TWN,2,148.81208333333333,1.0,1.0,37.6049070349723,7.577328177746633,False
grc-mykonos,MYKONOS,GRC,2,29.63513888888889,0.5,0.5,134.50912069786384,1.007130768317908,False
can-shelburne,SHELBURNE,CAN,2,11.72236111111111,0.5,0.0,628.4492397142363,1.0118038450266353,False
grc-ermioni,ERMIONI,GRC,2,36.76861111111111,0.0,0.0,694.1789255231263,1.224630364633858,False
tur-yakakoy,YAKAKOY,TUR,2,13.845416666666667,1.0,0.0,264.7862143677977,1.3290759885564207,False
moz-matola,MATOLA,MOZ,2,254.36277777777778,0.5,0.0,2554.6322540630576,1.2910435754880007,False
nor-steinshamn,STEINSHAMN,NOR,2,43.276944444444446,0.0,0.0,617.7403137797182,1.6761669061029265,False
mtq-lestrois-ilets,LES TROIS-ILETS,MTQ,2,50.03388888888888,0.0,0.0,214.68271777789607,34.510141778002996,False
grc-grc-363,GRC-363,GRC,2,28.388472222222223,0.0,0.0,531.4712736556411,1.0080535174429164,False
mex-mex-205,,MEX,2,29.851111111111113,1.0,1.0,67.36697723315851,13.114612556405469,False
nor-sirevag,SIREVAG,NOR,2,11.125138888888888,0.0,0.0,328.4412180669957,1.0197726516051184,False
nor-sandstad,,NOR,2,4.690138888888889,1.0,0.5,131.01746513310113,1.0085859362216374,False
nor-sand,SAND,NOR,2,85.87055555555555,1.0,1.0,33.12658944487197,1.030928679789893,False
tur-tur-40,TUR-40,TUR,2,163.12208333333334,1.0,0.5,52.38588135814505,1.0407745576233922,False
grc-marathokampos,MARATHOKAMPOS,GRC,2,104.9398611111111,0.0,0.0,454.0081699085541,25.519251266482357,False
chl-chl-76,CHL-76,CHL,2,230.32583333333332,1.0,0.5,306.4245544025723,1.025654158833869,False
chl-chl-69,CHL-69,CHL,2,301.3520833333333,0.0,0.0,1025.0386506325478,1.4568442526109047,False
tur-yarimca,,TUR,2,68.35013888888889,1.0,0.5,170.6126076163519,1.0215429583343822,False
ukr-ukr-94,UKR-94,UKR,2,74.59111111111112,0.5,0.5,155.3878688648529,14.810076388680493,False
ukr-ukr-91,,UKR,2,33.42916666666667,0.0,0.5,167.3450287294843,1.073634568781293,False
ukr-ukr-44,UKR-44,UKR,2,78.36180555555556,1.0,1.0,4.631760466573149,1.1067566897708194,False
grc-grc-107,GRC-107,GRC,2,61.903194444444445,0.0,0.0,351.7558240418589,1.1715203609127536,False
ukr-ukr-109,UKR-109,UKR,2,105.79277777777777,0.0,1.0,3.7613669726899976,1.001466818951841,False
ukr-ukr-100,UKR-100,UKR,2,61.11416666666667,0.0,0.0,305.85416909240143,1.0013928013484859,False
nor-nor-478,,NOR,2,8.47263888888889,1.0,1.0,11.490035024417002,1.1127864731319632,False
usa-morrisonville,MORRISONVILLE,USA,2,15.445277777777777,0.5,0.5,2090.1965846165394,1.0129577800190557,False
usa-perthamboyanchorage,PERTH AMBOY ANCHORAGE,USA,2,99.38499999999999,1.0,1.0,0.2575829885337495,1.0000680856629032,True
bra-bra-10,BRA-10,BRA,2,24.70777777777778,1.0,0.5,190.9621053363134,1.14815153604505,False
nor-nor-218,,NOR,2,0.2256944444444444,1.0,1.0,8.77817201058074,1.0171973904544138,False
nor-nor-213,NOR-213,NOR,2,54.96625,1.0,0.0,161.98364769527018,1.4711165521196772,False
bra-bra-223,BRA-223,BRA,2,73.4893375,0.0,0.0,7132.3123907514255,14.958943813775571,False
can-can-440,CAN-440,CAN,2,49.49777777777778,1.0,0.5,70.47053739374188,1.0215834284482268,False
grc-grc-275,,GRC,2,94.72277777777778,1.0,1.0,3.9674175166142835,1.0044156493935321,False
grc-grc-334,GRC-334,GRC,2,64.16749999999999,0.5,0.0,552.005941727438,1.0029298889668885,False
nor-nor-628,,NOR,2,25.94472222222222,0.0,0.0,375.2513709644897,1.2729755235280573,False
nor-nor-624,NOR-624,NOR,2,20.392083333333332,1.0,1.0,20.42423011621248,2.8967654438086257,False
nor-nor-623,NOR-623,NOR,2,66.0125,0.0,0.0,450.8772172344608,1.0025065571967369,False
grc-grc-348,,GRC,2,11.017083333333332,0.0,0.0,270.2981124668477,1.176376095710895,False
grc-grc-360,,GRC,2,61.94361111111111,0.5,0.5,331.18684902350134,25.880209751241125,False
nor-nor-57,NOR-57,NOR,2,11.729166666666666,1.0,0.5,307.62201725798604,1.252810310478994,False
nor-nor-560,,NOR,2,15.687916666666668,1.0,1.0,13.140708567218235,1.0402157834864556,False
nor-nor-549,,NOR,2,35.771666666666675,0.0,0.0,276.72386902284325,25.55453239394185,False
mys-mys-112,,MYS,2,14.328194444444447,1.0,1.0,30.280337516479683,1.0186684892641344,False
can-cowichanbay,COWICHAN BAY,CAN,2,195.4226388888889,1.0,1.0,20.096914554214795,1.028297650709722,False
mys-mys-138,,MYS,2,15.150972222222222,0.0,0.0,931.7993594395714,1.1817548019134492,False
nor-nor-758,NOR-758,NOR,2,52.38861111111111,1.0,1.0,19.450633540284223,1.098057588273809,False
rus-rus-98,RUS-98,RUS,2,41.15833333333333,1.0,0.0,143.09454654458546,1.0334270327439778,False
deu-helgoland,HELGOLAND,DEU,2,34.74194444444444,0.5,1.0,28.423525947103442,1.0,False
chn-chn-580,CHN-580,CHN,2,7.292344444444445,1.0,0.0,108.45750029492842,1.001658826612062,False
ita-santamariadileuca,SANTA MARIA DI LEUCA,ITA,2,14.03013888888889,0.5,0.0,381.5205394820429,1.1152254063111577,False
swe-swe-152,,SWE,2,22.649722222222223,1.0,0.5,89.09908268731454,1.3473630778572043,False
ita-ita-243,,ITA,2,14.059583333333332,0.0,0.0,671.4513191980966,1.0015489014113146,False
usa-usa-834,,USA,2,4.550972222222223,1.0,1.0,14.669811989434454,2.9339623978868907,False
swe-swe-112,,SWE,2,37.870555555555555,1.0,1.0,29.61189246584417,4.968738115883564,False
ita-ita-226,,ITA,2,38.20152777777778,1.0,0.5,186.6385808964886,1.000344607416688,False
chn-chn-939,CHN-939,CHN,2,13.746666666666666,1.0,0.5,187.02091145250466,1.012007852853019,False
rus-lomonosov,LOMONOSOV,RUS,2,35.86333333333334,0.5,0.5,318.73825634850385,2.153668248708035,False
usa-usa-777,,USA,2,14.351527777777779,0.5,0.5,310.31881505818063,1.0038210972969628,False
ita-ita-146,ITA-146,ITA,2,91.99027777777778,1.0,0.5,164.10700956213066,1.0470567281031329,False
ita-imperia,IMPERIA,ITA,2,103.91430555555556,0.5,0.0,958.4129103333216,10.506220896382361,False
swe-simrishamn,SIMRISHAMN,SWE,2,94.5363888888889,0.5,0.0,175.3773436522293,1.4449578967434356,False
fin-naantali,NAANTALI,FIN,2,71.83708333333334,0.5,0.0,148.44373562548384,12.000231391168517,False
aus-ichthysfield,,AUS,2,3.706388888888889,0.0,0.0,4061.941756234599,25.909682146989805,False
isl-seydisfjordur,SEYDISFJORDUR,ISL,2,18.745555555555555,0.0,0.0,616.142915567618,1.5070907765995938,False
irn-sirri,,IRN,2,156.3484722222222,0.0,1.0,39.0199540875056,1.9964571662775201,False
yem-yem-19,YEM-19,YEM,2,35.22114166666667,0.5,0.0,547.2248988119541,25.57162954684598,False
are-fatehfield,FATEH FIELD,ARE,2,32.404444444444444,0.5,0.5,1503.2300262444946,11.108521261883906,False
dnk-dnk-40,DNK-40,DNK,2,16.10111111111111,0.0,0.5,103.19441503809892,2.5976709199276846,False
dnk-dnk-9,DNK-9,DNK,2,58.084722222222226,0.0,0.0,1908.1239603387153,8.405832336990947,False
isl-hrisey,,ISL,2,32.477916666666665,1.0,1.0,26.49577969785628,3.025799057022263,False
swe-swe-390,,SWE,2,6.303333333333334,0.5,0.0,237.96139899875757,1.0599260225818004,False
sau-sau-116,,SAU,2,29.315833333333334,1.0,1.0,12.243927914995837,1.0126873012971902,False
jpn-matsusaka,MATSUSAKA,JPN,2,27.13861111111111,1.0,0.5,123.75371960875535,1.0358142912610155,False
chn-chn-2291,CHN-2291,CHN,2,15.617916666666666,0.0,0.0,878.1778001035608,1.0072330912057565,False
isl-dalvik,DALVIK,ISL,2,6.465416666666666,1.0,0.5,80.84849941275601,1.25744631860956,False
chn-chn-2302,CHN-2302,CHN,2,57.09319444444445,1.0,0.0,360.86526994182236,19.230448210730263,False
chn-chn-2332,CHN-2332,CHN,2,43.13368055555556,0.5,0.5,101.97921989571921,1.0017361124592745,False
ita-loano,LOANO,ITA,2,28.875833333333333,0.5,1.0,40.26505870598206,1.014587469704102,False
rus-rus-135,RUS-135,RUS,2,39.92888888888889,1.0,1.0,10.300493444999887,1.781114820572776,False
aus-aumky,,AUS,2,25.200416666666666,0.0,0.0,3506.583012117594,1.00119855642945,False
deu-deu-49,DEU-49,DEU,2,24.06277777777778,0.0,0.0,2831.3620670105875,3.377556164997497,False
swe-hudiksvall,HUDIKSVALL,SWE,2,94.86416666666668,0.0,0.0,355.0225001335149,1.7543566443184329,False
aus-aubne,,AUS,2,358.88125,0.5,0.0,829.9295436566812,1.1521212386618536,False
swe-helsingborg,HELSINGBORG,SWE,2,30.531527777777775,0.0,0.0,571.5592244014578,1.070496059438361,False
are-mubarrazfield,MUBARRAZ FIELD,ARE,2,34.42125,0.5,0.5,134.60124340919782,1.119886772766702,False
usa-usa-981,USA-981,USA,2,41.84027777777778,0.0,1.0,78.99734022541375,1.0711328073713235,False
chn-chn-2581,CHN-2581,CHN,2,38.48169027777778,1.0,0.5,155.36358536371608,1.7916805736431582,False
aia-sandygroundvillage,SANDY GROUND VILLAGE,AIA,2,53.536944444444444,0.0,1.0,82.2231601023126,1.2773977324285222,False
chn-chn-276,CHN-276,CHN,2,20.26208333333333,1.0,0.0,261.8631741930037,1.1565871764827658,False
irn-irn-20,,IRN,2,22.86861111111111,0.0,1.0,55.53342499235626,1.4793429291879685,False
are-mubarakfieid,MUBARAK FIEID,ARE,2,6.399722222222223,0.5,0.5,160.27539202993228,3.5279652333482656,False
svn-izola,IZOLA,SVN,2,3.561527777777778,0.5,1.0,0.0,1.0,False
sur-paranam,PARANAM,SUR,2,189.4634722222222,1.0,1.0,8.996132548091282,1.0089052073606595,False
rus-kazan,,RUS,2,8.90111111111111,1.0,0.0,292.36266686397283,1.145798622775732,False
col-col-8,COL-8,COL,2,69.64291666666666,1.0,0.5,134.65293571860354,6.440925994851999,False
col-col-47,COL-47,COL,2,94.47083333333333,1.0,0.5,144.3505985211257,1.36311840634809,False
irn-hengamfield,HENGAM FIELD,IRN,2,23.340277777777775,0.0,0.5,108.0502596325363,9.456074046339406,False
aia-blowingpointvillage,BLOWING POINT VILLAGE,AIA,2,44.364583333333336,0.0,0.5,134.08796934421912,1.9254001862991048,False
swe-swe-276,,SWE,2,36.310833333333335,0.5,0.0,273.23832812100125,2.925814667090645,False
chn-chn-2442,CHN-2442,CHN,2,211.71972222222223,1.0,0.5,260.73277962396486,1.400132827618291,False
jpn-jpn-495,JPN-495,JPN,2,9.14625,0.5,0.5,368.39951034445426,1.548697979294315,False
swe-swe-387,SWE-387,SWE,2,22.416805555555555,0.5,1.0,50.795001795367654,1.1003392310917839,False
jpn-jpn-485,,JPN,2,95.02152777777778,0.0,0.0,1013.6078413714038,1.0253908414989157,False
rus-chistopol,CHISTOPOL,RUS,2,72.67555555555556,1.0,0.5,88.35111274780097,1.3098363932563946,False
usa-yerbabuenaisland,YERBABUENA ISLAND,USA,2,72.71902777777777,0.0,0.0,5235.574180453639,5.760882748275597,False
rus-chistopol,,RUS,2,4.598194444444444,1.0,0.5,127.21547950762044,1.045438553895388,False
rus-kalach-na-donu,KALACH-NA-DONU,RUS,2,148.98083333333335,1.0,1.0,5.289427872123882,1.1255144455552453,False
rus-kazan,KAZAN,RUS,2,10.035833333333333,1.0,0.0,197.17689488677075,1.086829699911227,False
chn-pingyuan,PINGYUAN,CHN,2,185.45097222222222,1.0,0.0,433.95054615692106,5.6389998229342115,False
spm-miquelon,MIQUELON,SPM,2,24.191666666666666,0.0,0.0,600.419998944318,1.0164968946907171,False
ita-marsala,MARSALA,ITA,2,8.398333333333333,0.5,0.5,429.2582291223357,1.0,False
irn-irn-33,IRN-33,IRN,2,68.10527777777779,0.0,0.5,131.84077328061485,1.41555878037848,False
chn-hongwan,HONGWAN,CHN,2,33.71138888888889,1.0,0.5,175.49011123823942,2.3464480769210287,False
rus-rus-239,,RUS,2,39.549166666666665,1.0,1.0,43.806046766147965,1.7643986174033137,False
irn-irn-25,,IRN,2,36.73736111111111,0.0,0.5,1692.9777967774908,3.1013542888490933,False
usa-usa-60,,USA,2,6.046666666666667,1.0,0.0,113.45600595529878,1.0090233292164772,False
rou-rou-92,ROU-92,ROU,2,56.458194444444445,0.0,0.0,237.14280387513583,1.0537054483259694,False
chn-huangshi,HUANGSHI,CHN,2,32.82486111111111,1.0,1.0,10.118483341838672,1.0198704858210306,False
chn-jiangdu,JIANGDU,CHN,2,13.260277777777777,1.0,0.0,557.090528148638,1.1646730899132811,False
usa-usa-577,,USA,2,58.74319444444444,0.5,0.5,3968.959764016881,1.0000348654967255,False
rus-rus-214,RUS-214,RUS,2,3.6531944444444444,1.0,0.0,653.1908086690646,50.0,False
chn-jiujiang,JIUJIANG,CHN,2,40.80597222222222,0.5,0.5,911.5918143958806,1.0032442637077856,False
usa-usa-332,,USA,2,18.736250000000002,1.0,1.0,29.580464831330918,1.0000026341819277,False
sau-zuluffield,,SAU,2,77.33888888888889,0.0,0.0,1599.337836877316,25.503461221555632,False
rus-rus-440,RUS-440,RUS,2,117.22374999999998,1.0,0.5,121.6433225331403,1.3402906982629301,False
rou-murfatlar,MURFATLAR,ROU,2,58.71019861111111,1.0,1.0,8.452339165619913,2.3818065330277136,False
ita-portosantostefano,PORTO SANTO STEFANO,ITA,2,44.46805555555555,0.5,0.0,357.57295038096646,1.016423757744171,False
irl-marinopoint,MARINO POINT,IRL,2,340.2272222222222,0.5,0.5,232.9842990531854,25.507363836628254,False
jpn-hakodate,HAKODATE,JPN,2,111.03805555555556,0.5,0.5,324.80737727998576,1.986812835212979,False
jpn-jpn-204,,JPN,2,446.78763888888886,0.0,0.0,2334.021239214052,1.1542885023727973,False
swe-swe-499,,SWE,2,72.22555555555556,0.0,0.0,319.00965287068664,1.0163725081749424,False
irl-rushbrooke,RUSHBROOKE,IRL,2,105.91555555555556,0.0,0.0,738.8324164309429,1.3683331200965148,False
jpn-jpn-207,,JPN,2,46.84152777777777,0.5,0.5,1738.3865823354392,1.0783854866516838,False
are-alsadar,ALSADAR,ARE,2,12.751111111111111,1.0,0.5,78.70581056919706,3.565877358134549,False
jpn-jpn-417,JPN-417,JPN,2,195.6198611111111,1.0,1.0,4.535472027785602,1.0008711892708193,False
usa-usa-1907,USA-1907,USA,2,401.86805555555554,0.0,0.0,2027.4949601661676,7.5345586890991285,False
jpn-jpn-258,,JPN,2,66.31805555555556,0.0,0.0,901.184625429983,1.1076625224946777,False
swe-kapellskar,,SWE,2,28.117916666666666,1.0,0.0,100.80677677593624,1.308264996419282,False
isl-hafnarfjordur,HAFNARFJORDUR,ISL,2,7.86375,1.0,0.0,131.8991749584887,1.138101155858977,False
arg-arg-38,,ARG,2,73.06416666666667,1.0,0.0,181.87717651328285,1.300385436141479,False
rus-zvenigovo,ZVENIGOVO,RUS,2,6.905694444444444,1.0,0.0,127.85459754036054,1.1680043070284865,False
sgp-singaporeanchorage,SINGAPORE ANCHORAGE,SGP,2,24.776666666666667,0.0,0.0,1499.6573249551457,1.320539234359409,True
irl-wicklow,WICKLOW,IRL,2,37.36430555555555,0.5,0.5,439.7232607462771,1.0,False
irn-irn-8,,IRN,2,5.040277777777778,0.0,0.0,230.93695667264328,1.0304707462459999,False
aus-adelaide,ADELAIDE,AUS,2,95.99347222222221,1.0,0.5,338.0796900539006,1.0049623893821584,False
ita-cagliari,CAGLIARI,ITA,2,33.24111111111111,0.5,0.0,474.8632021405615,1.7343571455925573,False
deu-deu-57,DEU-57,DEU,2,51.52666666666667,0.0,0.0,2923.4618465856174,25.501455963049164,False
ita-ita-320,ITA-320,ITA,2,50.42472222222222,0.5,0.5,303.5709113771874,1.0213990339517398,False
dnk-thuroby,THURO BY,DNK,2,424.83375,0.0,0.0,216.6531700259066,1.575756454850327,False
dnk-tunoby,TUNOBY,DNK,2,17.523055555555555,0.5,0.5,88.92001206651973,1.1313164986133897,False
ita-vulcano,,ITA,2,32.019305555555555,1.0,1.0,18.48957679810453,2.389643748620526,False
arg-puertorosales,PUERTO ROSALES,ARG,2,30.845138888888894,1.0,0.5,258.62466354779633,25.51188469997995,False
deu-dolwinalphaplatform,DOLWIN ALPHA PLATFORM,DEU,2,6.583055555555555,0.0,0.0,2529.049857180487,25.66684750487642,False
ata-palmerstation,,ATA,2,62.393472222222215,0.0,0.0,1684.4078941652228,25.762183458654935,False
isl-isl-65,,ISL,2,22.536527777777778,0.5,0.5,740.2876591480455,1.115617362065886,False
arg-tigre,TIGRE,ARG,2,135.20777777777778,0.0,0.0,10304.150598054624,4.2318621707202855,False
ita-ita-304,ITA-304,ITA,2,15.258611111111112,0.0,0.0,869.1873914037742,1.0008185669416885,False
swe-swe-428,,SWE,2,7.748194444444445,0.0,0.0,278.43461114924366,1.047122699281886,False
vct-vct-14,VCT-14,VCT,2,21.96111111111111,0.0,1.0,69.2755639168307,1.4914438459383992,False
grc-ithaki,ITHAKI,GRC,1,33.75527777777778,0.0,0.0,840.846757584711,1.0221341028677482,False
grc-mykonosanchorage,,GRC,1,8.0825,0.0,0.0,156.0025824908616,1.3125085562989072,False
ita-lipari,LIPARI,ITA,1,456.4633333333333,0.0,0.0,586.8988643695698,1.017595547607571,False
jpn-jpn-264,JPN-264,JPN,1,24.99833333333333,1.0,0.0,245.10534005062215,1.0599065290005591,False
grc-grc-326,,GRC,1,37.67055555555555,0.0,0.0,726.0770162122111,1.005574824723888,False
bra-bra-232,BRA-232,BRA,1,8.11138888888889,1.0,1.0,27.540524029760668,1.0368304001471047,False
grc-grc-307,,GRC,1,49.37472222222223,0.0,0.0,348.6945383393715,1.007133778686299,False
grc-grc-302,,GRC,1,45.21277777777778,1.0,1.0,92.68671949848502,1.0108223125536036,False
vir-vir-13,VIR-13,VIR,1,245.1211111111111,0.0,1.0,20.08887531043294,1.0013351829498494,False
grc-grc-290,,GRC,1,22.43138888888889,0.0,0.0,393.71776777751086,1.3248507970541508,False
grc-ios,,GRC,1,39.84305555555556,0.0,0.0,379.9548864782722,1.0024945822799978,False
grc-grc-264,,GRC,1,14.78,0.0,0.0,454.0118852719634,1.0399844564080798,False
grc-naxos,NAXOS,GRC,1,60.78777777777778,0.0,0.0,660.3032292994376,1.6897780562293818,False
ita-lesaline,LE SALINE,ITA,1,17.471944444444443,0.0,0.0,2457.6214465553553,3.077236920478736,False
vut-vut-9,,VUT,1,472.24555555555554,0.0,0.0,978.1749672027735,1.1314621568156282,False
are-crescentmoonisland,CRESCENT MOON ISLAND,ARE,1,21.075,0.0,0.0,280.5924474169193,1.233842342289498,False
ita-lavagna,LAVAGNA,ITA,1,94.33055555555556,1.0,1.0,7.670758454012863,1.0165992924797085,False
bra-bra-140,BRA-140,BRA,1,6.398888888888889,1.0,1.0,9.777443174093984,1.8376164152022418,False
grc-kimolos,KIMOLOS,GRC,1,111.2475,0.0,0.0,472.7854335496285,1.0798960639549737,False
bra-bra-113,BRA-113,BRA,1,42.285555555555554,1.0,1.0,5.972102581252821,1.3335438406795042,False
vut-vut-10,VUT-10,VUT,1,272.755,0.0,0.0,1278.9815368373345,1.569211989747846,False
grc-patra,PATRA,GRC,1,27.002222222222223,0.0,0.0,917.8212414374912,1.0036536340452584,False
grc-kalamaki,KALAMAKI,GRC,1,364.8658333333333,1.0,1.0,0.0,1.0,False
grc-grc-373,,GRC,1,463.4155555555556,1.0,1.0,50.31604490278532,1.0237444902276405,False
mys-mys-62,,MYS,1,47.86805555555556,1.0,0.0,258.8303073122568,2.3081282651670065,False
bra-bra-283,BRA-283,BRA,1,4.069166666666667,1.0,0.0,348.1612245433188,1.6812127594020416,False
chn-foshan,FOSHAN,CHN,1,17.435277777777777,0.0,0.0,1393.4453582318927,1.0310505877659275,False
ita-roccellaionica,ROCCELLA IONICA,ITA,1,0.6611111111111111,1.0,1.0,51.9379682984021,1.1655761610071753,False
grc-grc-377,,GRC,1,12.203888888888889,1.0,1.0,11.719503274215205,1.045010064343689,False
ita-marettimo,MARETTIMO,ITA,1,9.273888888888887,0.0,0.0,989.8884244544015,1.052590096920353,False
mys-mys-119,MYS-119,MYS,1,8.358055555555556,0.0,0.0,2885.7239868868264,9.61865372186262,False
bra-bra-290,BRA-290,BRA,1,146.3461111111111,1.0,1.0,7.9736582276826296,1.7377273513997806,False
ita-sistiana,SISTIANA,ITA,1,14.349444444444444,1.0,1.0,8.581568391854596,1.000202907807365,False
ita-tropea,TROPEA,ITA,1,42.07527777777778,1.0,0.0,101.12884653426573,20.268977655287014,False
ven-puertocumarebo,,VEN,1,159.34527777777777,0.0,0.0,1562.8422333265992,1.0993572914852352,False
bra-bra-250,BRA-250,BRA,1,1.7194444444444446,1.0,1.0,16.301661952006626,1.0189107480035295,False
vir-cruzbay,CRUZ BAY,VIR,1,25.43166666666667,0.0,0.0,979.4853794200021,1.0144983165105588,False
grc-grc-350,,GRC,1,21.46176388888889,0.0,0.0,645.1200628523578,1.3566703048662658,False
grc-grc-380,,GRC,1,7.2027777777777775,0.0,0.0,567.1027631729905,1.4188899601820708,False
usa-portinland,PORT INLAND,USA,1,41.93805555555556,1.0,0.0,265.50648520162645,2.4069973765629427,False
usa-portlandor,,USA,1,450.73277777777776,1.0,0.0,1240.1007414030012,1.0090595904944464,False
grc-grc-385,,GRC,1,54.27027777777778,1.0,1.0,12.52800108769611,2.53690124037988,False
bra-bra-247,BRA-247,BRA,1,50.46305555555556,0.0,0.0,4233.2815994179355,1.030058361397256,False
ven-ven-64,VEN-64,VEN,1,0.0,0.0,0.0,6673.3530391781405,1.0119283277972733,False
grc-grc-95,,GRC,1,74.84833333333333,0.0,0.0,622.0225293967743,1.016932156193798,False
usa-portneches,,USA,1,2.33,0.0,0.0,1467.1312700419558,1.0281239325926959,False
bra-bra-244,BRA-244,BRA,1,1.8027777777777776,0.0,0.0,4201.216664614363,1.0388297874960681,False
vgb-nannycay,,VGB,1,13.890277777777778,0.0,0.0,302.7209876726692,1.2091472853302536,False
vir-vessupbay,VESSUP BAY,VIR,1,57.67777777777778,0.0,0.0,960.7475039934454,7.9232331958716955,False
grc-grc-345,GRC-345,GRC,1,38.69861111111111,0.0,0.0,293.53505446115577,28.22383077588191,False
grc-grc-97,,GRC,1,18.585,0.0,0.0,151.4975293477219,1.0864817385233723,False
irn-kish,,IRN,1,18.21,1.0,0.0,347.9431038117364,1.0800522022198151,False
chn-haian,HAIAN,CHN,1,177.16611111111112,1.0,1.0,52.932749649867716,1.610409891583914,False
grc-alimos,ALIMOS,GRC,1,27.664722222222224,0.0,0.0,1824.517487847626,2.1591217906042846,False
sau-tanajib,,SAU,1,5.344166666666666,0.0,0.0,3755.332613757548,1.030410336721628,False
grc-antipaxos,,GRC,1,4.358055555555556,0.0,0.0,805.8576184517283,1.290375082339105,False
sau-sau-204,SAU-204,SAU,1,4.703611111111111,1.0,1.0,30.04206840673175,1.326587609952716,False
sau-sau-196,,SAU,1,33.700608333333335,0.0,0.0,428.12767473770356,1.0479227885985902,False
grc-eleftheres,ELEFTHERES,GRC,1,204.9705555555556,0.0,0.0,435.65275054189146,1.0007969871687756,False
gbr-whitstable,WHITSTABLE,GBR,1,311.04805555555555,0.0,1.0,57.67573960145153,1.2313589902970563,False
gbr-wick,WICK,GBR,1,1.336111111111111,0.0,0.0,431.8581868249869,2.0476748375596556,False
grc-grc-248,GRC-248,GRC,1,3.3941666666666666,0.0,0.0,1106.2047655829056,1.0618736799406587,False
sau-sau-149,SAU-149,SAU,1,322.7711111111111,0.0,0.0,385.24880391029063,50.0,False
glp-glp-17,GLP-17,GLP,1,50.55222222222222,0.0,0.0,3453.1013746873946,1.0683095522587662,False
glp-glp-7,,GLP,1,188.8138888888889,0.0,0.0,3387.122653747991,1.0062324414669952,False
sau-sau-133,SAU-133,SAU,1,437.6519444444445,1.0,1.0,9.81888162091278,1.0100169842161466,False
glp-terre-de-haut,,GLP,1,11.036944444444444,0.0,1.0,94.30066953990493,1.000930816655155,False
gmb-banjul,,GMB,1,0.0,0.0,0.0,1492.2236079063016,1.4299390935209986,False
bra-bra-330,BRA-330,BRA,1,107.27277777777778,0.0,0.0,1172.8668887118974,1.4096754107941991,False
bra-bra-332,BRA-332,BRA,1,51.141666666666666,0.0,0.0,3534.557528899397,1.0,False
bra-bra-37,BRA-37,BRA,1,55.09666666666666,1.0,0.0,772.138015098158,1.0731840774763666,False
sau-sau-162,,SAU,1,5.096666666666667,0.0,0.0,891.4496164696288,1.0362323773809143,False
ita-portofino,PORTOFINO,ITA,1,45.42666666666667,1.0,1.0,43.91181390019191,1.3969185502748336,False
nld-nld-499,,NLD,1,5.233333333333333,1.0,1.0,7.188666858654877,1.1979782756200545,False
chn-suqian,SUQIAN,CHN,1,52.79194444444445,1.0,0.0,299.39084626083496,1.6510779143279959,False
nld-alphenaandenrijn,ALPHEN AAN DEN RIJN,NLD,1,79.72944444444444,0.0,0.0,5671.83976401836,9.228245916329323,False
nld-bergenopzoom,BERGEN OP ZOOM,NLD,1,9.808055555555557,0.0,0.0,4299.940272844016,7.004037786369499,False
nld-breskens,,NLD,1,192.99055555555557,0.0,0.0,1074.6682773867421,1.0298044448198815,False
chn-shijing,SHIJING,CHN,1,30.76,1.0,0.0,633.3096403501811,1.0002184078824181,False
chn-quangang,QUANGANG,CHN,1,224.82888888888888,1.0,1.0,14.692334303851313,1.023554802152392,False
nld-delft,DELFT,NLD,1,2.9497222222222224,0.0,0.0,4552.250294798368,4.473143972994354,False
usa-jeffersonbeach,JEFFERSON BEACH,USA,1,238.3563888888889,0.0,0.0,1683.0593376625188,1.0229308353490327,False
sau-abualipier,,SAU,1,7.333888888888889,0.0,0.0,625.5364651752534,2.4254000405357186,False
nld-katwijk,KATWIJK,NLD,1,4.049722222222222,0.0,0.0,4921.268715404445,14.598835806887447,False
chn-langya,LANGYA,CHN,1,555.7172222222222,0.0,0.0,6633.437964644071,1.4238047044075266,False
chn-jieyang,JIEYANG,CHN,1,37.134747222222224,1.0,0.0,498.53549033372855,50.0,False
usa-gc680platform,,USA,1,4.016944444444444,1.0,0.0,217.8521239751951,1.1117695031895254,False
usa-greencovesprings,GREEN COVE SPRINGS,USA,1,34.019444444444446,1.0,1.0,15.43312175350987,2.5524803112914642,False
usa-hallandale,HALLANDALE,USA,1,67.0838888888889,0.0,0.0,994.1936014588435,3.9508621257426566,False
usa-homer,,USA,1,28.23111111111111,0.0,0.0,5736.661000232756,2.390037468380154,False
usa-indianaharbor,INDIANA HARBOR,USA,1,36.852222222222224,0.0,0.0,370.34056980725916,1.197951529694233,False
chn-qishazhen,QISHAZHEN,CHN,1,167.45138888888889,1.0,1.0,11.169759290100458,1.1064577298858982,False
vnm-vnm-55,,VNM,1,44.46833333333333,0.0,0.0,112.55416208657451,15.868703130467075,False
jpn-jpn-201,JPN-201,JPN,1,4.6352777777777785,1.0,1.0,2.8798413644482594,1.2085045362372293,False
ncl-ncl-8,NCL-8,NCL,1,96.79666666666668,0.0,0.0,960.9061921210388,1.0010751399481823,False
ncl-prony,PRONY,NCL,1,428.4875,0.0,0.0,3839.7593402497887,1.0798441006850696,False
grc-agioskirykos,AGIOS KIRYKOS,GRC,1,5.345,0.0,0.0,130.90639974080884,1.0914409174972919,False
mys-mys-7,,MYS,1,51.03611111111111,1.0,0.0,248.3983399000643,1.1800729363571762,False
mys-mys-8,,MYS,1,5.1225,0.0,0.0,644.5996909445038,2.442449933221107,False
mys-mys-92,,MYS,1,17.879444444444445,0.0,0.0,523.6064424925084,1.0036671405661535,False
mys-rebak,REBAK,MYS,1,121.73916666666666,1.0,0.0,134.97516135242057,2.350737472917314,False
bra-bra-39,BRA-39,BRA,1,9.934166666666666,1.0,1.0,1.0099115412930713,1.0039776016041355,False
grc-grc-116,GRC-116,GRC,1,74.95833333333333,0.0,0.0,387.96392903871725,2.87314049079179,False
grc-grc-141,,GRC,1,16.244722222222222,0.0,0.0,515.4962183408428,1.0057391619683975,False
grc-grc-154,,GRC,1,74.41,0.0,0.0,559.30009315097,1.1156074272990657,False
usa-morgancity,,USA,1,451.2497222222222,1.0,1.0,7.279243996307506,1.093979110408809,False
usa-onset,ONSET,USA,1,1.102777777777778,1.0,1.0,42.170903416535296,1.827794767873009,False
usa-paulsboro,PAULSBORO,USA,1,27.54055555555556,1.0,1.0,13.650080808145907,1.0145314709737636,False
usa-pointdefiance,,USA,1,246.52444444444444,0.0,0.0,5000.5401112123955,19.053034689884154,False
alb-sarande,SARANDE,ALB,1,3.000277777777778,0.0,0.0,783.6332390018362,1.056741566210431,False
bra-bra-104,BRA-104,BRA,1,24.223055555555558,1.0,0.0,329.0909698806124,1.0201480944470318,False
vnm-vnm-12,VNM-12,VNM,1,16.689166666666665,0.0,0.0,232.20959300750903,1.012384881614884,False
bra-bra-59,BRA-59,BRA,1,6.388055555555556,1.0,1.0,18.191672731269872,1.8410298907918041,False
chn-ezhou,EZHOU,CHN,1,73.65194444444444,0.0,0.0,750.7376023626291,2.6532517941746,False
bra-bra-78,BRA-78,BRA,1,98.76583333333332,0.0,0.0,8418.60362596924,1.000236284454876,False
bra-bra-93,BRA-93,BRA,1,14.613055555555556,1.0,0.0,152.60223487250312,30.027855304837097,False
chn-doumen,DOUMEN,CHN,1,10.026388888888889,1.0,0.0,1092.783011584027,1.1004189521079422,False
chn-chn-984,CHN-984,CHN,1,49.000277777777775,1.0,1.0,14.736780893618027,1.0045888274441026,False
usa-mackinawcity,MACKINAW CITY,USA,1,20.751944444444444,1.0,0.0,274.2935368768479,2.3137769217727917,False
usa-manistee,MANISTEE,USA,1,33.94638888888889,0.0,0.0,317.16797152174814,3.917929919330398,False
chn-chn-942,CHN-942,CHN,1,35.405,1.0,0.0,954.0294921032031,50.0,False
grc-grc-237,,GRC,1,58.63777777777778,0.0,1.0,96.01404568881073,1.0216325550908905,False
grc-grc-181,GRC-181,GRC,1,96.88361111111112,1.0,1.0,14.61735340979724,1.0466192616297263,False
grc-grc-196,GRC-196,GRC,1,58.227777777777774,0.0,0.0,5964.892620475306,1.2750345809083228,False
sjm-sjm-5,,SJM,1,183.62722222222223,0.0,0.0,2571.8631817648716,1.7425327163591853,False
grc-grc-197,,GRC,1,50.4825,0.0,0.0,417.9748699985424,1.1051659616844656,False
are-arzanahisland,ARZANAH ISLAND,ARE,1,77.09777777777778,0.0,0.0,186.6214307453572,1.0444750659273132,False
ita-olbia,,ITA,1,141.96833333333333,0.0,0.0,387.7897206254569,1.0792226114882941,False
grc-grc-199,GRC-199,GRC,1,10.852777777777778,0.0,0.0,255.0090965593598,1.233418697365867,False
ago-mafumeirafield,,AGO,1,18.064166666666665,0.0,0.0,6472.951595478474,2.123211906662001,False
grc-grc-208,GRC-208,GRC,1,13.092777777777778,0.0,0.0,788.6908835916299,1.0366655440017545,False
vnm-vnm-62,VNM-62,VNM,1,50.12916666666667,0.0,0.0,1055.5720654003262,1.1869490119379449,False
grc-grc-18,,GRC,1,32.895833333333336,0.0,0.0,1245.1518117626915,1.129991333281339,False
kor-kor-77,,KOR,1,59.01694444444445,0.0,0.0,3567.1353244041206,1.002939493075881,False
kor-kor-79,,KOR,1,20.258333333333333,1.0,0.0,113.58031769720787,2.1546489508309934,False
kor-kor-80,,KOR,1,6.251944444444445,0.0,0.0,2651.5929463880684,1.1010633460412622,False
kor-kor-90,,KOR,1,6.826111111111112,1.0,1.0,26.126230072608077,5.225246014521615,False
aus-hummockyisland,,AUS,1,255.93694444444444,1.0,1.0,34.51198533584022,1.0202523830359855,False
kor-kor-95,,KOR,1,478.3994444444445,0.0,0.0,1372.721629063431,5.584699943166282,False
kor-kor-98,,KOR,1,12.183333333333334,1.0,1.0,36.98758631080539,1.1754915876177852,False
aus-hobart,HOBART,AUS,1,25.442777777777778,1.0,0.0,978.2553993987906,3.7708394185937357,False
aus-geelong,GEELONG,AUS,1,123.04083333333334,1.0,0.0,129.57271686467269,1.002830233192999,False
usa-usa-1438,USA-1438,USA,1,202.4413888888889,1.0,1.0,72.87828163237765,1.0017866767128307,False
bhr-manama,MANAMA,BHR,1,464.6047222222222,0.0,0.0,452.44070285382236,5.239663892982553,False
aus-fitzroyisland,,AUS,1,3.696388888888889,0.0,0.0,2019.4797879496666,1.0300077331819193,False
jpn-mitajiri,MITAJIRI,JPN,1,141.35083333333333,1.0,1.0,0.0,1.0,False
aus-melbourne,,AUS,1,63.74805555555555,1.0,0.0,362.88169730922016,1.1961899450743587,False
jpn-misaki,MISAKI,JPN,1,1.2930555555555556,1.0,1.0,13.936101728063996,1.0058268985503414,False
kor-gageodo,,KOR,1,80.76777777777778,0.0,0.0,394.5666248158813,1.5103732111163717,False
kor-guryongpo,GURYONGPO,KOR,1,6.474444444444444,1.0,1.0,29.717794208198537,1.0093455694762248,False
kor-kor-100,,KOR,1,18.10611111111111,1.0,0.0,139.31443566489204,1.045910226010864,False
kor-kor-116,,KOR,1,303.2813888888889,0.0,0.0,464.63643356375974,14.858569119116716,False
jpn-kushimoto,,JPN,1,25.50638888888889,1.0,0.0,223.66979679306365,6.771599290793794,False
kor-kor-126,,KOR,1,14.403055555555556,1.0,1.0,65.5686495444355,13.1137299088871,False
kor-kor-138,,KOR,1,12.175833333333332,0.0,0.0,2328.4835401344612,1.0067703844675138,False
aus-whitsundayisland,,AUS,1,22.99888888888889,1.0,0.0,1362.4358017871184,1.238979062297382,False
usa-usa-120,,USA,1,4.071666666666666,0.0,0.0,893.7730738731909,1.015629468048111,False
usa-usa-129,,USA,1,50.88111111111111,1.0,1.0,34.65943556731133,1.0016729683975085,False
usa-usa-132,,USA,1,33.0375,1.0,1.0,2.418521433312983,1.0001342778366433,False
idn-idn-351,IDN-351,IDN,1,310.82472222222225,1.0,1.0,10.232920672478517,2.028724665974507,False
idn-idn-36,,IDN,1,11.12138888888889,1.0,1.0,13.13801943999267,1.0221048474612384,False
jpn-jpn-480,,JPN,1,67.0911111111111,1.0,1.0,0.0,1.0,False
idn-idn-397,,IDN,1,179.58388888888888,1.0,1.0,7.399408024754676,1.5202282569562033,False
idn-idn-414,IDN-414,IDN,1,89.48361111111112,1.0,0.0,1121.7815315321352,50.0,False
idn-idn-426,IDN-426,IDN,1,223.32611111111112,1.0,0.0,980.1031253143966,50.0,False
usa-usa-980,USA-980,USA,1,200.545,1.0,1.0,2.1137623218143213,1.0395752978475674,False
usa-usa-626,USA-626,USA,1,689.3886111111111,1.0,0.0,985.4944774431156,1.0300433414622194,False
idn-idn-189,,IDN,1,59.0725,1.0,0.0,788.0373062986021,5.710758594710022,False
idn-idn-20,,IDN,1,6.054444444444444,1.0,0.0,661.9699189309731,1.0004203493267165,False
nld-nld-495,,NLD,1,19.469444444444445,1.0,1.0,18.993307248818038,1.5100646875352808,False
idn-jambi,,IDN,1,155.95138888888889,1.0,0.0,157.03418790688866,1.0329692655769542,False
usa-usa-794,,USA,1,117.43277777777776,0.0,0.0,8509.313285954395,9.938701716975237,False
idn-kahyangan,KAHYANGAN,IDN,1,140.34972222222223,0.0,0.0,1835.2583974850322,1.4106511708430798,False
kor-kor-266,KOR-266,KOR,1,13.01722222222222,0.0,0.0,180.76390090553204,1.064330732742703,False
kor-kor-50,,KOR,1,7.611111111111111,1.0,1.0,41.10266754967104,1.0951026578390197,False
kor-kor-65,,KOR,1,130.70444444444445,1.0,1.0,0.0,1.0,False
kor-kor-74,,KOR,1,25.703333333333333,1.0,0.0,164.5282420917944,1.1950885119884813,False
usa-usa-70,USA-70,USA,1,29.22055555555556,1.0,0.0,293.0890710574577,1.5918219064862422,False
usa-usa-86,,USA,1,5.8975,1.0,1.0,57.35558085852315,1.026401623686331,False
usa-usa-548,USA-548,USA,1,13.754166666666666,0.0,0.0,5296.4863530073335,2.6026729805189635,False
usa-usa-514,,USA,1,19.20638888888889,0.0,0.0,4344.844513113046,18.822929931790142,False
usa-usa-48,,USA,1,33.172777777777775,1.0,0.0,416.5122475336286,1.1564039896225893,False
usa-usa-29,USA-29,USA,1,25.505,1.0,0.0,247.2871950097171,2.6380768858555412,False
usa-usa-1863,,USA,1,4.421944444444445,1.0,0.0,100.44636428122695,1.9439170877211542,False
usa-usa-256,,USA,1,65.81444444444445,0.0,0.0,424.0813872104117,1.3021722855533209,False
usa-usa-23,,USA,1,4.988055555555556,1.0,0.0,217.49657160492197,1.2349889599682728,False
ind-ind-19,,IND,1,21.396944444444443,1.0,1.0,0.0,1.0,False
usa-usa-1930,USA-1930,USA,1,2.5091666666666668,1.0,0.0,104.09551276252618,1.4200735720349573,False
ind-ind-210,,IND,1,53.92638888888889,1.0,0.0,392.19609146081945,1.326558866827517,False
irn-khorramshahr,KHORRAMSHAHR,IRN,1,5.083333333333333,0.0,0.0,527.0580427215391,24.33950469064379,False
ind-ind-51,,IND,1,49.05166666666667,1.0,0.0,249.6072374017941,1.2782060903337857,False
ind-ind-63,,IND,1,1.838055555555556,1.0,1.0,8.606490174497855,1.721298034899571,False
ind-ind-71,IND-71,IND,1,0.0,1.0,0.0,634.4529583581057,1.057387033089959,False
jpn-nakagususku,NAKAGUSUSKU,JPN,1,135.95138888888889,0.0,0.0,3309.737077422145,1.0762906516723094,False
jpn-naze,NAZE,JPN,1,6.275833333333333,0.0,0.0,423.6275959985064,2.0176425752499845,False
jpn-nishinoomote,NISHINOOMOTE,JPN,1,77.14972222222222,0.0,0.0,290.9020053632808,2.6324056025370632,False
ind-magdalla,MAGDALLA,IND,1,98.60388888888887,1.0,0.0,642.7164442642168,50.0,False
jpn-miyazu,MIYAZU,JPN,1,65.39472222222223,0.0,0.0,468.68172814667867,1.062253376522397,False
irl-howth,HOWTH,IRL,1,5.494166666666667,0.0,0.0,5109.848091030399,1.00016582881603,False
irl-irl-64,IRL-64,IRL,1,16.82472222222222,1.0,1.0,44.82123870232663,1.0253310723379525,False
irl-limerick,LIMERICK,IRL,1,112.66972222222222,1.0,1.0,28.502578818221178,4.077639323453075,False
ind-ind-216,IND-216,IND,1,51.68416666666667,1.0,0.0,992.9556619595422,1.8558359545493788,False
irn-irn-99,,IRN,1,30.10861111111111,1.0,1.0,51.96029603316378,1.3870557749970038,False
kor-kor-176,,KOR,1,109.05888888888887,0.0,0.0,273.28481141408395,1.7566435716504791,False
irn-irn-94,IRN-94,IRN,1,0.7465944444444443,1.0,0.0,114.85783938176539,1.0248273572691475,False
jpn-yanai,YANAI,JPN,1,25.66333333333333,0.0,0.0,3377.980194928873,50.0,False
irn-irn-9,,IRN,1,4.713055555555556,0.0,0.0,110.22187402817617,1.0689916167614082,False
idn-lembongan,LEMBONGAN,IDN,1,1.1505555555555556,1.0,0.0,463.91329648170586,4.290005429909452,False
idn-muntok,MUNTOK,IDN,1,12.258333333333333,1.0,1.0,10.514314803564236,2.0681560802493766,False
idn-muria,MURIA,IDN,1,5.1725,1.0,0.0,653.7644124489364,1.0081308543474923,False
irn-irn-80,,IRN,1,139.0636111111111,0.0,0.0,482.6839695258275,1.051543297022894,False
irn-irn-75,,IRN,1,3.9522222222222223,0.0,0.0,4066.433393615308,6.0139700239757605,False
usa-usa-1774,,USA,1,9.178055555555556,1.0,1.0,27.737377849121682,1.2166027568526983,False
jpn-tsuna,,JPN,1,18.44638888888889,1.0,1.0,94.21130801351698,1.3284144573627281,False
irn-irn-74,,IRN,1,52.39277777777778,0.0,0.0,3346.026886965563,1.0069572161364717,False
irn-irn-49,,IRN,1,9.627222222222224,0.0,0.0,3520.450307258594,2.726151647004253,False
usa-usa-1578,,USA,1,23.26861111111111,1.0,0.0,1032.9194410138891,1.001360870159711,False
usa-usa-1579,USA-1579,USA,1,12.742222222222225,1.0,1.0,63.90409843322964,1.0438615888970777,False
usa-usa-1649,,USA,1,62.70861111111111,0.0,0.0,6597.686968924106,7.376030635062346,False
irn-irn-26,,IRN,1,29.19305555555556,1.0,1.0,53.17888782208934,1.3546476095253321,False
aus-darwin,DARWIN,AUS,1,40.799166666666665,0.0,0.0,2972.0620159626733,2.1874080441441928,False
usa-usa-59,,USA,1,2.8577777777777778,1.0,1.0,85.08747400489091,1.0004326229216105,False
usa-usa-1717,,USA,1,18.20111111111111,1.0,0.0,211.059115426079,3.379496896749979,False
usa-usa-1742,USA-1742,USA,1,12.0475,1.0,0.0,121.96968651163021,1.6337513912949035,False
imn-porterin,PORT ERIN,IMN,1,25.216666666666665,0.0,1.0,47.817286041407336,9.884648282530211,False
bhs-bhs-73,BHS-73,BHS,1,62.00555555555555,0.0,0.0,327.28974712748,1.8119731053471164,False
bhs-compasscay,COMPASS CAY,BHS,1,2.23,1.0,1.0,8.513570596945986,1.002155836014609,False
isl-bolungarvik,BOLUNGARVIK,ISL,1,6.288611111111111,1.0,0.0,115.79394359037502,1.8198657174935322,False
usa-sandwich,SANDWICH,USA,1,38.50861111111111,1.0,0.0,158.9997014884938,1.1221835336658006,False
usa-sanfrancisco,SAN FRANCISCO,USA,1,80.26722222222222,0.0,0.0,5748.118980693482,50.0,False
usa-santabarbara,SANTA BARBARA,USA,1,77.95,1.0,0.0,735.0489847198278,1.0321415783315642,False
usa-santacatalinaisland,SANTA CATALINA ISLAND,USA,1,4.711111111111111,1.0,1.0,19.33765347008449,3.9650276227648185,False
grc-poros,POROS,GRC,1,47.01138888888889,0.0,0.0,490.6322217165033,1.0182754491138852,False
irq-irq-17,IRQ-17,IRQ,1,71.27583333333334,0.0,0.0,481.148870384476,15.074540810035256,False
grc-sami,SAMI,GRC,1,73.07138888888889,0.0,0.0,414.38337481635506,1.2100449408624283,False
bhr-galali,GALALI,BHR,1,45.5275,1.0,1.0,3.4579373510121245,1.0105876039683002,False
irn-pohl,,IRN,1,18.01,1.0,1.0,17.42389158910096,3.4847783178201923,False
grc-sifnos,,GRC,1,32.16833333333334,0.0,0.0,313.2682407906661,1.1833455161986384,False
grc-souda,SOUDA,GRC,1,49.72222222222222,0.0,0.0,445.66777786006384,50.0,False
grc-soussaki,SOUSSAKI,GRC,1,4.4025,1.0,1.0,0.0,1.0,False
vct-chateaubelair,CHATEAUBELAIR,VCT,1,15.567222222222222,0.0,1.0,53.23916842857694,1.526414680336508,False
grc-tinos,TINOS,GRC,1,50.191944444444445,1.0,1.0,68.28764243050783,1.0013328060319537,False
grc-zakynthos,ZAKYNTHOS,GRC,1,10.334444444444443,1.0,1.0,7.359847417219168,1.0001303340359984,False
hrv-dubrovnik,DUBROVNIK,HRV,1,227.00972222222225,0.0,0.0,2158.5755930529112,50.0,False
hrv-hrv-134,HRV-134,HRV,1,166.6052777777778,0.0,0.0,573.8625776387182,1.0014091507214873,False
hrv-hrv-154,HRV-154,HRV,1,22.835277777777776,0.0,0.0,104.18365791273548,1.089092256907822,False
hrv-hrv-4,,HRV,1,292.81388888888887,1.0,1.0,8.519276635921809,1.0130662017451852,False
grc-santorini,,GRC,1,22.841944444444444,1.0,0.0,131.15921853981845,1.0,False
jpn-ishinomaki,,JPN,1,21.09138888888889,1.0,1.0,47.18268897245171,1.0123966978945331,False
msr-msr-3,,MSR,1,80.1575,0.0,0.0,591.9324200728843,50.0,False
jpn-jpn-455,,JPN,1,104.12972222222224,0.0,0.0,5068.231501618687,2.9916975420954257,False
mtq-mtq-13,MTQ-13,MTQ,1,24.724444444444444,0.0,0.0,259.49621710824886,1.0672125217285395,False
grc-grc-364,,GRC,1,11.818055555555556,1.0,1.0,5.809946275365454,1.0083705979572006,False
grc-grc-368,GRC-368,GRC,1,9.548333333333334,0.0,0.0,471.01709399917235,1.0210019665663754,False
jpn-jpn-355,,JPN,1,62.41,1.0,1.0,99.72107551518585,1.0716520090320987,False
mex-mex-40,,MEX,1,40.67583333333334,0.0,0.0,8725.166166867431,3.642129920380201,False
mlt-mlt-27,MLT-27,MLT,1,5.319166666666667,0.0,0.0,1023.9105094968734,1.1073490084832434,False
mlt-mlt-32,MLT-32,MLT,1,13.192777777777778,0.0,0.0,1374.7512028232559,1.2350021455823281,False
bhs-bellscay,BELLS CAY,BHS,1,2.6729129988888887,1.0,1.0,60.203694459748796,1.0034920288023412,False
grc-kymi,KYMI,GRC,1,29.765833333333333,1.0,1.0,86.12312515963963,1.0270984895010848,False
grc-kyparissia,KYPARISSIA,GRC,1,19.816388888888888,0.0,0.0,251.468394213746,1.6594978821746889,False
grc-kythira,KYTHIRA,GRC,1,7.009166666666666,0.0,0.0,693.3052807755615,1.2880663558692445,False
grc-kythnos,,GRC,1,26.663611111111116,0.0,0.0,508.06022673104985,1.1225552291040284,False
isl-grindavik,GRINDAVIK,ISL,1,52.7975,1.0,1.0,26.615083250840335,1.006898788397467,False
usa-richmond,RICHMOND,USA,1,24.896944444444443,0.0,0.0,5355.04242166533,6.260693113266547,False
usa-rocheharbor,ROCHE  HARBOR,USA,1,71.62527777777778,0.0,0.0,6379.6844064297575,29.531702111382724,False
isl-gdansk,,ISL,1,3.3088888888888888,1.0,1.0,19.090950382171467,1.302324749857442,False
usa-rockland,ROCKLAND,USA,1,45.070277777777775,1.0,0.0,1315.7171538748457,1.0269813910468315,False
usa-rubyisland,RUBY ISLAND,USA,1,5.9641666666666655,0.0,0.0,4533.139738929547,1.0008466527638518,False
isl-flateyri,,ISL,1,5.805833333333333,1.0,0.0,198.67965108574762,1.868861259451554,False
grc-kissamos,KISSAMOS,GRC,1,24.961111111111112,1.0,0.0,142.9121069678931,1.0716136454066487,False
aus-albany,ALBANY,AUS,1,80.10638888888889,0.0,0.0,1848.5418509059598,10.173163054546118,False
hrv-silba,SILBA,HRV,1,20.68861111111111,0.0,0.0,201.30025277935127,1.2509154426042939,False
hrv-susak,SUSAK,HRV,1,372.2838888888889,0.0,1.0,69.96078131082382,2.8930875798684808,False
hrv-zirje,ZIRJE,HRV,1,46.96333333333333,1.0,1.0,32.77031205599857,6.554062411199714,False
irn-irn-23,,IRN,1,13.530833333333334,0.0,0.0,110.52983602867643,1.0655204159012843,False
idn-idn-29,IDN-29,IDN,1,183.29166666666663,1.0,1.0,34.68123215692416,6.995283039782767,False
irn-irn-2,,IRN,1,13.253055555555555,0.0,1.0,11.155430864061785,1.2269792958239665,False
irn-irn-15,,IRN,1,31.38138888888889,1.0,1.0,67.90828727144466,1.8532032160184977,False
irn-irn-14,,IRN,1,7.627222222222223,0.0,0.0,2974.6122614905676,5.373658283848773,False
idn-idn-323,IDN-323,IDN,1,32.922777777777775,1.0,1.0,4.169332949466651,1.0000086761197322,False
vct-canouan,,VCT,1,76.80444444444444,0.0,0.0,3663.023771932439,1.035258625621308,False
idn-barelang,BARELANG,IDN,1,425.44388888888886,1.0,1.0,11.583420021172843,1.0023290473215625,False
idn-brondong,BRONDONG,IDN,1,16.108888888888888,1.0,1.0,30.386974879881794,1.096986626450924,False
irn-irn-103,,IRN,1,24.10805555555556,0.0,1.0,99.7104801508149,1.0005738972076033,False
irn-irn-10,,IRN,1,107.42611111111113,0.0,0.0,101.90792279653351,1.0045392387553882,False
bel-halle,HALLE,BEL,1,57.17305555555556,1.0,1.0,46.82752307173858,1.3048475982513084,False
bgr-sozopol,SOZOPOL,BGR,1,22.790277777777774,0.0,0.0,540.5458383162226,1.6542496002964682,False
jpn-kashiwazaki,KASHIWAZAKI,JPN,1,28.162777777777777,0.0,0.0,476.7777136932791,1.0757453159751658,False
bhr-bhr-6,BHR-6,BHR,1,2.4161111111111118,0.0,1.0,82.78869108534406,5.327982685352485,False
jpn-kanokawa,KANOKAWA,JPN,1,30.399722222222223,0.0,0.0,225.50675004883905,1.0408994481628282,False
jpn-kainan,KAINAN,JPN,1,60.86944444444445,0.0,0.0,859.7913382612892,1.0498049317860076,False
jpn-jpn-9,JPN-9,JPN,1,0.0,0.0,0.0,3075.668924684662,1.0125163853520824,False
irn-irn-13,,IRN,1,6.008055555555556,0.0,0.0,205.22175806577417,1.0046378031438135,False
hrv-hrv-82,HRV-82,HRV,1,55.918055555555554,1.0,1.0,37.26062787531584,1.078725872498928,False
hrv-hrv-86,,HRV,1,75.35222222222222,0.0,0.0,3849.190997952666,1.1259734712364018,False
mdv-kooddoo,KOODDOO,MDV,1,13.01361111111111,0.0,0.0,1850.351323189495,1.4921995469595126,False
usa-yakutat,YAKUTAT,USA,1,430.88416666666666,1.0,0.0,935.1374087661515,50.0,False
usa-staugustine,ST AUGUSTINE,USA,1,3.0719444444444446,1.0,1.0,96.38051994110502,19.2307926422091,False
usa-stpaul,ST PAUL,USA,1,25.592777777777776,1.0,0.0,228.9837444778889,46.09066019444858,False
usa-wrightsvillebeach,WRIGHTSVILLE BEACH,USA,1,12.72888888888889,1.0,1.0,7.814422066794909,1.5643401611168215,False
usa-wr758platform,,USA,1,5.0975,0.0,0.0,3226.501615815662,1.0184343732173409,False
usa-usa-100,,USA,1,4.104033617222222,1.0,0.0,236.77307609353232,1.0744883563605692,False
usa-usa-1029,,USA,1,1.4266666666666667,1.0,1.0,67.73040106298377,1.0008281875262333,False
hrv-rasa,RASA,HRV,1,282.02916666666664,0.0,0.0,1151.4617004685203,1.1329879617269791,False
usa-vancouver,VANCOUVER,USA,1,136.67916666666667,1.0,1.0,49.288059402703304,1.4448575510644193,False
aus-beiro,,AUS,1,47.13916666666667,1.0,1.0,11.969945133619303,1.0113366103200274,False
usa-usa-105,,USA,1,8.185,1.0,1.0,98.37247786537593,1.350472584918263,False
aus-aus-589,,AUS,1,24.38138888888889,0.0,0.0,3339.7642975968474,1.1174677058930447,False
bel-bel-125,BEL-125,BEL,1,0.0,0.0,0.0,4313.162281440331,6.312533591784024,False
bel-deinze,DEINZE,BEL,1,33.66,0.0,0.0,5745.863601015889,4.207936299254101,False
bel-ghent,,BEL,1,47.013888888888886,1.0,1.0,15.438038841910124,1.049398206470405,False
hrv-korcula,KORCULA,HRV,1,28.579166666666666,0.0,0.0,4804.717638408624,16.07566821756307,False
hrv-milna,MILNA,HRV,1,5.890555555555555,0.0,0.0,4751.573766534804,50.0,False
aus-aus-586,AUS-586,AUS,1,29.452222222222225,0.0,0.0,4190.314471572212,1.0,False
hrv-okruggornjianchorage,OKRUG GORNJI ANCHORAGE,HRV,1,1.2091666666666667,1.0,1.0,8.293407437536949,1.3050511344397124,True
usa-wr678platform,,USA,1,6.504166666666666,1.0,0.0,285.2111284158703,1.1235760882484624,False
rou-rou-70,ROU-70,ROU,1,29.756666666666668,0.0,0.0,1010.0429106076871,1.1294272471904796,False
rou-rou-74,ROU-74,ROU,1,305.4475,0.0,0.0,234.44785361030512,1.1453156374366384,False
pyf-pyf-na,,PYF,1,7.650833333333333,1.0,0.0,418.1968972056162,1.0002375933958159,False
pyf-tahaa,,PYF,1,27.945555555555558,0.0,0.0,2156.071059737622,1.0336577630853496,False
qat-alruwais,AL RUWAIS,QAT,1,0.94,0.0,0.0,4379.5083905768215,7.463483683668416,False
qat-lusail,,QAT,1,9.095,1.0,1.0,31.645219344379797,1.5404130695860587,False
qat-qat-26,,QAT,1,4.078888888888889,0.0,0.0,1955.147128552497,50.0,False
qat-qat-45,,QAT,1,5.963611111111111,1.0,1.0,42.37421586223474,1.0366243374858053,False
qat-qat-6,,QAT,1,50.39527777777778,1.0,1.0,8.311786678965094,1.9668156512862716,False
qat-qat-63,,QAT,1,64.77027777777778,0.0,0.0,272.6956026182622,1.0013073667076045,False
qat-qat-66,,QAT,1,39.6175,0.0,0.0,229.3982354816876,1.472027813307005,False
qat-qat-7,,QAT,1,7.301111111111111,0.0,1.0,89.08450039940794,1.00689915268117,False
qat-qat-8,,QAT,1,23.232222222222223,1.0,1.0,11.356369833897622,1.1112284471854095,False
chn-macau,MACAU,CHN,1,7.008611111111111,1.0,1.0,24.842255452719566,5.138895121915129,False
rou-galati,,ROU,1,18.27805555555556,0.0,0.0,324.79758565662246,1.2295711847465107,False
rou-isaccea,ISACCEA,ROU,1,86.67138888888888,1.0,1.0,51.848138444170345,1.1737400708756864,False
swe-swe-557,SWE-557,SWE,1,92.28166666666668,0.0,0.0,5010.963553513403,15.307562675185595,False
swe-vrango,,SWE,1,43.16444444444444,1.0,1.0,6.961431239479071,1.0179519415352236,False
sxm-sxm-1,SXM-1,SXM,1,8.001111111111111,0.0,1.0,81.65057023465708,1.016894494636032,False
chn-chn-2064,CHN-2064,CHN,1,28.24194444444445,0.0,0.0,779.3814039688482,1.0002534448567384,False
chn-chn-207,CHN-207,CHN,1,66.92083333333333,1.0,1.0,98.01118165660851,2.4702567512226032,False
prt-portimao,PORTIMAO,PRT,1,58.9625,0.0,0.0,544.9550764991283,2.739384578395827,False
prt-porto,PORTO,PRT,1,51.41555555555556,1.0,0.0,631.1473877753427,50.0,False
ecu-sanlorenzo,SAN LORENZO,ECU,1,8.336944444444445,0.0,0.0,632.5790704504684,1.1087604091970995,False
dom-lassalinas,LAS SALINAS,DOM,1,264.7275,0.0,0.0,533.9767043633699,8.65553512062263,False
pry-asuncion,ASUNCION,PRY,1,44.005,1.0,1.0,33.42842179603955,1.0040819603022053,False
pry-pilar,PILAR,PRY,1,20.385555555555555,0.0,0.0,496.60867877958225,1.02594919950638,False
qat-simaisma,SIMAISMA,QAT,1,61.97805555555556,0.0,0.0,3374.259682411548,4.9801159020706915,False
deu-kuehlungsborn,KUEHLUNGSBORN,DEU,1,4.4275,1.0,1.0,7.042615090869081,1.672625156744052,False
deu-leer,LEER,DEU,1,0.0,0.0,0.0,952.7078392498986,50.0,False
deu-wedel,WEDEL,DEU,1,389.60333333333335,1.0,1.0,28.075954382549398,1.197510675157239,False
deu-weener,WEENER,DEU,1,362.4977777777778,0.0,0.0,4762.365991106291,50.0,False
dma-saintjoseph,SAINT JOSEPH,DMA,1,20.654166666666665,0.0,1.0,93.23631517320996,5.850837757944774,False
dnk-danfield,DAN FIELD,DNK,1,0.0,0.0,0.0,1939.7330309437625,50.0,False
dnk-dnk-1,DNK-1,DNK,1,9.68388888888889,0.0,0.0,274.04612898987125,1.0133070476349157,False
dnk-dnk-109,DNK-109,DNK,1,13.740277777777775,1.0,1.0,36.096873900045686,2.1725979957071737,False
dnk-dnk-131,DNK-131,DNK,1,55.47472222222222,1.0,1.0,2.2911448023881467,1.010743267621411,False
dnk-dnk-140,DNK-140,DNK,1,222.83277777777775,1.0,0.0,143.7014729829366,1.2253057690990852,False
dnk-dnk-255,DNK-255,DNK,1,3.1341666666666668,1.0,1.0,15.48287067367167,1.012197873185317,False
dnk-dnk-30,DNK-30,DNK,1,61.61388888888889,1.0,1.0,59.269674831842906,1.0020281195875282,False
dnk-hadsund,HADSUND,DNK,1,30.766944444444444,0.0,0.0,319.7524133676881,1.2304643060362395,False
rou-rou-68,ROU-68,ROU,1,0.6944444444444444,1.0,1.0,0.0,1.0,False
swe-swe-398,,SWE,1,13.334722222222222,1.0,1.0,1.5107965443663196,1.0092980088848014,False
chn-chn-2251,CHN-2251,CHN,1,30.335833333333333,1.0,0.0,993.9963398991806,1.118959665182066,False
chn-chn-231,CHN-231,CHN,1,49.10861111111111,0.0,0.0,823.2565546710898,8.476163648073747,False
chn-chn-2335,CHN-2335,CHN,1,64.32666666666667,1.0,1.0,94.13617841045512,1.0074429563453835,False
chn-chn-2350,CHN-2350,CHN,1,98.26194444444444,1.0,1.0,73.9448316900279,1.0936702985999516,False
chn-chn-2361,CHN-2361,CHN,1,44.2325,1.0,0.0,510.85382217505423,1.0201228497290853,False
chn-chn-239,CHN-239,CHN,1,14.490833333333333,1.0,0.0,229.52257985638747,1.0189322337119953,False
swe-swe-434,,SWE,1,31.000555555555557,0.0,0.0,126.51455116861742,1.2783439574863518,False
dnk-lemvig,LEMVIG,DNK,1,97.92722222222224,0.0,0.0,380.659036192748,1.0082080523885566,False
dnk-middelfart,MIDDELFART,DNK,1,58.34972222222222,0.0,0.0,706.2643102597132,1.0169300627331228,False
dnk-tyrafield,TYRA FIELD,DNK,1,63.68388888888889,0.0,0.0,3093.6806186004474,1.070012939153067,False
rou-medgidia,MEDGIDIA,ROU,1,29.765,1.0,1.0,8.328320468614626,2.3626965893093836,False
rou-ovidiu,OVIDIU,ROU,1,0.0558333333333333,0.0,0.0,1069.4829063778823,1.0000399761828729,False
rou-rou-40,ROU-40,ROU,1,71.74166666666666,1.0,1.0,7.828079119728249,1.0419924368307758,False
rus-baydaratskaya,,RUS,1,1.9561111111111111,1.0,0.0,730.5872485568576,50.0,False
chn-chn-1908,CHN-1908,CHN,1,117.64611111111113,1.0,0.0,101.11032025042344,20.22206405008469,False
chn-chn-1932,CHN-1932,CHN,1,0.2919444444444444,1.0,1.0,8.869518894409502,1.722891359219232,False
chn-chn-199,CHN-199,CHN,1,99.50222222222222,0.0,0.0,1054.9015252171403,1.0214532256759332,False
chn-chn-2,CHN-2,CHN,1,6.436944444444444,1.0,1.0,0.3080737899517097,1.0,False
chn-chn-200,CHN-200,CHN,1,28.7475,1.0,0.0,974.2064194318523,2.4137104528697444,False
chn-chn-201,CHN-201,CHN,1,96.30472222222222,0.0,0.0,2541.906119782142,1.0237829920988608,False
chn-chn-2026,CHN-2026,CHN,1,140.01083333333332,0.0,0.0,2186.348824881147,8.094888750170593,False
chn-chn-2061,CHN-2061,CHN,1,14.791944444444445,1.0,1.0,55.79697123805467,1.0076615752381797,False
ton-ton-3,,TON,1,21.557222222222222,0.0,0.0,1238.75594296995,1.2977902137132484,False
phl-toril,TORIL,PHL,1,136.1725,1.0,1.0,10.401395869613642,1.0000363319941712,False
esp-esp-262,ESP-262,ESP,1,48.316944444444445,0.0,0.0,205.3482368966513,1.1165031000560315,False
esp-esp-276,ESP-276,ESP,1,1.6352777777777778,1.0,0.0,334.3480704996394,1.0003819774250067,False
esp-esp-297,ESP-297,ESP,1,198.3386111111111,1.0,1.0,42.22269109500897,1.526946939830291,False
pry-pry-19,,PRY,1,19.0475,0.0,1.0,54.06868073718472,1.0013098732270096,False
est-est-23,,EST,1,58.33111111111111,0.0,0.0,158.89162510606735,1.0000498693594053,False
fin-fin-32,,FIN,1,196.75,0.0,0.0,520.4385058283915,1.076413990494097,False
esp-ondarroa,ONDARROA,ESP,1,81.01194444444444,0.0,0.0,6043.069752263162,10.900744150929604,False
esp-playadesantiago,PLAYA DE SANTIAGO,ESP,1,20.749166666666667,1.0,1.0,45.671660004358,1.000534790480222,False
esp-roses,ROSES,ESP,1,20.86722222222222,0.0,0.0,103.34679170529688,20.669358341059375,False
phl-seatrial,,PHL,1,599.7438888888889,0.0,0.0,581.7246695291753,1.0024349503276864,False
tto-tto-27,TTO-27,TTO,1,56.55972222222222,1.0,1.0,37.89637554670704,1.0057270002759564,False
chn-chn-1615,CHN-1615,CHN,1,64.62272777777778,1.0,1.0,27.70553662069557,1.026729360730815,False
chn-chn-163,CHN-163,CHN,1,33.36611111111111,1.0,1.0,30.318536202162214,1.034634663552416,False
chn-chn-1683,CHN-1683,CHN,1,233.74305555555557,1.0,0.0,116.76649511115629,1.015110735024545,False
chn-chn-1704,CHN-1704,CHN,1,1.3183333333333334,0.0,0.0,1765.5412636909136,1.0222277353551954,False
chn-chn-174,CHN-174,CHN,1,98.61722222222222,1.0,0.0,178.6374755268153,3.6901791410398697,False
chn-chn-1742,CHN-1742,CHN,1,6.498611111111111,1.0,0.0,315.16925880401703,1.0086137566700824,False
esp-l'ametllademar,L'AMETLLA DE MAR,ESP,1,99.50527777777778,0.0,0.0,5542.9381154725215,1.092785264921953,False
pry-pry-23,PRY-23,PRY,1,560.495,1.0,1.0,5.726554945094031,1.4129557213910442,False
pry-pry-33,,PRY,1,2.098611111111111,1.0,1.0,43.22481391130617,1.018665283389103,False
chn-chn-2121,CHN-2121,CHN,1,41.44361111111111,1.0,1.0,8.714069588977658,1.033204864503199,False
chn-chn-2127,CHN-2127,CHN,1,168.0186111111111,1.0,1.0,84.99840759888842,2.8129049962481463,False
chn-chn-2129,CHN-2129,CHN,1,83.66111111111111,1.0,1.0,37.802751538363616,1.009436987221942,False
chn-chn-2139,CHN-2139,CHN,1,23.23333333333333,1.0,0.0,465.08153330391326,1.1530549722656696,False
chn-chn-2148,CHN-2148,CHN,1,17.20842222222222,1.0,0.0,517.6923405712388,1.0449211219477166,False
chn-chn-2156,CHN-2156,CHN,1,3.4266666666666667,1.0,0.0,424.98198524367774,1.0384313205363713,False
chn-chn-2161,CHN-2161,CHN,1,59.26916666666666,1.0,1.0,8.33531148758282,1.0023457573429804,False
tha-naiharn,NAI HARN,THA,1,32.3675,0.0,0.0,524.7654736751487,2.246866630672587,False
tha-tha-22,THA-22,THA,1,65.88888888888889,1.0,0.0,348.1315962985803,1.4256870288695016,False
tha-tha-34,THA-34,THA,1,65.5886111111111,0.0,0.0,499.38012050718305,2.1674706624988045,False
tha-tha-74,,THA,1,55.547222222222224,0.0,0.0,913.8211815569352,50.0,False
pol-pol-2,,POL,1,7.538333333333333,0.0,0.0,263.1206473990715,1.4681076720407011,False
pol-sopot,SOPOT,POL,1,116.12805555555556,0.0,0.0,1482.7843017342977,1.0132187766309186,False
pri-palmasdelmar,,PRI,1,6.5408333333333335,1.0,1.0,2.7599419175344337,1.02450343497353,False
esp-arenysdemar,ARENYS DE MAR,ESP,1,0.0,0.0,0.0,3077.7475492091685,3.0361436956524264,False
esp-argineguin,ARGINEGUIN,ESP,1,56.50646944444445,1.0,1.0,53.86838003537854,1.0886668455300175,False
prk-prk-na,PRK-NA,PRK,1,2.308055555555556,1.0,1.0,70.2964757392353,1.0395138608886445,False
prk-taean,,PRK,1,145.73472222222222,1.0,1.0,22.884926027125918,4.280915424382039,False
esp-calanova,CALANOVA,ESP,1,0.0,0.0,0.0,1205.5177877239244,4.475778119139737,False
esp-elastillero,EL ASTILLERO,ESP,1,342.98833333333334,1.0,1.0,5.539882222653603,1.0283248256153539,False
esp-esp-113,ESP-113,ESP,1,69.14833333333333,0.0,0.0,1045.9704595817734,1.126576294822677,False
esp-esp-140,,ESP,1,6.584722222222222,0.0,0.0,150.567011244597,1.032207749870456,False
esp-esp-159,ESP-159,ESP,1,128.2613888888889,0.0,0.0,1752.976638071081,1.0985426180508269,False
esp-esp-199,ESP-199,ESP,1,36.13166666666667,0.0,0.0,566.777019358688,1.0133301649081512,False
esp-esp-243,ESP-243,ESP,1,54.19222222222222,0.0,0.0,498.6734583847107,1.2024513925729379,False
pol-hel,HEL,POL,1,92.76916666666666,1.0,1.0,0.6617717309799056,1.0000015986163855,False
tha-tha-78,,THA,1,387.9036111111111,1.0,1.0,49.470255513187155,1.845987471629153,False
ita-ita-229,ITA-229,ITA,1,86.86055555555555,0.0,0.0,369.1082833463299,1.0095340814324651,False
ita-ita-254,ITA-254,ITA,1,55.73555555555556,1.0,0.0,267.2659024158664,2.076575885392035,False
ita-ita-279,ITA-279,ITA,1,2.468611111111111,1.0,1.0,5.066066029583323,1.0060060952683996,False
ita-ita-283,ITA-283,ITA,1,181.43666666666667,1.0,0.0,415.473264571532,1.9079648035021526,False
ita-ita-298,ITA-298,ITA,1,29.95111111111111,1.0,0.0,201.64011708989497,1.6621008717333585,False
zaf-zaf-10,,ZAF,1,49.496944444444445,1.0,1.0,18.734585459651193,1.001629067832124,False
sau-sau-110,,SAU,1,21.27027777777778,0.0,0.0,3802.59828297191,1.2162515935970373,False
chn-xingzaidao,XINGZAIDAO,CHN,1,160.1225,1.0,0.0,191.14695448550208,9.431756456536993,False
svn-piran,PIRAN,SVN,1,6.258333333333334,0.0,1.0,0.0,1.0,False
swe-bastad,BASTAD,SWE,1,11.832222222222224,1.0,1.0,9.883500106553747,1.0248023426345512,False
chn-chn-427,CHN-427,CHN,1,15.622777777777776,1.0,0.0,471.97425569657184,1.1225945931699324,False
chn-chn-472,CHN-472,CHN,1,29.906666666666663,0.0,0.0,1384.9406033323498,1.351547172311246,False
chn-chn-488,CHN-488,CHN,1,25.44833333333333,1.0,0.0,774.2351258549463,3.6441968050937072,False
rus-buzan,,RUS,1,34.97055555555556,1.0,0.0,172.39893932962434,1.0652876076845976,False
chn-chn-501,CHN-501,CHN,1,5.513333333333334,1.0,0.0,610.8848689389396,1.0246182399462207,False
chn-chn-508,CHN-508,CHN,1,17.386944444444445,0.0,0.0,2736.4042132361333,7.544217238821561,False
cpv-portonovo,PORTO NOVO,CPV,1,34.45611111111111,1.0,0.0,155.81105580805124,1.101106807042433,False
cpv-tarrafal,TARRAFAL,CPV,1,100.45861111111113,0.0,0.0,851.9407087063921,1.1374458309024584,False
cub-cub-18,CUB-18,CUB,1,105.9563888888889,1.0,0.0,395.5180666988697,50.0,False
rus-rus-452,,RUS,1,117.55055555555556,1.0,1.0,0.3820247948922015,1.0,False
rus-rus-93,,RUS,1,59.04944444444445,1.0,0.0,155.82789597149855,1.7822428468766918,False
chn-chn-526,CHN-526,CHN,1,3.658888888888889,0.0,0.0,637.962250984205,1.0945424090570617,False
chn-chn-591,CHN-591,CHN,1,11.076666666666666,1.0,0.0,792.670193619844,1.0097092880806287,False
chn-chn-594,CHN-594,CHN,1,22.68583333333333,1.0,0.0,1008.3151409916211,3.491088656279979,False
chn-chn-605,CHN-605,CHN,1,117.80388888888888,0.0,0.0,129.54802834892777,1.102529071897583,False
chn-chn-665,CHN-665,CHN,1,28.05555555555556,1.0,0.0,969.0902945778463,3.6146773755283372,False
chn-chn-678,CHN-678,CHN,1,363.79527777777776,1.0,0.0,583.1395907783091,1.0250256921053829,False
chn-chn-494,CHN-494,CHN,1,41.547222222222224,1.0,0.0,472.8477547924325,1.0034216589212943,False
ita-portonogaro,PORTO NOGARO,ITA,1,140.0361111111111,1.0,1.0,19.361764844865576,1.6854511408601767,False
ita-ita-344,ITA-344,ITA,1,48.88805555555555,0.0,0.0,569.3180547142676,1.064282960519035,False
ita-ita-367,ITA-367,ITA,1,33.045833333333334,0.0,0.0,883.5703531474837,1.83319581978985,False
are-saadiyat,SAADIYAT,ARE,1,4.316944444444444,1.0,0.0,127.04977381198373,7.123462337124782,False
are-salmanfield,SALMAN FIELD,ARE,1,41.52,0.0,0.0,3674.328307666502,3.9481471624106472,False
are-ummlulufield,UMM LULU FIELD,ARE,1,25.23638888888889,0.0,0.0,3230.933578328797,2.8279582274377484,False
are-almarmarisland,AL MARMAR ISLAND,ARE,1,30.51833333333333,1.0,1.0,8.434879397399929,1.0065989328944882,False
are-alraafah,AL RAAFAH,ARE,1,132.00305555555556,1.0,1.0,26.853158534949483,1.332670455535717,False
are-are-185,ARE-185,ARE,1,0.0836111111111111,0.0,0.0,429.4721655800856,19.472826694585855,False
are-are-186,ARE-186,ARE,1,0.7190388888888889,1.0,1.0,0.0,1.0,False
are-are-188,ARE-188,ARE,1,9.722441666666668,1.0,1.0,0.0,1.0,False
are-are-85,ARE-85,ARE,1,46.27333333333333,0.0,0.0,3276.96918916857,2.9753405944188724,False
are-are-97,ARE-97,ARE,1,23.61861111111111,1.0,1.0,72.60453895552266,4.071937691788503,False
ita-ita-200,ITA-200,ITA,1,132.37972222222223,1.0,1.0,18.03642563836791,1.056258427769863,False
chn-ninghai,NINGHAI,CHN,1,164.92638888888888,1.0,0.0,595.3835876914673,34.4655409502855,False
atg-crabbs,CRABBS,ATG,1,168.84277777777777,0.0,0.0,7608.549650959299,4.4288350454946865,False
arg-delguazu,,ARG,1,22.57333333333333,1.0,1.0,3.527080248000507,1.0002949111374129,False
arg-puntacolorada,,ARG,1,67.08472222222223,0.0,0.0,4477.13445732822,1.1748897306386796,False
ita-portoferraio,PORTO FERRAIO,ITA,1,50.369166666666665,1.0,1.0,11.969224684935536,2.393844936987107,False
ita-cefalu,CEFALU,ITA,1,15.973055555555556,1.0,1.0,78.19601967078557,1.0,False
ita-chioggia,CHIOGGIA,ITA,1,99.67611111111113,1.0,1.0,57.38448613515962,1.0404534759027722,False
ita-falconara,FALCONARA,ITA,1,26.64472222222222,0.0,0.0,1153.5935564586598,1.0707295589965344,False
ita-fortedeimarmi,FORTE DEI MARMI,ITA,1,108.91277777777778,1.0,0.0,492.8249551564144,1.3755906586948665,False
isl-patreksfjordur,,ISL,1,69.82138888888889,0.0,0.0,794.1089302218468,12.003556432779694,False
isl-raufarhofn,RAUFARHOFN,ISL,1,19.74111111111111,1.0,1.0,42.11784945699837,1.0337250324082827,False
isl-sudavik,SUDAVIK,ISL,1,0.8175,1.0,1.0,83.40357243661953,1.7967771910446366,False
jpn-chofu,CHOFU,JPN,1,61.771388888888886,0.0,0.0,2469.9964233437427,1.0091440746732347,False
ita-ita-188,,ITA,1,84.80916666666667,1.0,0.0,225.40813821004485,5.90492129589767,False
jpn-beppu,BEPPU,JPN,1,97.17805555555556,1.0,1.0,53.42434827528608,1.7179730864644898,False
swe-swe-178,,SWE,1,48.41611111111112,0.0,0.0,544.5039621812897,1.0106485760971708,False
chn-chn-2424,CHN-2424,CHN,1,54.107347222222224,1.0,0.0,446.7921344870685,1.0059314165590514,False
chn-chn-2452,CHN-2452,CHN,1,25.704444444444444,1.0,0.0,211.95714777448927,15.072376463925087,False
rus-naberezhnyechelny,,RUS,1,1.9308333333333332,1.0,1.0,3.002514523682946,1.0012203432596907,False
rus-nakhodkaanchorage,NAKHODKA ANCHORAGE,RUS,1,199.3830555555556,1.0,1.0,82.61698589963984,1.0279217333367945,True
rus-nizhnekamsk,,RUS,1,8.699166666666667,1.0,1.0,11.456288978023842,1.017057548597398,False
rus-nizhnekamskanchorage,,RUS,1,25.62333333333333,1.0,1.0,22.019905350503965,1.0365517823657735,False
rus-nizhnynovgorod,,RUS,1,17.11111111111111,1.0,0.0,163.87853014102953,1.0016076048489126,False
deu-deu-451,DEU-451,DEU,1,6.6325,1.0,1.0,0.0,1.0,False
deu-deu-489,DEU-489,DEU,1,34.73694444444445,1.0,1.0,10.833922157552745,1.023215644851919,False
deu-deu-538,DEU-538,DEU,1,38.64277777777778,0.0,0.0,450.6811327922623,5.134098046188168,False
chn-chn-248,CHN-248,CHN,1,2.8002777777777776,1.0,0.0,367.9837640793264,1.8912790162022262,False
chn-chn-249,CHN-249,CHN,1,4.528888888888889,1.0,0.0,610.668156319351,1.107315626180585,False
chn-chn-696,CHN-696,CHN,1,17.52166666666667,1.0,1.0,66.41645952472408,5.414452997298512,False
chn-chn-295,CHN-295,CHN,1,27.169166666666666,1.0,0.0,413.8033239772786,1.1056798741290992,False
chn-chn-300,CHN-300,CHN,1,87.49027777777778,1.0,0.0,813.3029497035391,1.3580708137027442,False
chn-chn-34,CHN-34,CHN,1,76.93,1.0,1.0,85.64623056626824,1.1136593370673098,False
chn-chn-342,CHN-342,CHN,1,27.309166666666663,1.0,0.0,583.8623090212717,1.0628887292993527,False
chn-chn-375,CHN-375,CHN,1,24.717222222222222,1.0,0.0,593.5523940611398,1.0730525783233096,False
chn-chn-394,CHN-394,CHN,1,68.12805555555556,1.0,0.0,492.3324739326664,28.521062857204402,False
chn-chn-414,CHN-414,CHN,1,9.551666666666666,1.0,0.0,492.1657855414899,1.1476519207460838,False
swe-swe-236,,SWE,1,13.688888888888888,1.0,1.0,69.46199721831394,1.180637836359757,False
swe-swe-301,,SWE,1,11.533333333333331,0.0,0.0,563.0176019423966,1.0119944758016068,False
swe-swe-303,,SWE,1,21.75,1.0,1.0,24.980933986105963,1.1003938827296909,False
swe-swe-325,SWE-325,SWE,1,149.04722222222222,0.0,0.0,1406.3844563160856,1.8710175101678572,False
swe-swe-346,SWE-346,SWE,1,15.9525,1.0,1.0,43.16689643104444,1.000524131694686,False
swe-swe-379,,SWE,1,42.87055555555556,0.0,0.0,309.30684695045005,1.0002153504355167,False
chn-chn-265,CHN-265,CHN,1,17.998333333333335,1.0,0.0,639.8702436193123,1.0147830057980671,False
chn-chn-735,CHN-735,CHN,1,37.45611111111111,1.0,0.0,398.5665268790343,1.0866743186885637,False
chn-chn-812,CHN-812,CHN,1,108.02055555555556,1.0,1.0,49.48595976069589,1.1762007665676206,False
chn-chn-822,CHN-822,CHN,1,41.75972222222222,1.0,0.0,720.5161679222902,1.512484413977415,False
chn-chn-827,CHN-827,CHN,1,30.20111111111111,1.0,0.0,258.9334285749146,1.0043584259369591,False
chn-chn-861,CHN-861,CHN,1,29.918333333333333,0.0,0.0,1209.802896581205,1.5791501098525702,False
chn-chn-867,CHN-867,CHN,1,36.21305555555556,1.0,0.0,236.55713239534077,8.98467320567616,False
chn-chn-897,CHN-897,CHN,1,183.98,1.0,0.0,747.0898458593363,5.515391067356886,False
chn-chn-9,CHN-9,CHN,1,8.81638888888889,1.0,0.0,281.883470353609,1.1422487539104689,False
swe-kivik,,SWE,1,14.709166666666668,0.0,0.0,404.4743191120415,3.2383180627747654,False
swe-landskrona,LANDSKRONA,SWE,1,0.0,0.0,0.0,5361.565945567405,5.584318329762566,False
swe-moerbylaanga,MOERBYLAANGA,SWE,1,14.906666666666666,0.0,0.0,196.59315183662457,1.5349963735019903,False
swe-nogersund,NOGERSUND,SWE,1,20.246388888888887,0.0,0.0,134.1185105721216,2.065739228588319,False
cyp-ayianapa,AYIA NAPA,CYP,1,6.401388888888889,1.0,1.0,16.192468914605243,1.101544904741031,False
swe-swe-16,,SWE,1,56.59916666666667,1.0,1.0,9.632145482494597,1.0006419832831148,False
cyp-latsi,LATSI,CYP,1,135.41305555555556,0.0,0.0,307.6504135578873,1.004936783547219,False
cyp-paphos,PAPHOS,CYP,1,16.817222222222224,0.0,0.0,428.9523202070965,1.001132678345479,False
deu-deu-171,DEU-171,DEU,1,3.0971,0.0,0.0,237.26172565143332,1.0688419276468062,False
deu-deu-177,DEU-177,DEU,1,346.3438888888889,0.0,0.0,1036.8566512767181,1.4978344803381958,False
deu-deu-335,DEU-335,DEU,1,1.261111111111111,1.0,1.0,21.235067679642142,1.0049866742953604,False
rus-rus-337,RUS-337,RUS,1,129.4752777777778,0.0,0.0,595.3073501684014,1.0223000135194522,False
deu-deu-583,DEU-583,DEU,1,2.221111111111111,1.0,1.0,4.439568339978586,1.0,False
deu-deu-657,DEU-657,DEU,1,10.485833333333334,0.0,0.0,4012.902881182165,26.61282252981367,False
deu-elsfleth,ELSFLETH,DEU,1,44.26722222222222,0.0,0.0,196.68307173001358,1.1056150899229396,False
rus-rus-149,,RUS,1,4.4475,1.0,0.0,423.49998097612973,1.565934838247415,False
rus-rus-153,,RUS,1,29.31861111111111,1.0,1.0,22.019905350503965,1.0101535416382925,False
rus-rus-155,,RUS,1,26.787222222222223,1.0,1.0,22.019905350503965,1.052825606121083,False
swe-stenungsund,STENUNGSUND,SWE,1,43.51361111111111,0.0,0.0,470.671885497429,50.0,False
swe-swe-101,SWE-101,SWE,1,64.72694444444444,0.0,0.0,389.4143388277893,1.02362567344268,False
cyp-kyrenia,KYRENIA,CYP,1,15.381666666666666,0.0,0.0,395.98888031186647,1.3372669849372834,False
nor-nor-701,NOR-701,NOR,1,7.3975,1.0,1.0,90.30905466222869,1.0549574869551637,False
nor-nor-718,,NOR,1,7.860555555555556,1.0,1.0,80.28454353460255,1.0207135013392556,False
nor-nor-726,,NOR,1,15.421111111111111,0.0,0.0,341.61243452248226,1.0026199195053564,False
nor-nor-190,,NOR,1,3.555833333333333,1.0,1.0,39.89417687496738,1.0025495912778046,False
nor-nor-194,,NOR,1,4.441944444444444,0.0,0.0,795.2054643666164,1.4285344689531934,False
nor-nor-208,NOR-208,NOR,1,24.80583333333333,0.0,0.0,5321.476427976471,4.640484026308389,False
nor-nor-231,,NOR,1,9.923333333333334,0.0,0.0,444.99724875195136,1.0618292597390895,False
nor-nor-285,,NOR,1,18.74083333333333,1.0,1.0,0.0,1.0,False
nor-nor-332,,NOR,1,4.730555555555555,1.0,1.0,76.73452805719266,1.0090424042903872,False
nor-nor-351,,NOR,1,3.7911111111111113,1.0,1.0,9.70048690210978,1.0976909652703983,False
nor-nor-361,NOR-361,NOR,1,45.11138888888889,1.0,1.0,18.68530037006945,1.0539041560752407,False
nor-nor-367,,NOR,1,22.41638888888889,1.0,0.0,291.7204019738757,2.8007753624581055,False
nor-nor-387,NOR-387,NOR,1,63.76416666666667,0.0,0.0,970.1181382653972,1.0533047043033363,False
chn-chn-1781,CHN-1781,CHN,1,8.819722222222222,0.0,0.0,1132.1077724538534,1.1525394104262476,False
nor-nor-499,,NOR,1,13.413333333333334,1.0,0.0,266.76723316754,1.2329197884470233,False
nor-nor-537,,NOR,1,16.7,1.0,1.0,32.5561521710304,3.128451760495105,False
ukr-kherson,KHERSON,UKR,1,108.18694444444444,0.0,0.0,348.4730397547605,35.14833048457929,False
ukr-ukr-41,UKR-41,UKR,1,138.81666666666666,0.0,0.0,1569.2921886611693,50.0,False
gbr-heysham,HEYSHAM,GBR,1,8.754444444444445,0.0,0.0,795.9906894171799,1.0093791769362987,False
gbr-invergordon,INVERGORDON,GBR,1,103.16888888888889,0.0,0.0,1320.5293958165187,2.5441267429025554,False
gbr-ipswichanchorage,,GBR,1,249.3136111111111,0.0,0.0,1214.2212832752396,1.0088026827376817,False
gbr-islesofscilly,ISLES OF SCILLY,GBR,1,207.24444444444444,0.0,0.0,436.20532826205,4.113149711558879,False
gbr-kyleoflochalsh,KYLE OF LOCHALSH,GBR,1,31.599722222222223,1.0,0.0,214.68436828391089,1.8255019996562765,False
gbr-leith,LEITH,GBR,1,140.58333333333334,1.0,1.0,6.841710783861353,1.0001533303761607,False
gbr-london,LONDON,GBR,1,11.578611111111112,0.0,0.0,2559.068329898783,1.5403971157170495,False
gbr-longhope,LONGHOPE,GBR,1,210.6925,1.0,0.0,462.19787602970854,1.004877333200349,False
nor-nor-1014,NOR-1014,NOR,1,59.26555555555556,0.0,0.0,1082.603561143261,1.1048564128364313,False
nor-nor-402,,NOR,1,3.501388888888889,1.0,1.0,25.465522251478,1.0872382014440538,False
gbr-gbr-95,,GBR,1,274.5436111111111,0.0,0.0,634.7361297478026,1.0193487320590586,False
nor-nor-935,,NOR,1,5.0075,1.0,1.0,51.399367041432946,1.1715835057121573,False
nor-nor-969,,NOR,1,16.93166666666667,1.0,1.0,19.648166512120596,1.001284361496919,False
nor-nor-995,,NOR,1,13.176388888888887,0.0,0.0,1993.9601306028828,1.5268384530996648,False
nor-nor-na,,NOR,1,4.592222222222222,1.0,0.0,142.32411197555476,2.297973307722056,False
nor-nor-787,,NOR,1,8.905716666666667,1.0,0.0,435.53772872650853,1.0105482220582755,False
nor-nor-807,NOR-807,NOR,1,177.33694444444444,0.0,0.0,153.06749330848325,4.167227843748202,False
nor-nor-809,,NOR,1,7.086944444444445,1.0,1.0,79.87821035815801,1.007574274218108,False
nor-nor-838,,NOR,1,4.171944444444445,0.0,0.0,472.49737071097854,1.0138684636160855,False
nor-nor-858,,NOR,1,13.905555555555557,0.0,0.0,822.4695897050907,1.9820647975594097,False
nor-nor-887,,NOR,1,4.193333333333333,0.0,0.0,586.3071416830686,1.008203969015053,False
nor-nor-89,,NOR,1,63.49611111111111,0.0,0.0,495.266984115667,50.0,False
nor-nor-929,,NOR,1,6.385833333333333,0.0,0.0,525.9279079239016,1.2136417333479537,False
nor-nor-672,NOR-672,NOR,1,105.22,1.0,1.0,51.897863049571804,1.0400454305996174,False
gbr-gbr-492,,GBR,1,5.1994444444444445,1.0,0.0,305.28039637167643,1.1271703110874638,False
gbr-gbr-50,,GBR,1,16.5525,0.0,0.0,6286.327074594544,7.162870312799954,False
can-makkovik,MAKKOVIK,CAN,1,36.49527777777778,1.0,0.0,121.92902134662049,1.1920000055147673,False
can-can-397,CAN-397,CAN,1,66.60055555555556,1.0,1.0,8.81084403993683,1.0065154685004396,False
can-can-428,CAN-428,CAN,1,46.54444444444445,0.0,0.0,6414.885509732929,31.88853550994898,False
can-can-51,CAN-51,CAN,1,160.61694444444444,0.0,0.0,6898.505587133167,1.344684603488505,False
can-can-53,CAN-53,CAN,1,482.11694444444447,1.0,1.0,15.48126498939277,1.0015088565620403,False
twn-zhongyun,ZHONGYUN,TWN,1,3.5305555555555554,1.0,1.0,0.0,1.0,False
nor-nor-574,,NOR,1,0.5580555555555555,1.0,1.0,23.20083362797022,1.0023009153643891,False
nor-nor-582,,NOR,1,64.38083333333333,0.0,0.0,159.54002552053933,1.0009060828793734,False
nor-nor-588,,NOR,1,17.49,1.0,0.0,617.4389393493742,1.000399924072778,False
nor-nor-629,,NOR,1,61.95333333333333,0.0,0.0,495.266984115667,50.0,False
nor-nor-632,,NOR,1,8.928333333333333,1.0,1.0,11.93534964307334,1.006442640949795,False
nor-nor-651,,NOR,1,31.1975,0.0,0.0,1036.51534280781,2.207643247598611,False
gbr-gbr-484,,GBR,1,7.103611111111111,1.0,1.0,5.394553792680796,1.0135930481972701,False
nld-willemstad,WILLEMSTAD,NLD,1,3.864444444444445,0.0,0.0,5354.533658139656,10.5606159936574,False
nld-yerseke,YERSEKE,NLD,1,40.34333333333333,0.0,0.0,4958.145140920853,7.1001487955945155,False
nor-andenes,ANDENES,NOR,1,0.7525,1.0,1.0,34.048199210304176,1.105872296500733,False
nor-ballstad,,NOR,1,38.50305555555556,0.0,0.0,971.9686621286759,1.2530548849179777,False
nor-berlevag,BERLEVAG,NOR,1,55.734722222222224,1.0,1.0,18.037309897212644,1.0141401033586561,False
nld-sasvangent,SAS VAN GENT,NLD,1,107.96944444444443,0.0,0.0,489.97295850519436,1.0719484373027608,False
nld-scharendijke,SCHARENDIJKE,NLD,1,324.23305555555555,1.0,1.0,2.3007523117628783,1.0313767033573544,False
nld-schoonhoven,SCHOONHOVEN,NLD,1,26.52611111111111,0.0,0.0,1047.0438423054488,1.0722097674863302,False
nld-sliedrecht,SLIEDRECHT,NLD,1,41.05138888888889,0.0,0.0,7221.1181516758825,4.811188401253858,False
nld-sluiskil,SLUISKIL,NLD,1,1.6711111111111112,0.0,0.0,4868.4902760375035,4.3664831993177025,False
nld-stellendam,STELLENDAM,NLD,1,111.46388888888887,0.0,0.0,487.3354116427494,1.6546623168206438,False
gbr-sainthelier,SAINT HELIER,GBR,1,51.94805555555556,0.0,0.0,2995.503653851557,50.0,False
gbr-saintpeterport,SAINT PETER PORT,GBR,1,323.2472222222222,0.0,0.0,5839.428249666661,25.546177733407614,False
nor-kabelvaag,KABELVAAG,NOR,1,7.171666666666667,1.0,0.0,146.12710533297656,2.2929012557316413,False
bra-dtse/geguaoilterminal,DTSE / GEGUA OIL TERMINAL,BRA,1,52.31305555555556,1.0,0.0,318.50482859709183,1.0288202934907473,False
bra-fpsocapixaba,FPSO CAPIXABA,BRA,1,30.370555555555555,1.0,1.0,68.05977330638328,1.2976035826877914,False
bra-fpsovitoria,FPSO VITORIA,BRA,1,20.7525,1.0,0.0,406.81294080931906,1.6212867764869872,False
bra-manaus,MANAUS,BRA,1,51.89,1.0,0.0,697.5180800013561,7.445058612356444,False
bra-pecem,,BRA,1,413.74305555555554,1.0,1.0,0.0,1.0,False
nld-nld-180,,NLD,1,369.5052777777778,0.0,0.0,4169.721770872186,2.7957303487794647,False
nld-nld-218,,NLD,1,93.8775,0.0,0.0,4870.387607443988,50.0,False
nld-nld-229,NLD-229,NLD,1,87.5225,0.0,0.0,1138.157618099223,31.838473413882994,False
nld-nld-270,NLD-270,NLD,1,270.4219444444444,1.0,1.0,4.856556508673365,1.0047186334639857,False
nld-nld-310,,NLD,1,24.399444444444445,0.0,0.0,5724.531996617684,50.0,False
nld-nld-377,NLD-377,NLD,1,445.7088888888889,0.0,1.0,29.618966879329705,1.0022713859062555,False
nld-nld-442,NLD-442,NLD,1,285.7752777777778,1.0,1.0,6.709100762077485,1.341820152415497,False
nld-nld-481,,NLD,1,415.24,0.0,0.0,8574.056516657982,3.617921587694346,False
gbr-stives,ST IVES,GBR,1,24.501944444444444,0.0,0.0,436.5493157860862,1.1367677796232674,False
nor-kirkehamn,KIRKEHAMN,NOR,1,24.97888888888889,0.0,0.0,2875.9589448092074,1.0122803762037933,False
nor-knarrlagsund,,NOR,1,91.16194444444444,0.0,0.0,492.3656227686667,50.0,False
nor-kristoffervalen,,NOR,1,37.91444444444444,0.0,0.0,937.9904217878118,1.0073224144335562,False
nor-leirvikinhyllestad,,NOR,1,6.780277777777778,1.0,0.0,137.4988521019245,1.0131189489418995,False
nor-manger,MANGER,NOR,1,39.135,1.0,1.0,68.67564841438131,1.1883928978842697,False
can-can-33,CAN-33,CAN,1,10.681666666666668,1.0,0.0,2012.091760390252,1.0000516088723173,False
can-can-349,CAN-349,CAN,1,1.5719444444444444,0.0,0.0,635.3411575831042,1.270641548905739,False
gbr-newlyn,NEWLYN,GBR,1,59.26777777777778,0.0,0.0,210.8178540281512,1.130686879318241,False
gbr-pembroke,PEMBROKE,GBR,1,198.72944444444445,0.0,0.0,172.70861972175575,1.0896186709507802,False
gbr-plockton,PLOCKTON,GBR,1,55.20555555555556,1.0,0.0,118.96638993231181,1.0959449476299257,False
gbr-rothesay,ROTHESAY,GBR,1,26.647222222222226,1.0,1.0,7.125860971850257,1.0752005216581126,False
nor-hausvik,,NOR,1,10.052222222222222,1.0,0.0,359.4196751986477,1.0002453615455051,False
nor-hellvik,,NOR,1,29.54888888888889,0.0,0.0,585.3010954957948,1.3189584603613105,False
gbr-whitehills,WHITEHILLS,GBR,1,4.351944444444444,1.0,1.0,45.168704317655134,1.0408373391357297,False
nor-dusavik,DUSAVIK,NOR,1,43.28111111111111,1.0,0.0,127.77141721249326,1.6275616031319413,False
nor-finnoy,FINNOY,NOR,1,3.826666666666666,0.0,0.0,656.0936878225928,1.0192031558239891,False
nor-fosnavag,FOSNAVAG,NOR,1,3.971388888888889,1.0,0.0,289.3344590398572,1.0405489385078905,False
nor-fredrikstad,FREDRIKSTAD,NOR,1,63.4175,1.0,1.0,9.33642187215399,1.0023002729370245,False
nor-gudvangen,,NOR,1,14.73638888888889,1.0,1.0,56.32126716750958,11.264253433501917,False
usa-beaumont,BEAUMONT,USA,1,70.39916666666667,1.0,1.0,36.834104682634305,1.0069930201307458,False
brb-checkerhall,CHECKER HALL,BRB,1,174.75972222222222,0.0,0.0,951.8940879692602,1.010489839160631,False
can-bayroberts,BAY ROBERTS,CAN,1,104.04305555555555,0.0,0.0,2166.5946652246876,6.436066228990787,False
can-can-130,CAN-130,CAN,1,164.60237972222222,0.0,0.0,3887.1051685186562,1.0028635831305932,False
can-can-160,CAN-160,CAN,1,180.72694444444448,1.0,1.0,27.74239442358309,1.2919857576917293,False
can-can-191,CAN-191,CAN,1,52.295,1.0,1.0,64.00803497018724,1.72632504789563,False
gbr-swanage,,GBR,1,49.74444444444445,0.0,0.0,1495.5017228559348,1.2749092017642725,False
gbr-weymouth,WEYMOUTH,GBR,1,664.1117833333333,0.0,0.0,4930.7911439663485,1.2757286285224054,False
gbr-whitby,WHITBY,GBR,1,23.426944444444445,0.0,0.0,227.49455341987047,1.0048162302691277,False
nor-hindaravag,HINDARAVAG,NOR,1,31.966944444444444,0.0,0.0,326.14471963795097,5.415900202401676,False
fra-roquebrune-cap-martin,ROQUEBRUNE-CAP-MARTIN,FRA,1,258.2272222222222,0.0,0.0,4069.72306545468,1.0009958617709371,False
fra-fra-398,,FRA,1,82.11194444444445,0.0,0.0,536.3007238020224,1.0134173482200781,False
chn-chn-1243,CHN-1243,CHN,1,5.7205555555555545,1.0,0.0,167.07380326601086,1.0371079739653877,False
chn-chn-1251,CHN-1251,CHN,1,30.04388888888889,0.0,0.0,2077.398568784631,1.0029732650890637,False
chn-chn-1357,CHN-1357,CHN,1,11.503055555555555,1.0,0.0,137.79287212742284,27.355818647303977,False
chn-chn-1371,CHN-1371,CHN,1,9.864722222222222,0.0,0.0,2070.656488981218,1.0246906988056714,False
chn-chn-1449,CHN-1449,CHN,1,18.02638888888889,1.0,0.0,690.1422479512203,2.578104287687118,False
chn-chn-1454,CHN-1454,CHN,1,254.4833333333333,0.0,0.0,6731.381594511163,1.1727703494676365,False
chn-chn-1532,CHN-1532,CHN,1,20.06083333333333,1.0,1.0,28.01988487548184,1.0482475970644698,False
chn-chn-1582,CHN-1582,CHN,1,607.9108333333334,1.0,1.0,9.583094690084046,1.8646552366601852,False
tur-marmaris,MARMARIS,TUR,1,17.532222222222224,1.0,0.0,242.8857903398673,1.0800513494402748,False
tur-mudanya,MUDANYA,TUR,1,2.999722222222222,1.0,1.0,8.710949447534716,1.7624190811720721,False
tur-pendik,PENDIK,TUR,1,364.6661111111111,1.0,1.0,3.4484346026493924,1.000107359875399,False
gbr-gbr-95,GBR-95,GBR,1,11.951944444444443,0.0,0.0,102.44266569206279,1.063728174305175,False
gbr-dagenham,DAGENHAM,GBR,1,95.70472222222222,0.0,0.0,4923.856180446994,50.0,False
gbr-erith,ERITH,GBR,1,26.71527777777778,1.0,1.0,4.7890862009901065,1.0003974335363708,False
gbr-fraserburgh,FRASERBURGH,GBR,1,13.87861111111111,1.0,1.0,12.137157253023585,1.0485350301760772,False
gbr-gbr-128,,GBR,1,0.9530555555555555,1.0,1.0,4.84321488671426,1.0001840127193862,False
gbr-alderney,ALDERNEY,GBR,1,14.764722222222222,0.0,0.0,4209.558790548687,2.0416331392594533,False
omn-omn-20,OMN-20,OMN,1,11.323055555555555,0.0,0.0,3586.740746602889,1.0042866249400408,False
gbr-gbr-354,GBR-354,GBR,1,4.680555555555555,1.0,1.0,80.86659994079507,1.3138005377583108,False
gbr-gbr-418,,GBR,1,6.826908333333333,1.0,1.0,12.27179592125648,1.0002632640950335,False
nzl-halfmoonbay,HALF MOON BAY,NZL,1,194.2580555555556,0.0,0.0,8840.787492500662,42.83324340607138,False
nzl-nzl-112,,NZL,1,0.8405555555555555,1.0,1.0,13.4942082473334,2.666546612210896,False
nzl-nzl-121,,NZL,1,11.516111111111112,1.0,1.0,7.111944905740265,1.5945677674867127,False
nzl-nzl-48,,NZL,1,64.165,1.0,0.0,701.9030042616529,1.1784888462438685,False
gbr-brightlingsea,BRIGHTLINGSEA,GBR,1,397.8933333333333,0.0,0.0,748.0364494702867,1.0920559953341404,False
tur-silivri,SILIVRI,TUR,1,21.480555555555554,1.0,1.0,56.2115005245908,1.0020816356779272,False
chn-chn-1795,CHN-1795,CHN,1,200.91027777777776,1.0,0.0,751.1907124712178,1.1173912583936898,False
chn-chn-1813,CHN-1813,CHN,1,43.756388888888885,1.0,1.0,53.27591771571131,1.0682711798125961,False
chn-chn-1820,CHN-1820,CHN,1,23.13388888888889,1.0,1.0,7.336833815107097,1.014707013933406,False
chn-chn-186,CHN-186,CHN,1,17.569658333333333,1.0,0.0,214.87311147593834,1.8257895297815008,False
fin-mariehamn,MARIEHAMN,FIN,1,8.683333333333334,0.0,0.0,263.37334465880673,1.648711790982024,False
phl-phsubic,,PHL,1,126.31138888888889,0.0,0.0,1308.8826456928946,1.1082827298710822,False
phl-puertogalera,PUERTO GALERA,PHL,1,16.485,1.0,0.0,260.8144593396719,1.0026678839521592,False
fra-fecamp,FECAMP,FRA,1,69.13583333333334,0.0,0.0,197.15697821079505,3.3633242834445722,False
fra-fra-14,,FRA,1,35.17027777777778,0.0,0.0,585.8507890218027,1.1065804557655097,False
fra-fra-154,FRA-154,FRA,1,47.3975,0.0,0.0,675.8056850166608,2.351104554771665,False
fra-fra-311,FRA-311,FRA,1,12.963055555555556,0.0,0.0,340.1797619517954,1.0348633289629114,False
fin-reposaari,REPOSAARI,FIN,1,147.22555555555556,1.0,0.0,177.55909978004377,1.0008588503892688,False
fin-sapokkaguestmarina,SAPOKKA GUEST MARINA,FIN,1,5.5975,0.0,1.0,60.448457317216935,1.045495679225377,False
fra-portovecchio,PORTO VECCHIO,FRA,1,123.87472222222222,1.0,0.0,218.32300362550927,43.664600725101856,False
fra-bayonne,BAYONNE,FRA,1,235.9311111111111,0.0,0.0,4039.2167268372277,1.0018666913022232,False
fra-bethune,BETHUNE,FRA,1,70.88416666666667,0.0,0.0,4836.794678584796,50.0,False
phl-dapitan,,PHL,1,36.49111111111111,1.0,1.0,76.50135527456928,15.696906332350405,False
fra-fra-410,FRA-410,FRA,1,45.22166666666666,1.0,1.0,37.76768666118636,1.2494231584440862,False
fra-fra-428,,FRA,1,12.650555555555556,1.0,1.0,7.93153125588767,1.0026557620099636,False
fra-fra-78,,FRA,1,18.185277777777777,0.0,0.0,295.4294140167189,50.0,False
fra-lessablesd'olonne,LES SABLES D' OLONNE,FRA,1,139.73944444444444,0.0,0.0,463.0025773587849,1.0007991556303975,False
tur-fordotosan,FORD OTOSAN,TUR,1,74.99555555555555,0.0,0.0,745.7451473628389,50.0,False
tur-gumusluk,GUMUSLUK,TUR,1,24.552222222222223,1.0,0.0,198.3760638674484,1.0046867397729289,False
chn-chn-1190,CHN-1190,CHN,1,25.086944444444445,1.0,0.0,160.33659041652245,1.1364460014946034,False
chn-chn-1220,CHN-1220,CHN,1,90.34194444444444,1.0,0.0,147.46181731639953,1.0521950137315093,False
chn-chn-1221,CHN-1221,CHN,1,51.52392222222222,1.0,1.0,0.0,1.0,False
pan-lasminas,LAS MINAS,PAN,1,33.065,0.0,0.0,1319.7447810002325,1.0,False
fra-portjerome-sur-seine,PORT JEROME-SUR-SEINE,FRA,1,2.930555555555556,0.0,0.0,172.99136265888623,1.1011530836242365,False
fji-savusavu,SAVUSAVU,FJI,1,11.97861111111111,0.0,0.0,406.62069247807966,1.126962510463784,False
tur-tur-267,TUR-267,TUR,1,4.181388888888889,1.0,0.0,260.9874523500238,1.5026869915485563,False
tur-tur-27,TUR-27,TUR,1,27.01944444444445,1.0,1.0,2.398430834906414,1.0,False
tur-tur-37,TUR-37,TUR,1,14.613055555555556,1.0,1.0,12.767112212204731,1.1111560693857263,False
tur-tur-49,TUR-49,TUR,1,67.99179722222222,1.0,1.0,13.044208064111759,1.01762464168031,False
nor-risoyhamn,,NOR,1,5.416666666666667,1.0,1.0,28.24288083744604,1.708495251183559,False
nor-rognaldsvaag,,NOR,1,13.943888888888887,1.0,1.0,86.2189998507835,1.0012846177625163,False
nor-rowanstavanger,,NOR,1,4.383611111111111,0.0,0.0,330.6922561453209,1.0313946995129464,False
nor-sandshamn,,NOR,1,51.86833333333333,1.0,1.0,88.95751397862031,4.9196105748446035,False
nor-skaanevik,,NOR,1,8.061388888888889,1.0,1.0,26.97190878508438,1.0988852219632272,False
nor-skarstad,,NOR,1,98.31138888888889,0.0,0.0,913.0668848144463,44.17969011787561,False
nor-skogsvagen,SKOGSVAGEN,NOR,1,62.52333333333333,0.0,0.0,369.48150006624155,1.035765198566339,False
nor-skudeneshavn,SKUDENESHAVN,NOR,1,0.8791666666666667,1.0,0.0,249.04783962127584,1.003086186880001,False
nor-slemmestad,SLEMMESTAD,NOR,1,20.356944444444444,1.0,0.0,129.0324898638658,1.6499361786690314,False
gbr-chatham,CHATHAM,GBR,1,165.3375,0.0,0.0,126.6100203425888,1.436681401176979,False
nor-sovik,SOVIK,NOR,1,48.509166666666665,0.0,0.0,749.311154369957,1.136198286470089,False
nor-stavanger,,NOR,1,0.9572222222222222,0.0,0.0,4317.325970138703,6.269315980663994,False
tur-tur-73,TUR-73,TUR,1,1.4475,1.0,1.0,7.418785174803355,1.6594138527047693,False
tur-yalikavak,YALIKAVAK,TUR,1,12.155,0.0,0.0,618.3928651693784,1.1564330946440595,False
can-portmoody,PORT MOODY,CAN,1,198.77666666666667,0.0,0.0,6936.157975911686,1.523785364326238,False
twn-bdeep461,B DEEP 461,TWN,1,15.005833333333332,1.0,1.0,55.82060986801201,1.0,False
twn-jinning,JINNING,TWN,1,24.085833333333333,0.0,0.0,656.718625642175,4.081745016049473,False
twn-twn-17,TWN-17,TWN,1,24.5375,1.0,1.0,1.246540943512991,1.0195793008847844,False
twn-twn-26,,TWN,1,15.81611111111111,1.0,1.0,85.45360442860797,1.3255939199818765,False
twn-twn-29,TWN-29,TWN,1,14.22888888888889,0.0,0.0,876.8665736146844,1.0043985552528978,False
gbr-gbr-544,GBR-544,GBR,1,5.993888888888889,0.0,0.0,349.64237981988794,1.098312846424579,False
gbr-gbr-579,,GBR,1,148.83944444444444,0.0,0.0,5677.247658007308,50.0,False
gbr-gbr-59,GBR-59,GBR,1,65.39861111111111,0.0,0.0,601.9079091225184,1.1601599767153579,False
nor-slovaag,,NOR,1,17.36777777777778,0.0,0.0,7134.903638798508,8.297002579451553,False
gbr-coverack,COVERACK,GBR,1,9.545555555555556,0.0,0.0,158.0367943854995,1.0,False
tur-tur-108,TUR-108,TUR,1,122.84611111111111,1.0,1.0,2.374631923624495,1.0000104765206757,False
chn-bohe,BOHE,CHN,1,35.36833333333333,1.0,1.0,1.7866106737086243,1.0000090944580127,False
chn-changhai,CHANGHAI,CHN,1,318.6438888888889,1.0,0.0,191.36155122654245,1.089148603840763,False
chn-chizhou,CHIZHOU,CHN,1,12.581944444444444,0.0,0.0,1914.8217013492495,1.040606040128907,False
chn-chn-102,CHN-102,CHN,1,47.940125,1.0,0.0,260.29635201542885,1.0274188014705785,False
chn-chn-1127,CHN-1127,CHN,1,21.194166666666668,0.0,0.0,446.9755948967153,1.0014876423366499,False
chl-corral,CORRAL,CHL,1,601.6688888888889,0.0,0.0,9332.153637933492,50.0,False
chl-mariaolvio,MARIA OLVIO,CHL,1,7.1425,1.0,1.0,1.8796655618563312,1.0035687032721978,False
chl-pargua,,CHL,1,0.1722222222222222,0.0,0.0,1172.1463922596474,1.8867337118769092,False
tur-tur-109,TUR-109,TUR,1,20.636388888888888,0.0,0.0,451.3497911919191,1.026290699369847,False
tur-tur-111,TUR-111,TUR,1,150.4963888888889,0.0,0.0,1226.6444494208397,1.0281518878185583,False
tur-tur-128,,TUR,1,11.200277777777778,1.0,0.0,256.4185740812352,1.0448452316183274,False
tur-tur-254,TUR-254,TUR,1,34.658611111111114,0.0,0.0,1301.466912330462,50.0,False
nor-vardo,VARDO,NOR,1,37.51222222222222,0.0,0.0,1007.7092758349563,1.262107100648039,False
gbr-gbr-211,,GBR,1,28.416666666666668,1.0,0.0,378.4308683323169,5.461743282481091,False
gbr-gbr-221,,GBR,1,572.0758333333333,0.0,0.0,102.04630775050194,1.0904247458746932,False
gbr-gbr-233,GBR-233,GBR,1,23.817222222222224,0.0,1.0,1.1970955993814065,1.0030299013744939,False
gbr-gbr-246,GBR-246,GBR,1,18.739444444444445,0.0,1.0,92.29638919646419,18.459277839292838,False
gbr-gbr-283,,GBR,1,31.669722222222223,0.0,0.0,289.89282276897933,1.1479273209333196,False
gbr-gbr-287,,GBR,1,126.24277777777776,1.0,1.0,5.830641076981613,1.1433737348702786,False
gbr-gbr-291,GBR-291,GBR,1,598.5155555555556,1.0,1.0,5.153715255116258,1.005286658312329,False
tur-tur-140,,TUR,1,54.26472222222223,0.0,0.0,316.3572407811444,2.015191867811323,False
tur-tur-174,TUR-174,TUR,1,5.85,1.0,0.0,203.7551718953293,1.2194347274590045,False
tur-tur-177,,TUR,1,2.293055555555556,0.0,1.0,92.42540895185003,1.0220900617078592,False
tur-tur-237,TUR-237,TUR,1,1.4094444444444445,0.0,0.0,331.21568106732565,1.0048825235057275,False
chl-chl-55,CHL-55,CHL,1,151.9011111111111,1.0,0.0,291.0960642963315,50.0,False
tur-tur-251,TUR-251,TUR,1,2.5169444444444444,1.0,1.0,12.932280124119737,1.0014203765853789,False
nor-tonsberg,TONSBERG,NOR,1,26.66861111111111,0.0,0.0,217.55281157623418,2.13904469109016,False
